run_id,week,signal_tf,config,entry_time,dir,entry,sl_initial,tp1,tp2,tp3,exit_time,exit_reason,lots,pnl,spread_cost,tp1_hit,tp2_hit
2026-07-06_to_2026-07-12__H1__v1.11_baseline,2026-07-06_to_2026-07-12,H1,v1.11_baseline,2026-07-06 02:00:00,SELL,4173.984,4155.5225008421385,4156.253176636262,4138.522353272523,4120.7915299087845,2026-07-06 16:54:00,sl,0.01,18.22149915786191,0.24,False,False
2026-07-06_to_2026-07-12__H1__v1.11_baseline,2026-07-06_to_2026-07-12,H1,v1.11_baseline,2026-07-06 17:00:00,BUY,4161.091,4147.444288818197,4177.350430721618,4193.609861443236,4209.8692921648535,2026-07-07 00:59:00,sl,0.01,-13.886711181803769,0.24,False,False
2026-07-06_to_2026-07-12__H1__v1.11_baseline,2026-07-06_to_2026-07-12,H1,v1.11_baseline,2026-07-07 02:00:00,SELL,4136.631,4140.005318525315,4122.248623870896,4107.866247741792,4093.483871612688,2026-07-07 11:18:00,sl,0.01,-3.614318525314266,0.24,False,False
2026-07-06_to_2026-07-12__H1__v1.11_baseline,2026-07-06_to_2026-07-12,H1,v1.11_baseline,2026-07-07 12:00:00,BUY,4172.052,4156.88784067987,4187.216159320129,4202.380318640258,4217.544477960388,2026-07-07 12:01:00,sl,0.01,-15.404159320129333,0.24,False,False
2026-07-06_to_2026-07-12__H1__v1.11_baseline,2026-07-06_to_2026-07-12,H1,v1.11_baseline,2026-07-07 13:00:00,SELL,4158.669,4174.505790797262,4142.832209202737,4126.995418405474,4111.158627608212,2026-07-07 13:36:00,sl,0.01,-16.076790797262436,0.24,False,False
2026-07-06_to_2026-07-12__H1__v1.11_baseline,2026-07-06_to_2026-07-12,H1,v1.11_baseline,2026-07-07 15:00:00,SELL,4138.925,4155.341487983354,4122.508512016646,4106.092024033292,4089.675536049938,2026-07-07 15:08:00,sl,0.01,-16.65648798335427,0.24,False,False
2026-07-06_to_2026-07-12__H1__v1.11_baseline,2026-07-06_to_2026-07-12,H1,v1.11_baseline,2026-07-07 16:00:00,BUY,4144.948,4128.961618301171,4160.934381698829,4176.920763397658,4192.907145096487,2026-07-07 18:51:00,sl,0.01,-16.226381698829062,0.24,False,False
2026-07-06_to_2026-07-12__H1__v1.12_fixed,2026-07-06_to_2026-07-12,H1,v1.12_fixed,2026-07-06 02:00:00,SELL,4173.984,4156.253176636262,4156.253176636262,4138.522353272523,4120.7915299087845,2026-07-06 05:04:00,sl,0.01,17.490823363738638,0.24,True,False
2026-07-06_to_2026-07-12__H1__v1.12_fixed,2026-07-06_to_2026-07-12,H1,v1.12_fixed,2026-07-06 07:00:00,BUY,4164.518,4147.597525785029,4181.438474214971,4198.358948429942,4215.279422644913,2026-07-06 07:11:00,sl,0.01,-17.160474214971362,0.24,False,False
2026-07-06_to_2026-07-12__H1__v1.12_fixed,2026-07-06_to_2026-07-12,H1,v1.12_fixed,2026-07-06 08:00:00,SELL,4150.503,4133.419631086098,4133.419631086098,4116.336262172196,4099.252893258295,2026-07-06 12:43:00,sl,0.01,16.843368913901724,0.24,True,False
2026-07-06_to_2026-07-12__H1__v1.12_fixed,2026-07-06_to_2026-07-12,H1,v1.12_fixed,2026-07-06 15:00:00,BUY,4148.188,4164.872333854657,4164.872333854657,4181.556667709315,4198.241001563972,2026-07-06 18:39:00,sl,0.01,16.444333854656872,0.24,True,False
2026-07-06_to_2026-07-12__H1__v1.12_fixed,2026-07-06_to_2026-07-12,H1,v1.12_fixed,2026-07-06 23:00:00,SELL,4157.372,4143.865416887455,4143.865416887455,4130.35883377491,4116.852250662364,2026-07-07 01:01:00,sl,0.01,13.266583112545742,0.24,True,False
2026-07-06_to_2026-07-12__H1__v1.12_fixed,2026-07-06_to_2026-07-12,H1,v1.12_fixed,2026-07-07 02:00:00,SELL,4136.631,4122.248623870896,4122.248623870896,4107.866247741792,4093.483871612688,2026-07-07 05:15:00,sl,0.01,14.14237612910416,0.24,True,False
2026-07-06_to_2026-07-12__H1__v1.12_fixed,2026-07-06_to_2026-07-12,H1,v1.12_fixed,2026-07-07 06:00:00,BUY,4130.268,4144.628363849004,4144.628363849004,4158.988727698009,4173.349091547013,2026-07-07 11:26:00,sl,0.01,14.120363849003988,0.24,True,False
2026-07-06_to_2026-07-12__H1__v1.12_fixed,2026-07-06_to_2026-07-12,H1,v1.12_fixed,2026-07-07 12:00:00,BUY,4172.052,4156.88784067987,4187.216159320129,4202.380318640258,4217.544477960388,2026-07-07 12:01:00,sl,0.01,-15.404159320129333,0.24,False,False
2026-07-06_to_2026-07-12__H1__v1.12_fixed,2026-07-06_to_2026-07-12,H1,v1.12_fixed,2026-07-07 13:00:00,SELL,4158.669,4174.505790797262,4142.832209202737,4126.995418405474,4111.158627608212,2026-07-07 13:36:00,sl,0.01,-16.076790797262436,0.24,False,False
2026-07-06_to_2026-07-12__H1__v1.12_fixed,2026-07-06_to_2026-07-12,H1,v1.12_fixed,2026-07-07 15:00:00,SELL,4138.925,4155.341487983354,4122.508512016646,4106.092024033292,4089.675536049938,2026-07-07 15:08:00,sl,0.01,-16.65648798335427,0.24,False,False
2026-07-06_to_2026-07-12__H1__v1.12_fixed,2026-07-06_to_2026-07-12,H1,v1.12_fixed,2026-07-07 16:00:00,BUY,4144.948,4128.961618301171,4160.934381698829,4176.920763397658,4192.907145096487,2026-07-07 18:51:00,sl,0.01,-16.226381698829062,0.24,False,False
2026-07-06_to_2026-07-12__H1__v1.12_fixed,2026-07-06_to_2026-07-12,H1,v1.12_fixed,2026-07-07 20:00:00,SELL,4106.62,4120.2459321574615,4089.763202553617,4072.9064051072337,4056.0496076608506,2026-07-08 00:39:00,sl,0.01,-13.865932157461648,0.24,False,False
2026-07-06_to_2026-07-12__H1__v1.12_fixed,2026-07-06_to_2026-07-12,H1,v1.12_fixed,2026-07-08 03:00:00,BUY,4123.514,4107.854466153911,4141.092446287312,4158.670892574623,4176.249338861935,2026-07-08 08:16:00,sl,0.01,-15.899533846089287,0.24,False,False
2026-07-06_to_2026-07-12__H1__v1.12_fixed,2026-07-06_to_2026-07-12,H1,v1.12_fixed,2026-07-08 09:00:00,SELL,4043.377,4063.1970864080618,4023.556913591938,4003.736827183877,3983.916740775814,2026-07-08 11:44:00,sl,0.01,-20.0600864080618,0.24,False,False
2026-07-06_to_2026-07-12__H1__v1.12_fixed,2026-07-06_to_2026-07-12,H1,v1.12_fixed,2026-07-08 14:00:00,SELL,4040.898,4062.961654531424,4018.834345468576,3996.770690937152,3974.707036405729,2026-07-08 14:01:00,sl,0.01,-22.303654531423707,0.24,False,False
2026-07-06_to_2026-07-12__M15__v1.11_baseline,2026-07-06_to_2026-07-12,M15,v1.11_baseline,2026-07-06 00:00:00,SELL,4175.017,4183.800836048322,4166.233163951678,4157.449327903355,4148.665491855033,2026-07-06 00:38:00,sl,0.01,-9.023836048321972,0.24,False,False
2026-07-06_to_2026-07-12__M15__v1.11_baseline,2026-07-06_to_2026-07-12,M15,v1.11_baseline,2026-07-06 00:45:00,SELL,4179.441,4189.0714146494765,4169.810585350523,4160.180170701046,4150.54975605157,2026-07-06 01:03:00,sl,0.01,-9.870414649476734,0.24,False,False
2026-07-06_to_2026-07-12__M15__v1.11_baseline,2026-07-06_to_2026-07-12,M15,v1.11_baseline,2026-07-06 01:30:00,BUY,4198.055,4187.300786448652,4208.809213551349,4219.5634271026975,4230.317640654046,2026-07-06 01:58:00,sl,0.01,-10.994213551348585,0.24,False,False
2026-07-06_to_2026-07-12__M15__v1.11_baseline,2026-07-06_to_2026-07-12,M15,v1.11_baseline,2026-07-06 02:00:00,SELL,4180.975,4159.516936693364,4169.7309944378685,4158.486988875736,4147.242983313604,2026-07-06 06:37:00,sl,0.01,21.21806330663618,0.24,False,False
2026-07-06_to_2026-07-12__M15__v1.11_baseline,2026-07-06_to_2026-07-12,M15,v1.11_baseline,2026-07-06 06:45:00,SELL,4150.388,4158.834946165043,4141.941053834957,4133.494107669912,4125.047161504869,2026-07-06 07:40:00,sl,0.01,-8.6869461650433,0.24,False,False
2026-07-06_to_2026-07-12__M15__v1.11_baseline,2026-07-06_to_2026-07-12,M15,v1.11_baseline,2026-07-06 07:45:00,BUY,4164.518,4156.314325061958,4172.721674938042,4180.925349876084,4189.129024814126,2026-07-06 08:15:00,sl,0.01,-8.443674938042241,0.24,False,False
2026-07-06_to_2026-07-12__M15__v1.11_baseline,2026-07-06_to_2026-07-12,M15,v1.11_baseline,2026-07-06 08:30:00,SELL,4149.179,4149.083430777681,4141.171989490205,4133.16497898041,4125.157968470615,2026-07-06 10:17:00,sl,0.01,-0.1444307776812274,0.24,False,False
2026-07-06_to_2026-07-12__M15__v1.11_baseline,2026-07-06_to_2026-07-12,M15,v1.11_baseline,2026-07-06 10:30:00,BUY,4154.2,4149.054461562489,4161.335790008353,4168.471580016706,4175.607370025059,2026-07-06 12:21:00,sl,0.01,-5.385538437510368,0.24,False,False
2026-07-06_to_2026-07-12__M15__v1.11_baseline,2026-07-06_to_2026-07-12,M15,v1.11_baseline,2026-07-06 12:30:00,SELL,4133.459,4140.881246242362,4126.036753757638,4118.614507515275,4111.192261272912,2026-07-06 12:31:00,sl,0.01,-7.662246242362235,0.24,False,False
2026-07-06_to_2026-07-12__M15__v1.11_baseline,2026-07-06_to_2026-07-12,M15,v1.11_baseline,2026-07-06 12:45:00,BUY,4139.467,4137.367489069862,4147.052585796479,4154.638171592958,4162.223757389438,2026-07-06 13:58:00,sl,0.01,-2.3395109301375125,0.24,False,False
2026-07-06_to_2026-07-12__M15__v1.11_baseline,2026-07-06_to_2026-07-12,M15,v1.11_baseline,2026-07-06 14:30:00,SELL,4130.275,4139.3959290170005,4121.154070982999,4112.033141965998,4102.912212948997,2026-07-06 14:33:00,sl,0.01,-9.36092901700089,0.24,False,False
2026-07-06_to_2026-07-12__M15__v1.11_baseline,2026-07-06_to_2026-07-12,M15,v1.11_baseline,2026-07-07 19:00:00,SELL,4105.955,4115.343436877385,4096.566563122615,4087.17812624523,4077.789689367845,2026-07-07 19:01:00,sl,0.01,-9.628436877385177,0.24,False,False
2026-07-06_to_2026-07-12__M15__v1.12_fixed,2026-07-06_to_2026-07-12,M15,v1.12_fixed,2026-07-06 00:00:00,SELL,4175.017,4183.800836048322,4166.233163951678,4157.449327903355,4148.665491855033,2026-07-06 00:38:00,sl,0.01,-9.023836048321972,0.24,False,False
2026-07-06_to_2026-07-12__M15__v1.12_fixed,2026-07-06_to_2026-07-12,M15,v1.12_fixed,2026-07-06 00:45:00,SELL,4179.441,4189.0714146494765,4169.810585350523,4160.180170701046,4150.54975605157,2026-07-06 01:03:00,sl,0.01,-9.870414649476734,0.24,False,False
2026-07-06_to_2026-07-12__M15__v1.12_fixed,2026-07-06_to_2026-07-12,M15,v1.12_fixed,2026-07-06 01:30:00,BUY,4198.055,4187.300786448652,4208.809213551349,4219.5634271026975,4230.317640654046,2026-07-06 01:58:00,sl,0.01,-10.994213551348585,0.24,False,False
2026-07-06_to_2026-07-12__M15__v1.12_fixed,2026-07-06_to_2026-07-12,M15,v1.12_fixed,2026-07-06 02:00:00,SELL,4180.975,4169.7309944378685,4169.7309944378685,4158.486988875736,4147.242983313604,2026-07-06 02:37:00,sl,0.01,11.00400556213186,0.24,True,False
2026-07-06_to_2026-07-12__M15__v1.12_fixed,2026-07-06_to_2026-07-12,M15,v1.12_fixed,2026-07-06 02:45:00,BUY,4173.984,4163.1976329373165,4184.770367062684,4195.556734125368,4206.343101188052,2026-07-06 03:22:00,sl,0.01,-11.026367062683894,0.24,False,False
2026-07-06_to_2026-07-12__M15__v1.12_fixed,2026-07-06_to_2026-07-12,M15,v1.12_fixed,2026-07-06 03:30:00,SELL,4162.916,4152.696732348136,4152.696732348136,4142.477464696271,4132.258197044406,2026-07-06 05:06:00,sl,0.01,9.979267651864356,0.24,True,False
2026-07-06_to_2026-07-12__M15__v1.12_fixed,2026-07-06_to_2026-07-12,M15,v1.12_fixed,2026-07-06 05:15:00,BUY,4152.658,4146.942366320122,4160.969044693245,4169.2800893864905,4177.591134079736,2026-07-06 05:59:00,sl,0.01,-5.9556336798780105,0.24,False,False
2026-07-06_to_2026-07-12__M15__v1.12_fixed,2026-07-06_to_2026-07-12,M15,v1.12_fixed,2026-07-06 06:00:00,BUY,4151.748,4160.367957795575,4160.367957795575,4168.987915591151,4177.607873386726,2026-07-06 07:41:00,sl,0.01,8.379957795575828,0.24,True,False
2026-07-06_to_2026-07-12__M15__v1.12_fixed,2026-07-06_to_2026-07-12,M15,v1.12_fixed,2026-07-06 07:45:00,BUY,4164.518,4156.314325061958,4172.721674938042,4180.925349876084,4189.129024814126,2026-07-06 08:15:00,sl,0.01,-8.443674938042241,0.24,False,False
2026-07-06_to_2026-07-12__M15__v1.12_fixed,2026-07-06_to_2026-07-12,M15,v1.12_fixed,2026-07-06 08:30:00,SELL,4149.179,4141.171989490205,4141.171989490205,4133.16497898041,4125.157968470615,2026-07-06 09:37:00,sl,0.01,7.767010509794781,0.24,True,False
2026-07-06_to_2026-07-12__M15__v1.12_fixed,2026-07-06_to_2026-07-12,M15,v1.12_fixed,2026-07-06 09:45:00,BUY,4143.333,4150.807028576659,4150.807028576659,4158.281057153319,4165.755085729978,2026-07-06 10:20:00,sl,0.01,7.234028576659293,0.24,True,False
2026-07-06_to_2026-07-12__M15__v1.12_fixed,2026-07-06_to_2026-07-12,M15,v1.12_fixed,2026-07-06 10:30:00,BUY,4154.2,4149.054461562489,4161.335790008353,4168.471580016706,4175.607370025059,2026-07-06 12:21:00,sl,0.01,-5.385538437510368,0.24,False,False
2026-07-06_to_2026-07-12__M15__v1.12_fixed,2026-07-06_to_2026-07-12,M15,v1.12_fixed,2026-07-06 12:30:00,SELL,4133.459,4140.881246242362,4126.036753757638,4118.614507515275,4111.192261272912,2026-07-06 12:31:00,sl,0.01,-7.662246242362235,0.24,False,False
2026-07-06_to_2026-07-12__M15__v1.12_fixed,2026-07-06_to_2026-07-12,M15,v1.12_fixed,2026-07-06 12:45:00,BUY,4139.467,4147.052585796479,4147.052585796479,4154.638171592958,4162.223757389438,2026-07-06 13:09:00,sl,0.01,7.34558579647979,0.24,True,False
2026-07-06_to_2026-07-12__M15__v1.12_fixed,2026-07-06_to_2026-07-12,M15,v1.12_fixed,2026-07-06 13:30:00,BUY,4149.0,4140.924992713241,4157.075007286759,4165.150014573517,4173.225021860276,2026-07-06 13:58:00,sl,0.01,-8.315007286758592,0.24,False,False
2026-07-06_to_2026-07-12__M15__v1.12_fixed,2026-07-06_to_2026-07-12,M15,v1.12_fixed,2026-07-06 14:30:00,SELL,4130.275,4139.3959290170005,4121.154070982999,4112.033141965998,4102.912212948997,2026-07-06 14:33:00,sl,0.01,-9.36092901700089,0.24,False,False
2026-07-06_to_2026-07-12__M15__v1.12_fixed,2026-07-06_to_2026-07-12,M15,v1.12_fixed,2026-07-06 14:45:00,BUY,4138.004,4147.147148372929,4147.147148372929,4156.2902967458585,4165.433445118789,2026-07-06 15:37:00,sl,0.01,8.903148372929317,0.24,True,False
2026-07-06_to_2026-07-12__M15__v1.12_fixed,2026-07-06_to_2026-07-12,M15,v1.12_fixed,2026-07-06 16:00:00,SELL,4140.347,4149.143595834009,4131.550404165991,4122.753808331981,4113.957212497972,2026-07-06 16:37:00,sl,0.01,-9.036595834009168,0.24,False,False
2026-07-06_to_2026-07-12__M15__v1.12_fixed,2026-07-06_to_2026-07-12,M15,v1.12_fixed,2026-07-06 16:45:00,BUY,4154.877,4163.201140323367,4163.201140323367,4171.525280646733,4179.8494209701,2026-07-06 18:28:00,sl,0.01,8.084140323366919,0.24,True,False
2026-07-06_to_2026-07-12__M15__v1.12_fixed,2026-07-06_to_2026-07-12,M15,v1.12_fixed,2026-07-06 18:30:00,BUY,4164.166,4160.66661716555,4171.648801068714,4179.13160213743,4186.614403206144,2026-07-06 23:56:00,sl,0.01,-3.739382834450444,0.24,False,False
2026-07-06_to_2026-07-12__M15__v1.12_fixed,2026-07-06_to_2026-07-12,M15,v1.12_fixed,2026-07-07 00:15:00,BUY,4159.672,4154.500178594822,4164.843821405178,4170.015642810356,4175.1874642155335,2026-07-07 00:16:00,sl,0.01,-5.41182140517798,0.24,False,False
2026-07-06_to_2026-07-12__M15__v1.12_fixed,2026-07-06_to_2026-07-12,M15,v1.12_fixed,2026-07-07 00:30:00,SELL,4149.72,4155.566405590523,4143.873594409478,4138.027188818955,4132.180783228433,2026-07-07 00:31:00,sl,0.01,-6.086405590522409,0.24,False,False
2026-07-06_to_2026-07-12__M15__v1.12_fixed,2026-07-06_to_2026-07-12,M15,v1.12_fixed,2026-07-07 00:45:00,SELL,4146.139,4152.196590905485,4140.081409094515,4134.02381818903,4127.966227283545,2026-07-07 00:52:00,sl,0.01,-6.297590905485086,0.24,False,False
2026-07-06_to_2026-07-12__M15__v1.12_fixed,2026-07-06_to_2026-07-12,M15,v1.12_fixed,2026-07-07 01:00:00,SELL,4141.668,4135.299808444906,4135.299808444906,4128.931616889813,4122.56342533472,2026-07-07 01:17:00,sl,0.01,6.12819155509329,0.24,True,False
2026-07-06_to_2026-07-12__M15__v1.12_fixed,2026-07-06_to_2026-07-12,M15,v1.12_fixed,2026-07-07 01:30:00,BUY,4141.933,4134.550666465251,4149.315333534749,4156.697667069498,4164.080000604246,2026-07-07 02:49:00,sl,0.01,-7.622333534748796,0.24,False,False
2026-07-06_to_2026-07-12__M15__v1.12_fixed,2026-07-06_to_2026-07-12,M15,v1.12_fixed,2026-07-07 03:15:00,SELL,4132.307,4124.952896668534,4124.952896668534,4117.598793337069,4110.244690005603,2026-07-07 03:49:00,sl,0.01,7.114103331465921,0.24,True,False
2026-07-06_to_2026-07-12__M15__v1.12_fixed,2026-07-06_to_2026-07-12,M15,v1.12_fixed,2026-07-07 04:00:00,BUY,4136.475,4128.993827248964,4144.119115167358,4151.763230334716,4159.407345502073,2026-07-07 04:44:00,sl,0.01,-7.721172751036866,0.24,False,False
2026-07-06_to_2026-07-12__M15__v1.12_fixed,2026-07-06_to_2026-07-12,M15,v1.12_fixed,2026-07-07 04:45:00,SELL,4126.769,4119.570907426136,4119.570907426136,4112.372814852271,4105.174722278406,2026-07-07 05:40:00,sl,0.01,6.958092573864414,0.24,True,False
2026-07-06_to_2026-07-12__M15__v1.12_fixed,2026-07-06_to_2026-07-12,M15,v1.12_fixed,2026-07-07 05:45:00,BUY,4124.16,4131.828265618548,4131.828265618548,4139.496531237097,4147.164796855644,2026-07-07 06:41:00,sl,0.01,7.428265618548503,0.24,True,False
2026-07-06_to_2026-07-12__M15__v1.12_fixed,2026-07-06_to_2026-07-12,M15,v1.12_fixed,2026-07-07 06:45:00,SELL,4130.268,4135.786192206722,4122.86647859404,4115.46495718808,4108.06343578212,2026-07-07 08:11:00,sl,0.01,-5.758192206722233,0.24,False,False
2026-07-06_to_2026-07-12__M15__v1.12_fixed,2026-07-06_to_2026-07-12,M15,v1.12_fixed,2026-07-07 08:30:00,SELL,4131.173,4123.322025199667,4123.322025199667,4115.471050399335,4107.620075599002,2026-07-07 08:54:00,sl,0.01,7.610974800332551,0.24,True,False
2026-07-06_to_2026-07-12__M15__v1.12_fixed,2026-07-06_to_2026-07-12,M15,v1.12_fixed,2026-07-07 09:00:00,BUY,4127.357,4119.634955401754,4135.079044598246,4142.801089196492,4150.523133794738,2026-07-07 09:29:00,sl,0.01,-7.962044598245701,0.24,False,False
2026-07-06_to_2026-07-12__M15__v1.12_fixed,2026-07-06_to_2026-07-12,M15,v1.12_fixed,2026-07-07 09:30:00,BUY,4132.952,4124.658701341308,4141.245298658692,4149.538597317383,4157.831895976075,2026-07-07 09:31:00,sl,0.01,-8.533298658692038,0.24,False,False
2026-07-06_to_2026-07-12__M15__v1.12_fixed,2026-07-06_to_2026-07-12,M15,v1.12_fixed,2026-07-07 10:15:00,BUY,4137.195,4145.106843714703,4145.106843714703,4153.018687429406,4160.930531144109,2026-07-07 11:26:00,sl,0.01,7.671843714703536,0.24,True,False
2026-07-06_to_2026-07-12__M15__v1.12_fixed,2026-07-06_to_2026-07-12,M15,v1.12_fixed,2026-07-07 11:30:00,BUY,4148.154,4140.529770861168,4155.778229138833,4163.402458277665,4171.026687416497,2026-07-07 11:31:00,sl,0.01,-7.864229138832561,0.24,False,False
2026-07-06_to_2026-07-12__M15__v1.12_fixed,2026-07-06_to_2026-07-12,M15,v1.12_fixed,2026-07-07 18:45:00,SELL,4127.009,4135.203624329492,4118.8143756705085,4110.619751341017,4102.425127011526,2026-07-07 18:46:00,sl,0.01,-8.43462432949149,0.24,False,False
2026-07-06_to_2026-07-12__M15__v1.12_fixed_conservative,2026-07-06_to_2026-07-12,M15,v1.12_fixed_conservative,2026-07-07 11:15:00,BUY,4143.257,4154.454293224267,4154.454293224267,4165.651586448535,4176.848879672802,2026-07-07 11:59:00,sl,0.01,10.957293224267014,0.24,True,False
2026-07-06_to_2026-07-12__M15__v1.12_fixed_conservative,2026-07-06_to_2026-07-12,M15,v1.12_fixed_conservative,2026-07-08 14:30:00,SELL,4036.604,4056.752243213768,4016.455756786232,3996.307513572464,3976.159270358696,2026-07-08 14:31:00,sl,0.01,-20.388243213767726,0.24,False,False
2026-07-06_to_2026-07-12__M15__v1.12_fixed_conservative,2026-07-06_to_2026-07-12,M15,v1.12_fixed_conservative,2026-07-09 05:45:00,BUY,4081.888,4094.730275856289,4094.730275856289,4107.572551712578,4120.414827568868,2026-07-09 06:01:00,sl,0.01,12.602275856289234,0.24,True,False
2026-07-06_to_2026-07-12__M15__v1.12_fixed_conservative,2026-07-06_to_2026-07-12,M15,v1.12_fixed_conservative,2026-07-10 20:45:00,BUY,4119.908,4110.874544823807,4129.132455176194,4138.356910352388,4147.581365528581,2026-07-10 20:57:00,eom_markout,0.01,-0.24,0.24,False,False
2026-07-06_to_2026-07-12__M30__v1.11_baseline,2026-07-06_to_2026-07-12,M30,v1.11_baseline,2026-07-06 00:00:00,SELL,4174.669,4186.057946639647,4163.280053360353,4151.891106720706,4140.50216008106,2026-07-06 00:43:00,sl,0.01,-11.628946639646747,0.24,False,False
2026-07-06_to_2026-07-12__M30__v1.11_baseline,2026-07-06_to_2026-07-12,M30,v1.11_baseline,2026-07-06 01:00:00,BUY,4189.28,4177.001571519896,4201.558428480103,4213.836856960207,4226.115285440311,2026-07-06 01:01:00,sl,0.01,-12.518428480103683,0.24,False,False
2026-07-06_to_2026-07-12__M30__v1.11_baseline,2026-07-06_to_2026-07-12,M30,v1.11_baseline,2026-07-06 02:00:00,SELL,4177.738,4164.005531849135,4165.07896217787,4152.41992435574,4139.76088653361,2026-07-06 07:44:00,sl,0.01,13.492468150865315,0.24,False,False
2026-07-06_to_2026-07-12__M30__v1.11_baseline,2026-07-06_to_2026-07-12,M30,v1.11_baseline,2026-07-06 08:00:00,SELL,4155.549,4154.451120513355,4143.859176547217,4132.169353094436,4120.479529641653,2026-07-06 10:36:00,sl,0.01,0.8578794866450699,0.24,False,False
2026-07-06_to_2026-07-12__M30__v1.11_baseline,2026-07-06_to_2026-07-12,M30,v1.11_baseline,2026-07-06 12:00:00,SELL,4145.838,4156.375914678116,4135.300085321884,4124.762170643768,4114.224255965651,2026-07-06 12:01:00,sl,0.01,-10.777914678116067,0.24,False,False
2026-07-06_to_2026-07-12__M30__v1.11_baseline,2026-07-06_to_2026-07-12,M30,v1.11_baseline,2026-07-06 14:00:00,SELL,4137.273,4147.622402480872,4125.852300782964,4114.431601565927,4103.01090234889,2026-07-06 15:29:00,sl,0.01,-10.589402480871504,0.24,False,False
2026-07-06_to_2026-07-12__M30__v1.11_baseline,2026-07-06_to_2026-07-12,M30,v1.11_baseline,2026-07-06 15:30:00,SELL,4148.188,4157.120512299736,4136.7807091181385,4125.373418236276,4113.966127354414,2026-07-06 17:23:00,sl,0.01,-9.172512299736118,0.24,False,False
2026-07-06_to_2026-07-12__M30__v1.11_baseline,2026-07-06_to_2026-07-12,M30,v1.11_baseline,2026-07-06 17:30:00,BUY,4161.091,4155.8391014578,4171.8380628091645,4182.58512561833,4193.332188427494,2026-07-07 00:00:00,sl,0.01,-5.491898542200252,0.24,False,False
2026-07-06_to_2026-07-12__M30__v1.11_baseline,2026-07-06_to_2026-07-12,M30,v1.11_baseline,2026-07-07 00:30:00,SELL,4146.139,4154.817399395457,4137.460600604543,4128.782201209087,4120.103801813631,2026-07-07 00:31:00,sl,0.01,-8.918399395456836,0.24,False,False
2026-07-06_to_2026-07-12__M30__v1.12_fixed,2026-07-06_to_2026-07-12,M30,v1.12_fixed,2026-07-06 00:00:00,SELL,4174.669,4186.057946639647,4163.280053360353,4151.891106720706,4140.50216008106,2026-07-06 00:43:00,sl,0.01,-11.628946639646747,0.24,False,False
2026-07-06_to_2026-07-12__M30__v1.12_fixed,2026-07-06_to_2026-07-12,M30,v1.12_fixed,2026-07-06 01:00:00,BUY,4189.28,4177.001571519896,4201.558428480103,4213.836856960207,4226.115285440311,2026-07-06 01:01:00,sl,0.01,-12.518428480103683,0.24,False,False
2026-07-06_to_2026-07-12__M30__v1.12_fixed,2026-07-06_to_2026-07-12,M30,v1.12_fixed,2026-07-06 02:00:00,SELL,4177.738,4165.07896217787,4165.07896217787,4152.41992435574,4139.76088653361,2026-07-06 03:17:00,sl,0.01,12.419037822129903,0.24,True,False
2026-07-06_to_2026-07-12__M30__v1.12_fixed,2026-07-06_to_2026-07-12,M30,v1.12_fixed,2026-07-06 04:00:00,SELL,4161.285,4149.398856902388,4149.398856902388,4137.512713804776,4125.626570707164,2026-07-06 05:31:00,sl,0.01,11.646143097612148,0.24,True,False
2026-07-06_to_2026-07-12__M30__v1.12_fixed,2026-07-06_to_2026-07-12,M30,v1.12_fixed,2026-07-06 06:00:00,BUY,4156.348,4148.4617467301205,4167.960354566089,4179.572709132179,4191.185063698268,2026-07-06 08:44:00,sl,0.01,-8.12625326987949,0.24,False,False
2026-07-06_to_2026-07-12__M30__v1.12_fixed,2026-07-06_to_2026-07-12,M30,v1.12_fixed,2026-07-06 09:00:00,SELL,4143.747,4154.451120513355,4132.365708349387,4120.984416698774,4109.60312504816,2026-07-06 10:36:00,sl,0.01,-10.94412051335461,0.24,False,False
2026-07-06_to_2026-07-12__M30__v1.12_fixed,2026-07-06_to_2026-07-12,M30,v1.12_fixed,2026-07-06 12:00:00,SELL,4145.838,4156.375914678116,4135.300085321884,4124.762170643768,4114.224255965651,2026-07-06 12:01:00,sl,0.01,-10.777914678116067,0.24,False,False
2026-07-06_to_2026-07-12__M30__v1.12_fixed,2026-07-06_to_2026-07-12,M30,v1.12_fixed,2026-07-06 14:00:00,SELL,4137.273,4147.622402480872,4125.852300782964,4114.431601565927,4103.01090234889,2026-07-06 15:29:00,sl,0.01,-10.589402480871504,0.24,False,False
2026-07-06_to_2026-07-12__M30__v1.12_fixed,2026-07-06_to_2026-07-12,M30,v1.12_fixed,2026-07-06 15:30:00,SELL,4148.188,4157.120512299736,4136.7807091181385,4125.373418236276,4113.966127354414,2026-07-06 17:23:00,sl,0.01,-9.172512299736118,0.24,False,False
2026-07-06_to_2026-07-12__M30__v1.12_fixed,2026-07-06_to_2026-07-12,M30,v1.12_fixed,2026-07-06 17:30:00,BUY,4161.091,4155.8391014578,4171.8380628091645,4182.58512561833,4193.332188427494,2026-07-07 00:00:00,sl,0.01,-5.491898542200252,0.24,False,False
2026-07-06_to_2026-07-12__M30__v1.12_fixed_conservative,2026-07-06_to_2026-07-12,M30,v1.12_fixed_conservative,2026-07-06 20:30:00,BUY,4164.315,4155.8391014578,4177.626849788587,4190.938699577175,4204.250549365762,2026-07-07,sl,0.01,-8.715898542199502,0.24,False,False
2026-07-13_to_2026-07-19__H1__v1.11_baseline,2026-07-13_to_2026-07-19,H1,v1.11_baseline,2026-07-13 00:00:00,SELL,4074.134,4088.998010487249,4056.5013263418336,4038.868652683668,4021.235979025501,2026-07-13 01:32:00,sl,0.01,-15.104010487249289,0.24,False,False
2026-07-13_to_2026-07-19__H1__v1.11_baseline,2026-07-13_to_2026-07-19,H1,v1.11_baseline,2026-07-13 02:00:00,SELL,4068.733,4070.821786408744,4050.978623223316,4033.224246446632,4015.469869669948,2026-07-13 08:09:00,sl,0.01,-2.328786408744,0.24,False,False
2026-07-13_to_2026-07-19__H1__v1.11_baseline,2026-07-13_to_2026-07-19,H1,v1.11_baseline,2026-07-13 09:00:00,SELL,4068.317,4012.540865859277,4051.440328172981,4034.5636563459616,4017.686984518943,2026-07-14 02:09:00,sl,0.01,55.536134140722666,0.24,False,False
2026-07-13_to_2026-07-19__H1__v1.11_baseline,2026-07-13_to_2026-07-19,H1,v1.11_baseline,2026-07-14 03:00:00,BUY,4016.796,4068.3584826540814,4033.185384667841,4049.574769335681,4065.964154003522,2026-07-14 15:42:00,sl,0.01,51.322482654082485,0.24,False,False
2026-07-13_to_2026-07-19__H1__v1.11_baseline,2026-07-13_to_2026-07-19,H1,v1.11_baseline,2026-07-14 16:00:00,SELL,4061.44,4040.665706886013,4042.064251166813,4022.688502333626,4003.312753500439,2026-07-15 12:01:00,sl,0.01,20.53429311398692,0.24,False,False
2026-07-13_to_2026-07-19__H1__v1.11_baseline,2026-07-13_to_2026-07-19,H1,v1.11_baseline,2026-07-15 13:00:00,SELL,4061.765,4053.054468270285,4045.663820229506,4029.562640459014,4013.4614606885207,2026-07-15 17:33:00,sl,0.01,8.470531729715512,0.24,False,False
2026-07-13_to_2026-07-19__H1__v1.11_baseline,2026-07-13_to_2026-07-19,H1,v1.11_baseline,2026-07-15 20:00:00,BUY,4060.079,4042.664516299327,4077.4934837006736,4094.9079674013465,4112.32245110202,2026-07-16 01:02:00,sl,0.01,-17.65448370067337,0.24,False,False
2026-07-13_to_2026-07-19__H1__v1.11_baseline,2026-07-13_to_2026-07-19,H1,v1.11_baseline,2026-07-16 02:00:00,SELL,4031.524,4042.8589372410056,4015.364185029537,3999.204370059075,3983.044555088612,2026-07-16 12:04:00,sl,0.01,-11.57493724100572,0.24,False,False
2026-07-13_to_2026-07-19__H1__v1.11_baseline,2026-07-13_to_2026-07-19,H1,v1.11_baseline,2026-07-16 13:00:00,SELL,3990.097,4004.883509661888,3972.397326892075,3954.6976537841497,3936.997980676225,2026-07-16 13:29:00,sl,0.01,-15.026509661887523,0.24,False,False
2026-07-13_to_2026-07-19__H1__v1.11_baseline,2026-07-13_to_2026-07-19,H1,v1.11_baseline,2026-07-16 14:00:00,BUY,3997.732,3987.699236567046,4015.581625028788,4033.431250057575,4051.280875086363,2026-07-16 16:18:00,sl,0.01,-10.272763432954198,0.24,False,False
2026-07-13_to_2026-07-19__H1__v1.11_baseline,2026-07-13_to_2026-07-19,H1,v1.11_baseline,2026-07-16 17:00:00,SELL,3984.609,3996.829717933711,3965.9608060538458,3947.312612107692,3928.664418161538,2026-07-17 03:18:00,sl,0.01,-12.460717933710605,0.24,False,False
2026-07-13_to_2026-07-19__H1__v1.11_baseline,2026-07-13_to_2026-07-19,H1,v1.11_baseline,2026-07-17 04:00:00,SELL,3981.857,3998.66912357414,3965.044876425861,3948.23275285172,3931.4206292775807,2026-07-17 06:11:00,sl,0.01,-17.052123574139603,0.24,False,False
2026-07-13_to_2026-07-19__H1__v1.11_baseline,2026-07-13_to_2026-07-19,H1,v1.11_baseline,2026-07-17 07:00:00,SELL,3992.803,3989.7200427028974,3976.150472852629,3959.497945705258,3942.845418557888,2026-07-17 13:38:00,sl,0.01,2.8429572971015293,0.24,False,False
2026-07-13_to_2026-07-19__H1__v1.11_baseline,2026-07-13_to_2026-07-19,H1,v1.11_baseline,2026-07-17 14:00:00,BUY,4001.046,3996.5642118009223,4018.9255502446513,4036.8051004893023,4054.6846507339537,2026-07-17 20:57:00,eom_markout,0.01,16.2900000000002,0.24,False,False
2026-07-13_to_2026-07-19__H1__v1.12_fixed,2026-07-13_to_2026-07-19,H1,v1.12_fixed,2026-07-13 00:00:00,SELL,4074.134,4088.998010487249,4056.5013263418336,4038.868652683668,4021.235979025501,2026-07-13 01:32:00,sl,0.01,-15.104010487249289,0.24,False,False
2026-07-13_to_2026-07-19__H1__v1.12_fixed,2026-07-13_to_2026-07-19,H1,v1.12_fixed,2026-07-13 02:00:00,SELL,4068.733,4050.978623223316,4050.978623223316,4033.224246446632,4015.469869669948,2026-07-13 04:16:00,sl,0.01,17.51437677668424,0.24,True,False
2026-07-13_to_2026-07-19__H1__v1.12_fixed,2026-07-13_to_2026-07-19,H1,v1.12_fixed,2026-07-13 07:00:00,BUY,4064.639,4052.578222433277,4082.1558915863657,4099.672783172731,4117.189674759096,2026-07-13 10:42:00,sl,0.01,-12.300777566723571,0.24,False,False
2026-07-13_to_2026-07-19__H1__v1.12_fixed,2026-07-13_to_2026-07-19,H1,v1.12_fixed,2026-07-13 12:00:00,BUY,4067.5,4050.586948249285,4084.413051750714,4101.326103501429,4118.239155252144,2026-07-13 13:49:00,sl,0.01,-17.153051750714656,0.24,False,False
2026-07-13_to_2026-07-19__H1__v1.12_fixed,2026-07-13_to_2026-07-19,H1,v1.12_fixed,2026-07-13 14:00:00,SELL,4015.171,4034.8076262544423,3995.534373745557,3975.8977474911135,3956.261121236672,2026-07-13 14:01:00,sl,0.01,-19.876626254442943,0.24,False,False
2026-07-13_to_2026-07-19__H1__v1.12_fixed,2026-07-13_to_2026-07-19,H1,v1.12_fixed,2026-07-13 16:00:00,SELL,3993.15,4013.0161165153104,3973.28388348469,3953.41776696938,3933.551650454069,2026-07-13 16:01:00,sl,0.01,-20.10611651531029,0.24,False,False
2026-07-13_to_2026-07-19__H1__v1.12_fixed_conservative,2026-07-13_to_2026-07-19,H1,v1.12_fixed_conservative,2026-07-16 12:00:00,SELL,3992.128,4016.6695488666487,3967.586451133352,3943.044902266704,3918.503353400055,2026-07-16 12:01:00,sl,0.01,-24.781548866648556,0.24,False,False
2026-07-13_to_2026-07-19__M15__v1.11_baseline,2026-07-13_to_2026-07-19,M15,v1.11_baseline,2026-07-13 00:00:00,BUY,4086.703,4078.061964598252,4095.344035401748,4103.9850708034965,4112.6261062052445,2026-07-13 00:26:00,sl,0.01,-8.881035401748013,0.24,False,False
2026-07-13_to_2026-07-19__M15__v1.11_baseline,2026-07-13_to_2026-07-19,M15,v1.11_baseline,2026-07-13 01:30:00,BUY,4084.36,4074.268685869823,4094.451314130177,4104.542628260354,4114.633942390531,2026-07-13 01:54:00,sl,0.01,-10.331314130177123,0.24,False,False
2026-07-13_to_2026-07-19__M15__v1.11_baseline,2026-07-13_to_2026-07-19,M15,v1.11_baseline,2026-07-13 02:15:00,SELL,4067.254,4065.195284707192,4056.997711682216,4046.741423364432,4036.485135046648,2026-07-13 05:07:00,sl,0.01,1.8187152928083012,0.24,False,False
2026-07-13_to_2026-07-19__M15__v1.11_baseline,2026-07-13_to_2026-07-19,M15,v1.11_baseline,2026-07-13 05:15:00,SELL,4058.188,4059.6660629161943,4048.594307649207,4039.000615298414,4029.406922947621,2026-07-13 06:29:00,sl,0.01,-1.7180629161946308,0.24,False,False
2026-07-13_to_2026-07-19__M15__v1.11_baseline,2026-07-13_to_2026-07-19,M15,v1.11_baseline,2026-07-13 06:45:00,SELL,4055.369,4064.9073879620328,4045.57987530931,4035.79075061862,4026.00162592793,2026-07-13 07:59:00,sl,0.01,-9.77838796203263,0.24,False,False
2026-07-13_to_2026-07-19__M15__v1.11_baseline,2026-07-13_to_2026-07-19,M15,v1.11_baseline,2026-07-13 08:00:00,BUY,4073.766,4064.254112503755,4083.277887496245,4092.7897749924896,4102.301662488734,2026-07-13 08:03:00,sl,0.01,-9.75188749624498,0.24,False,False
2026-07-13_to_2026-07-19__M15__v1.11_baseline,2026-07-13_to_2026-07-19,M15,v1.11_baseline,2026-07-13 08:45:00,SELL,4074.731,4063.73278998341,4065.913433371265,4057.095866742529,4048.278300113794,2026-07-13 11:03:00,sl,0.01,10.758210016590292,0.24,False,False
2026-07-13_to_2026-07-19__M15__v1.11_baseline,2026-07-13_to_2026-07-19,M15,v1.11_baseline,2026-07-13 11:45:00,SELL,4056.473,4065.193086660353,4047.752913339647,4039.0328266792944,4030.312740018941,2026-07-13 11:46:00,sl,0.01,-8.96008666035299,0.24,False,False
2026-07-13_to_2026-07-19__M15__v1.11_baseline,2026-07-13_to_2026-07-19,M15,v1.11_baseline,2026-07-13 12:30:00,BUY,4062.73,4055.3509467107583,4071.081781848686,4079.433563697373,4087.785345546059,2026-07-13 13:39:00,sl,0.01,-7.619053289241711,0.24,False,False
2026-07-13_to_2026-07-19__M15__v1.11_baseline,2026-07-13_to_2026-07-19,M15,v1.11_baseline,2026-07-13 13:45:00,SELL,4043.4,4052.367912067785,4034.432087932216,4025.464175864431,4016.496263796646,2026-07-13 13:46:00,sl,0.01,-9.20791206778471,0.24,False,False
2026-07-13_to_2026-07-19__M15__v1.12_fixed,2026-07-13_to_2026-07-19,M15,v1.12_fixed,2026-07-13 00:00:00,BUY,4086.703,4078.061964598252,4095.344035401748,4103.9850708034965,4112.6261062052445,2026-07-13 00:26:00,sl,0.01,-8.881035401748013,0.24,False,False
2026-07-13_to_2026-07-19__M15__v1.12_fixed,2026-07-13_to_2026-07-19,M15,v1.12_fixed,2026-07-13 01:30:00,BUY,4084.36,4074.268685869823,4094.451314130177,4104.542628260354,4114.633942390531,2026-07-13 01:54:00,sl,0.01,-10.331314130177123,0.24,False,False
2026-07-13_to_2026-07-19__M15__v1.12_fixed,2026-07-13_to_2026-07-19,M15,v1.12_fixed,2026-07-13 02:15:00,SELL,4067.254,4056.997711682216,4056.997711682216,4046.741423364432,4036.485135046648,2026-07-13 03:14:00,sl,0.01,10.016288317783856,0.24,True,False
2026-07-13_to_2026-07-19__M15__v1.12_fixed,2026-07-13_to_2026-07-19,M15,v1.12_fixed,2026-07-13 03:15:00,BUY,4061.77,4051.653423869111,4071.886576130889,4082.003152261778,4092.1197283926663,2026-07-13 04:15:00,sl,0.01,-10.356576130888916,0.24,False,False
2026-07-13_to_2026-07-19__M15__v1.12_fixed,2026-07-13_to_2026-07-19,M15,v1.12_fixed,2026-07-13 04:30:00,SELL,4054.067,4062.9099143425474,4045.2240856574526,4036.3811713149057,4027.5382569723583,2026-07-13 05:06:00,sl,0.01,-9.082914342547374,0.24,False,False
2026-07-13_to_2026-07-19__M15__v1.12_fixed,2026-07-13_to_2026-07-19,M15,v1.12_fixed,2026-07-13 05:15:00,SELL,4058.188,4048.594307649207,4048.594307649207,4039.000615298414,4029.406922947621,2026-07-13 06:05:00,sl,0.01,9.353692350792937,0.24,True,False
2026-07-13_to_2026-07-19__M15__v1.12_fixed,2026-07-13_to_2026-07-19,M15,v1.12_fixed,2026-07-13 06:15:00,BUY,4060.923,4050.679103909022,4071.1668960909774,4081.410792181956,4091.654688272933,2026-07-13 06:16:00,sl,0.01,-10.483896090977614,0.24,False,False
2026-07-13_to_2026-07-19__M15__v1.12_fixed,2026-07-13_to_2026-07-19,M15,v1.12_fixed,2026-07-13 06:45:00,SELL,4055.369,4064.9073879620328,4045.57987530931,4035.79075061862,4026.00162592793,2026-07-13 07:59:00,sl,0.01,-9.77838796203263,0.24,False,False
2026-07-13_to_2026-07-19__M15__v1.12_fixed,2026-07-13_to_2026-07-19,M15,v1.12_fixed,2026-07-13 08:00:00,BUY,4073.766,4064.254112503755,4083.277887496245,4092.7897749924896,4102.301662488734,2026-07-13 08:03:00,sl,0.01,-9.75188749624498,0.24,False,False
2026-07-13_to_2026-07-19__M15__v1.12_fixed,2026-07-13_to_2026-07-19,M15,v1.12_fixed,2026-07-13 08:45:00,SELL,4074.731,4065.913433371265,4065.913433371265,4057.095866742529,4048.278300113794,2026-07-13 10:17:00,sl,0.01,8.577566628735221,0.24,True,False
2026-07-13_to_2026-07-19__M15__v1.12_fixed,2026-07-13_to_2026-07-19,M15,v1.12_fixed,2026-07-13 10:30:00,SELL,4052.216,4060.591156911166,4043.840843088834,4035.465686177668,4027.0905292665016,2026-07-13 10:31:00,sl,0.01,-8.61515691116596,0.24,False,False
2026-07-13_to_2026-07-19__M15__v1.12_fixed,2026-07-13_to_2026-07-19,M15,v1.12_fixed,2026-07-13 10:45:00,BUY,4060.457,4051.71514001106,4069.19885998894,4077.94071997788,4086.68257996682,2026-07-13 10:46:00,sl,0.01,-8.981859988939723,0.24,False,False
2026-07-13_to_2026-07-19__M15__v1.12_fixed_conservative,2026-07-13_to_2026-07-19,M15,v1.12_fixed_conservative,2026-07-13 10:30:00,SELL,4052.216,4064.778735366749,4039.6532646332503,4027.0905292665016,4014.527793899752,2026-07-13 10:31:00,sl,0.01,-12.802735366749166,0.24,False,False
2026-07-13_to_2026-07-19__M15__v1.12_fixed_conservative,2026-07-13_to_2026-07-19,M15,v1.12_fixed_conservative,2026-07-16 00:45:00,SELL,4044.705,4054.9817440649167,4034.428255935083,4024.1515118701664,4013.87476780525,2026-07-16 00:46:00,sl,0.01,-10.516744064916784,0.24,False,False
2026-07-13_to_2026-07-19__M15__v1.12_fixed_conservative,2026-07-13_to_2026-07-19,M15,v1.12_fixed_conservative,2026-07-16 12:30:00,SELL,4002.87,4017.1186548478377,3988.621345152162,3974.372690304325,3960.124035456486,2026-07-16 12:31:00,sl,0.01,-14.488654847837768,0.24,False,False
2026-07-13_to_2026-07-19__M15__v1.12_fixed_conservative,2026-07-13_to_2026-07-19,M15,v1.12_fixed_conservative,2026-07-17 12:30:00,SELL,3969.843,3981.499499475192,3958.186500524808,3946.530001049616,3934.873501574424,2026-07-17 12:31:00,sl,0.01,-11.89649947519205,0.24,False,False
2026-07-13_to_2026-07-19__M30__v1.11_baseline,2026-07-13_to_2026-07-19,M30,v1.11_baseline,2026-07-13 00:00:00,SELL,4074.69,4087.265923573384,4062.114076426617,4049.538152853233,4036.9622292798495,2026-07-13 00:05:00,sl,0.01,-12.815923573383536,0.24,False,False
2026-07-13_to_2026-07-19__M30__v1.11_baseline,2026-07-13_to_2026-07-19,M30,v1.11_baseline,2026-07-13 01:30:00,SELL,4072.26,4086.0557296248994,4058.464270375101,4044.6685407502014,4030.872811125302,2026-07-13 01:32:00,sl,0.01,-14.035729624899195,0.24,False,False
2026-07-13_to_2026-07-19__M30__v1.11_baseline,2026-07-13_to_2026-07-19,M30,v1.11_baseline,2026-07-13 02:00:00,SELL,4067.254,4070.7594898218126,4053.826322491165,4040.3986449823296,4026.9709674734954,2026-07-13 05:09:00,sl,0.01,-3.7454898218127166,0.24,False,False
2026-07-13_to_2026-07-19__M30__v1.11_baseline,2026-07-13_to_2026-07-19,M30,v1.11_baseline,2026-07-13 06:30:00,SELL,4055.369,4068.519867136102,4042.218132863898,4029.067265727797,4015.9163985916944,2026-07-13 08:06:00,sl,0.01,-13.39086713610208,0.24,False,False
2026-07-13_to_2026-07-19__M30__v1.11_baseline,2026-07-13_to_2026-07-19,M30,v1.11_baseline,2026-07-13 09:00:00,SELL,4072.528,4003.86687314134,4060.349552391554,4048.171104783108,4035.992657174663,2026-07-14 00:34:00,sl,0.01,68.42112685866029,0.24,False,False
2026-07-13_to_2026-07-19__M30__v1.11_baseline,2026-07-13_to_2026-07-19,M30,v1.11_baseline,2026-07-14 01:00:00,SELL,3998.008,4009.567852247913,3986.448147752087,3974.888295504174,3963.328443256261,2026-07-14 01:58:00,sl,0.01,-11.799852247913114,0.24,False,False
2026-07-13_to_2026-07-19__M30__v1.11_baseline,2026-07-13_to_2026-07-19,M30,v1.11_baseline,2026-07-14 02:00:00,BUY,4017.76,4017.8703516227138,4029.940209336211,4042.1204186724217,4054.300628008632,2026-07-14 08:03:00,sl,0.01,-0.1296483772864485,0.24,False,False
2026-07-13_to_2026-07-19__M30__v1.11_baseline,2026-07-13_to_2026-07-19,M30,v1.11_baseline,2026-07-14 08:30:00,SELL,4016.062,4025.7416513457865,4006.382348654213,3996.702697308427,3987.023045962641,2026-07-14 11:20:00,sl,0.01,-9.919651345786624,0.24,False,False
2026-07-13_to_2026-07-19__M30__v1.11_baseline,2026-07-13_to_2026-07-19,M30,v1.11_baseline,2026-07-14 11:30:00,BUY,4031.031,4074.52881592949,4040.572041727101,4050.113083454201,4059.654125181301,2026-07-14 12:54:00,sl,0.01,43.257815929490114,0.24,False,False
2026-07-13_to_2026-07-19__M30__v1.11_baseline,2026-07-13_to_2026-07-19,M30,v1.11_baseline,2026-07-14 13:00:00,BUY,4081.493,4075.814779346791,4095.9030425198393,4110.313085039678,4124.723127559518,2026-07-14 15:39:00,sl,0.01,-5.918220653209337,0.24,False,False
2026-07-13_to_2026-07-19__M30__v1.11_baseline,2026-07-13_to_2026-07-19,M30,v1.11_baseline,2026-07-14 16:00:00,SELL,4059.456,4033.6369309636657,4044.208126563291,4028.9602531265823,4013.7123796898736,2026-07-15 09:01:00,sl,0.01,25.57906903633444,0.24,False,False
2026-07-13_to_2026-07-19__M30__v1.11_baseline,2026-07-13_to_2026-07-19,M30,v1.11_baseline,2026-07-15 09:30:00,BUY,4030.062,4055.759256249586,4039.8556858180696,4049.649371636139,4059.443057454208,2026-07-15 13:26:00,sl,0.01,25.457256249586194,0.24,False,False
2026-07-13_to_2026-07-19__M30__v1.11_baseline,2026-07-13_to_2026-07-19,M30,v1.11_baseline,2026-07-15 13:30:00,BUY,4061.765,4050.223730059268,4073.306269940732,4084.847539881464,4096.388809822197,2026-07-15 15:13:00,sl,0.01,-11.781269940732036,0.24,False,False
2026-07-13_to_2026-07-19__M30__v1.11_baseline,2026-07-13_to_2026-07-19,M30,v1.11_baseline,2026-07-15 15:30:00,SELL,4046.92,4045.982257364336,4035.043339473728,4023.1666789474566,4011.290018421185,2026-07-15 17:29:00,sl,0.01,0.6977426356641081,0.24,False,False
2026-07-13_to_2026-07-19__M30__v1.11_baseline,2026-07-13_to_2026-07-19,M30,v1.11_baseline,2026-07-15 17:30:00,BUY,4061.999,4049.215372467439,4074.7826275325606,4087.566255065121,4100.349882597681,2026-07-15 17:31:00,sl,0.01,-13.023627532560788,0.24,False,False
2026-07-13_to_2026-07-19__M30__v1.11_baseline,2026-07-13_to_2026-07-19,M30,v1.11_baseline,2026-07-15 18:00:00,BUY,4073.997,4061.127774434051,4086.8662255659488,4099.735451131898,4112.604676697847,2026-07-15 18:57:00,sl,0.01,-13.109225565948911,0.24,False,False
2026-07-13_to_2026-07-19__M30__v1.11_baseline,2026-07-13_to_2026-07-19,M30,v1.11_baseline,2026-07-15 19:00:00,SELL,4056.201,4037.184287490085,4042.8042902007887,4029.4075804015774,4016.010870602367,2026-07-16 09:03:00,sl,0.01,18.776712509915125,0.24,False,False
2026-07-13_to_2026-07-19__M30__v1.11_baseline,2026-07-13_to_2026-07-19,M30,v1.11_baseline,2026-07-16 10:00:00,BUY,4033.199,4025.006603952773,4041.391396047228,4049.583792094455,4057.7761881416823,2026-07-16 11:23:00,sl,0.01,-8.432396047227703,0.24,False,False
2026-07-13_to_2026-07-19__M30__v1.11_baseline,2026-07-13_to_2026-07-19,M30,v1.11_baseline,2026-07-16 11:30:00,BUY,4038.504,4029.618399010292,4047.389600989708,4056.275201979416,4065.160802969124,2026-07-16 11:31:00,sl,0.01,-9.12560098970811,0.24,False,False
2026-07-13_to_2026-07-19__M30__v1.11_baseline,2026-07-13_to_2026-07-19,M30,v1.11_baseline,2026-07-16 12:00:00,SELL,4025.263,4035.713343776157,4014.8126562238426,4004.362312447685,3993.911968671528,2026-07-16 12:01:00,sl,0.01,-10.690343776157295,0.24,False,False
2026-07-13_to_2026-07-19__M30__v1.11_baseline,2026-07-13_to_2026-07-19,M30,v1.11_baseline,2026-07-16 12:30:00,SELL,3992.128,4004.6483906492895,3979.607609350711,3967.087218701422,3954.5668280521327,2026-07-16 12:31:00,sl,0.01,-12.760390649289311,0.24,False,False
2026-07-13_to_2026-07-19__M30__v1.11_baseline,2026-07-13_to_2026-07-19,M30,v1.11_baseline,2026-07-16 13:30:00,SELL,3990.097,4004.9908674476014,3975.203132552399,3960.3092651047978,3945.415397657196,2026-07-16 13:31:00,sl,0.01,-15.133867447601226,0.24,False,False
2026-07-13_to_2026-07-19__M30__v1.11_baseline,2026-07-13_to_2026-07-19,M30,v1.11_baseline,2026-07-16 14:00:00,BUY,3999.202,3992.2444391723134,4014.009519772773,4028.8170395455454,4043.624559318318,2026-07-16 16:13:00,sl,0.01,-7.197560827686848,0.24,False,False
2026-07-13_to_2026-07-19__M30__v1.11_baseline,2026-07-13_to_2026-07-19,M30,v1.11_baseline,2026-07-16 16:30:00,BUY,3992.109,3976.429636803132,4007.788363196868,4023.467726393735,4039.1470895906023,2026-07-16 19:32:00,sl,0.01,-15.919363196867598,0.24,False,False
2026-07-13_to_2026-07-19__M30__v1.11_baseline,2026-07-13_to_2026-07-19,M30,v1.11_baseline,2026-07-16 20:00:00,SELL,3975.025,3988.1966030666986,3961.8533969333016,3948.681793866603,3935.510190799905,2026-07-17 00:17:00,sl,0.01,-13.41160306669848,0.24,False,False
2026-07-13_to_2026-07-19__M30__v1.11_baseline,2026-07-13_to_2026-07-19,M30,v1.11_baseline,2026-07-17 00:30:00,BUY,3991.911,3981.014546628248,4002.807453371752,4013.703906743504,4024.600360115256,2026-07-17 00:31:00,sl,0.01,-11.136453371751704,0.24,False,False
2026-07-13_to_2026-07-19__M30__v1.11_baseline,2026-07-13_to_2026-07-19,M30,v1.11_baseline,2026-07-17 01:00:00,SELL,3991.16,3989.2062651401993,3980.3943647262304,3969.628729452461,3958.8630941786914,2026-07-17 03:04:00,sl,0.01,1.713734859800534,0.24,False,False
2026-07-13_to_2026-07-19__M30__v1.11_baseline,2026-07-13_to_2026-07-19,M30,v1.11_baseline,2026-07-17 03:30:00,SELL,3991.236,3992.934432120359,3978.863636705123,3966.491273410247,3954.11891011537,2026-07-17 06:05:00,sl,0.01,-1.9384321203590296,0.24,False,False
2026-07-13_to_2026-07-19__M30__v1.11_baseline,2026-07-13_to_2026-07-19,M30,v1.11_baseline,2026-07-17 06:30:00,SELL,3999.223,3979.6303757492,3987.053502097077,3974.884004194155,3962.714506291232,2026-07-17 13:37:00,sl,0.01,19.35262425080033,0.24,False,False
2026-07-13_to_2026-07-19__M30__v1.11_baseline,2026-07-13_to_2026-07-19,M30,v1.11_baseline,2026-07-17 14:00:00,BUY,3998.601,4003.399310424956,4012.148224495288,4025.695448990577,4039.242673485865,2026-07-17 19:24:00,sl,0.01,4.558310424955616,0.24,False,False
2026-07-13_to_2026-07-19__M30__v1.11_baseline,2026-07-13_to_2026-07-19,M30,v1.11_baseline,2026-07-17 19:30:00,BUY,4015.381,4003.813773124473,4026.9482268755264,4038.515453751053,4050.08268062658,2026-07-17 20:57:00,eom_markout,0.01,1.955000000000164,0.24,False,False
2026-07-13_to_2026-07-19__M30__v1.12_fixed,2026-07-13_to_2026-07-19,M30,v1.12_fixed,2026-07-13 00:00:00,SELL,4074.69,4087.265923573384,4062.114076426617,4049.538152853233,4036.9622292798495,2026-07-13 00:05:00,sl,0.01,-12.815923573383536,0.24,False,False
2026-07-13_to_2026-07-19__M30__v1.12_fixed,2026-07-13_to_2026-07-19,M30,v1.12_fixed,2026-07-13 01:30:00,SELL,4072.26,4086.0557296248994,4058.464270375101,4044.6685407502014,4030.872811125302,2026-07-13 01:32:00,sl,0.01,-14.035729624899195,0.24,False,False
2026-07-13_to_2026-07-19__M30__v1.12_fixed,2026-07-13_to_2026-07-19,M30,v1.12_fixed,2026-07-13 02:00:00,SELL,4067.254,4053.826322491165,4053.826322491165,4040.3986449823296,4026.9709674734954,2026-07-13 03:13:00,sl,0.01,13.187677508835131,0.24,True,False
2026-07-13_to_2026-07-19__M30__v1.12_fixed,2026-07-13_to_2026-07-19,M30,v1.12_fixed,2026-07-13 04:30:00,BUY,4058.743,4071.1728508420742,4071.1728508420742,4083.602701684149,4096.032552526224,2026-07-13 05:10:00,sl,0.01,12.189850842074756,0.24,True,False
2026-07-13_to_2026-07-19__M30__v1.12_fixed,2026-07-13_to_2026-07-19,M30,v1.12_fixed,2026-07-13 06:30:00,SELL,4055.369,4068.519867136102,4042.218132863898,4029.067265727797,4015.9163985916944,2026-07-13 08:06:00,sl,0.01,-13.39086713610208,0.24,False,False
2026-07-13_to_2026-07-19__M30__v1.12_fixed,2026-07-13_to_2026-07-19,M30,v1.12_fixed,2026-07-13 09:00:00,SELL,4072.528,4048.171104783108,4060.349552391554,4048.171104783108,4035.992657174663,2026-07-13 10:43:00,sl,0.01,24.11689521689165,0.24,True,True
2026-07-13_to_2026-07-19__M30__v1.12_fixed,2026-07-13_to_2026-07-19,M30,v1.12_fixed,2026-07-13 11:30:00,SELL,4056.473,4068.53412021197,4044.4118797880296,4032.35075957606,4020.2896393640895,2026-07-13 11:35:00,sl,0.01,-12.30112021197032,0.24,False,False
2026-07-13_to_2026-07-19__M30__v1.12_fixed,2026-07-13_to_2026-07-19,M30,v1.12_fixed,2026-07-13 12:00:00,BUY,4059.144,4049.944349623804,4071.063825911115,4082.98365182223,4094.9034777333454,2026-07-13 13:49:00,sl,0.01,-9.439650376195678,0.24,False,False
2026-07-13_to_2026-07-19__M30__v1.12_fixed,2026-07-13_to_2026-07-19,M30,v1.12_fixed,2026-07-13 14:00:00,SELL,4016.89,4031.4917492411328,4002.288250758867,3987.686501517734,3973.084752276601,2026-07-13 14:01:00,sl,0.01,-14.841749241132897,0.24,False,False
2026-07-13_to_2026-07-19__M30__v1.12_fixed,2026-07-13_to_2026-07-19,M30,v1.12_fixed,2026-07-13 15:00:00,BUY,4016.409,4002.030466215554,4030.787533784446,4045.1660675688927,4059.5446013533383,2026-07-13 16:29:00,sl,0.01,-14.618533784446065,0.24,False,False
2026-07-13_to_2026-07-19__M30__v1.12_fixed,2026-07-13_to_2026-07-19,M30,v1.12_fixed,2026-07-13 16:30:00,SELL,3993.15,4003.86687314134,3978.6756659167536,3964.201331833507,3949.7269977502606,2026-07-14 00:34:00,sl,0.01,-10.95687314133942,0.24,False,False
2026-07-20_to_2026-07-26__H1__v1.11_baseline,2026-07-20_to_2026-07-26,H1,v1.11_baseline,2026-07-20 00:00:00,BUY,4008.413,3991.518708643783,4025.307291356217,4042.201582712434,4059.095874068652,2026-07-20 00:01:00,sl,0.01,-17.134291356217307,0.24,False,False
2026-07-20_to_2026-07-26__H1__v1.11_baseline,2026-07-20_to_2026-07-26,H1,v1.11_baseline,2026-07-20 01:00:00,SELL,4002.157,4019.667556259345,3984.646443740656,3967.135887481311,3949.6253312219674,2026-07-20 01:11:00,sl,0.01,-17.75055625934441,0.24,False,False
2026-07-20_to_2026-07-26__H1__v1.11_baseline,2026-07-20_to_2026-07-26,H1,v1.11_baseline,2026-07-20 02:00:00,BUY,4021.903,4003.662269187751,4040.1437308122486,4058.384461624497,4076.6251924367457,2026-07-20 02:01:00,sl,0.01,-18.480730812248783,0.24,False,False
2026-07-20_to_2026-07-26__H1__v1.12_fixed,2026-07-20_to_2026-07-26,H1,v1.12_fixed,2026-07-20 00:00:00,BUY,4008.413,3991.518708643783,4025.307291356217,4042.201582712434,4059.095874068652,2026-07-20 00:01:00,sl,0.01,-17.134291356217307,0.24,False,False
2026-07-20_to_2026-07-26__H1__v1.12_fixed,2026-07-20_to_2026-07-26,H1,v1.12_fixed,2026-07-20 01:00:00,SELL,4002.157,4019.667556259345,3984.646443740656,3967.135887481311,3949.6253312219674,2026-07-20 01:11:00,sl,0.01,-17.75055625934441,0.24,False,False
2026-07-20_to_2026-07-26__H1__v1.12_fixed,2026-07-20_to_2026-07-26,H1,v1.12_fixed,2026-07-20 02:00:00,BUY,4021.903,4003.662269187751,4040.1437308122486,4058.384461624497,4076.6251924367457,2026-07-20 02:01:00,sl,0.01,-18.480730812248783,0.24,False,False
2026-07-20_to_2026-07-26__M15__v1.11_baseline,2026-07-20_to_2026-07-26,M15,v1.11_baseline,2026-07-20 00:15:00,BUY,4003.619,3995.774276184584,4011.463723815417,4019.308447630833,4027.15317144625,2026-07-20 00:16:00,sl,0.01,-8.084723815416728,0.24,False,False
2026-07-20_to_2026-07-26__M15__v1.11_baseline,2026-07-20_to_2026-07-26,M15,v1.11_baseline,2026-07-20 00:30:00,SELL,3998.767,4006.704957828601,3990.829042171399,3982.8910843427975,3974.953126514197,2026-07-20 00:35:00,sl,0.01,-8.177957828601157,0.24,False,False
2026-07-20_to_2026-07-26__M15__v1.11_baseline,2026-07-20_to_2026-07-26,M15,v1.11_baseline,2026-07-20 00:45:00,BUY,4008.413,4000.1992534448714,4016.6267465551296,4024.840493110259,4033.054239665389,2026-07-20 00:48:00,sl,0.01,-8.453746555129547,0.24,False,False
2026-07-20_to_2026-07-26__M15__v1.11_baseline,2026-07-20_to_2026-07-26,M15,v1.11_baseline,2026-07-20 01:15:00,SELL,4002.974,4010.561230966629,3994.084167511138,3985.194335022277,3976.304502533415,2026-07-20 02:32:00,sl,0.01,-7.82723096662834,0.24,False,False
2026-07-20_to_2026-07-26__M15__v1.11_baseline,2026-07-20_to_2026-07-26,M15,v1.11_baseline,2026-07-20 02:45:00,BUY,4021.903,4014.597204601018,4031.052960786791,4040.2029215735815,4049.352882360373,2026-07-20 05:10:00,sl,0.01,-7.5457953989819,0.24,False,False
2026-07-20_to_2026-07-26__M15__v1.11_baseline,2026-07-20_to_2026-07-26,M15,v1.11_baseline,2026-07-20 05:15:00,SELL,4011.068,4012.483575508943,4003.718568947811,3996.369137895621,3989.019706843432,2026-07-20 07:33:00,sl,0.01,-1.655575508942311,0.24,False,False
2026-07-20_to_2026-07-26__M15__v1.11_baseline,2026-07-20_to_2026-07-26,M15,v1.11_baseline,2026-07-20 07:45:00,SELL,4017.415,4024.37641245242,4010.453587547581,4003.492175095161,3996.5307626427416,2026-07-20 08:02:00,sl,0.01,-7.201412452419609,0.24,False,False
2026-07-20_to_2026-07-26__M15__v1.11_baseline,2026-07-20_to_2026-07-26,M15,v1.11_baseline,2026-07-20 08:30:00,SELL,4021.669,4026.118319738712,4014.552589228146,4007.436178456293,4000.31976768444,2026-07-20 11:01:00,sl,0.01,-4.689319738712348,0.24,False,False
2026-07-20_to_2026-07-26__M15__v1.12_fixed,2026-07-20_to_2026-07-26,M15,v1.12_fixed,2026-07-20 00:15:00,BUY,4003.619,3995.774276184584,4011.463723815417,4019.308447630833,4027.15317144625,2026-07-20 00:16:00,sl,0.01,-8.084723815416728,0.24,False,False
2026-07-20_to_2026-07-26__M15__v1.12_fixed,2026-07-20_to_2026-07-26,M15,v1.12_fixed,2026-07-20 00:30:00,SELL,3998.767,4006.704957828601,3990.829042171399,3982.8910843427975,3974.953126514197,2026-07-20 00:35:00,sl,0.01,-8.177957828601157,0.24,False,False
2026-07-20_to_2026-07-26__M15__v1.12_fixed,2026-07-20_to_2026-07-26,M15,v1.12_fixed,2026-07-20 00:45:00,BUY,4008.413,4000.1992534448714,4016.6267465551296,4024.840493110259,4033.054239665389,2026-07-20 00:48:00,sl,0.01,-8.453746555129547,0.24,False,False
2026-07-20_to_2026-07-26__M15__v1.12_fixed,2026-07-20_to_2026-07-26,M15,v1.12_fixed,2026-07-20 01:15:00,SELL,4002.974,4010.561230966629,3994.084167511138,3985.194335022277,3976.304502533415,2026-07-20 02:32:00,sl,0.01,-7.82723096662834,0.24,False,False
2026-07-20_to_2026-07-26__M15__v1.12_fixed,2026-07-20_to_2026-07-26,M15,v1.12_fixed,2026-07-20 02:45:00,BUY,4021.903,4014.597204601018,4031.052960786791,4040.2029215735815,4049.352882360373,2026-07-20 05:10:00,sl,0.01,-7.5457953989819,0.24,False,False
2026-07-20_to_2026-07-26__M15__v1.12_fixed,2026-07-20_to_2026-07-26,M15,v1.12_fixed,2026-07-20 05:15:00,SELL,4011.068,4003.718568947811,4003.718568947811,3996.369137895621,3989.019706843432,2026-07-20 06:33:00,sl,0.01,7.109431052189175,0.24,True,False
2026-07-20_to_2026-07-26__M15__v1.12_fixed,2026-07-20_to_2026-07-26,M15,v1.12_fixed,2026-07-20 07:00:00,BUY,4004.343,4010.793720878215,4010.793720878215,4017.24444175643,4023.695162634646,2026-07-20 07:31:00,sl,0.01,6.21072087821518,0.24,True,False
2026-07-20_to_2026-07-26__M15__v1.12_fixed,2026-07-20_to_2026-07-26,M15,v1.12_fixed,2026-07-20 07:45:00,SELL,4017.415,4024.37641245242,4010.453587547581,4003.492175095161,3996.5307626427416,2026-07-20 08:02:00,sl,0.01,-7.201412452419609,0.24,False,False
2026-07-20_to_2026-07-26__M15__v1.12_fixed,2026-07-20_to_2026-07-26,M15,v1.12_fixed,2026-07-20 08:30:00,SELL,4021.669,4026.118319738712,4014.552589228146,4007.436178456293,4000.31976768444,2026-07-20 11:01:00,sl,0.01,-4.689319738712348,0.24,False,False
2026-07-20_to_2026-07-26__M15__v1.12_fixed,2026-07-20_to_2026-07-26,M15,v1.12_fixed,2026-07-20 11:15:00,BUY,4022.104,4034.2193004321407,4028.16165021607,4034.2193004321407,4040.276950648211,2026-07-20 11:31:00,sl,0.01,11.875300432140884,0.24,True,True
2026-07-20_to_2026-07-26__M15__v1.12_fixed,2026-07-20_to_2026-07-26,M15,v1.12_fixed,2026-07-20 11:45:00,SELL,4025.3,4018.257862823899,4018.257862823899,4011.215725647797,4004.173588471696,2026-07-20 12:01:00,sl,0.01,6.802137176101278,0.24,True,False
2026-07-20_to_2026-07-26__M15__v1.12_fixed,2026-07-20_to_2026-07-26,M15,v1.12_fixed,2026-07-20 12:30:00,SELL,4009.942,4002.3011179388136,4002.3011179388136,3994.660235877628,3987.019353816441,2026-07-20 14:03:00,sl,0.01,7.400882061186403,0.24,True,False
2026-07-20_to_2026-07-26__M15__v1.12_fixed,2026-07-20_to_2026-07-26,M15,v1.12_fixed,2026-07-20 14:15:00,BUY,4006.671,3998.893356451595,4014.448643548405,4022.226287096809,4030.003930645214,2026-07-20 14:21:00,sl,0.01,-8.01764354840474,0.24,False,False
2026-07-20_to_2026-07-26__M15__v1.12_fixed,2026-07-20_to_2026-07-26,M15,v1.12_fixed,2026-07-20 15:00:00,BUY,4014.083,4006.948138734049,4022.288240843967,4030.493481687934,4038.698722531901,2026-07-20 16:41:00,sl,0.01,-7.374861265950804,0.24,False,False
2026-07-20_to_2026-07-26__M15__v1.12_fixed,2026-07-20_to_2026-07-26,M15,v1.12_fixed,2026-07-20 17:15:00,BUY,4011.989,4005.1139638962313,4018.8640361037687,4025.739072207537,4032.6141083113057,2026-07-20 17:50:00,sl,0.01,-7.115036103768707,0.24,False,False
2026-07-20_to_2026-07-26__M15__v1.12_fixed,2026-07-20_to_2026-07-26,M15,v1.12_fixed,2026-07-20 18:00:00,BUY,4008.602,4015.146715860051,4015.146715860051,4021.691431720101,4028.236147580152,2026-07-20 19:31:00,sl,0.01,6.304715860050928,0.24,True,False
2026-07-20_to_2026-07-26__M15__v1.12_fixed,2026-07-20_to_2026-07-26,M15,v1.12_fixed,2026-07-20 20:15:00,BUY,4008.274,4002.2154812938616,4014.332518706138,4020.391037412277,4026.4495561184153,2026-07-20 22:48:00,sl,0.01,-6.29851870613833,0.24,False,False
2026-07-20_to_2026-07-26__M15__v1.12_fixed,2026-07-20_to_2026-07-26,M15,v1.12_fixed,2026-07-20 23:30:00,BUY,4007.452,4013.306816970528,4013.306816970528,4019.1616339410566,4025.016450911585,2026-07-21 00:21:00,sl,0.01,5.614816970528191,0.24,True,False
2026-07-20_to_2026-07-26__M15__v1.12_fixed,2026-07-20_to_2026-07-26,M15,v1.12_fixed,2026-07-21 00:30:00,BUY,4022.265,4015.579758343001,4028.9502416569994,4035.635483313997,4042.320724970996,2026-07-21 00:31:00,sl,0.01,-6.925241656998642,0.24,False,False
2026-07-20_to_2026-07-26__M15__v1.12_fixed,2026-07-20_to_2026-07-26,M15,v1.12_fixed,2026-07-21 00:45:00,BUY,4024.957,4031.54751011007,4031.54751011007,4038.13802022014,4044.7285303302106,2026-07-21 01:17:00,sl,0.01,6.350510110070228,0.24,True,False
2026-07-20_to_2026-07-26__M15__v1.12_fixed,2026-07-20_to_2026-07-26,M15,v1.12_fixed,2026-07-21 01:30:00,SELL,4024.283,4031.456447781277,4017.109552218723,4009.936104437446,4002.762656656169,2026-07-21 02:30:00,sl,0.01,-7.413447781276991,0.24,False,False
2026-07-20_to_2026-07-26__M15__v1.12_fixed,2026-07-20_to_2026-07-26,M15,v1.12_fixed,2026-07-21 03:15:00,BUY,4047.259,4039.151973463504,4055.366026536497,4063.473053072993,4071.580079609489,2026-07-21 03:16:00,sl,0.01,-8.347026536496505,0.24,False,False
2026-07-20_to_2026-07-26__M15__v1.12_fixed,2026-07-20_to_2026-07-26,M15,v1.12_fixed,2026-07-21 03:30:00,SELL,4041.935,4050.014667498175,4033.8553325018247,4025.7756650036495,4017.695997505474,2026-07-21 04:01:00,sl,0.01,-8.31966749817524,0.24,False,False
2026-07-20_to_2026-07-26__M15__v1.12_fixed_conservative,2026-07-20_to_2026-07-26,M15,v1.12_fixed_conservative,2026-07-20 06:30:00,SELL,4004.772,4012.483575508943,3994.6818613124537,3984.591722624908,3974.501583937362,2026-07-20 07:33:00,sl,0.01,-7.951575508942588,0.24,False,False
2026-07-20_to_2026-07-26__M15__v1.12_fixed_conservative,2026-07-20_to_2026-07-26,M15,v1.12_fixed_conservative,2026-07-22 12:15:00,BUY,4132.457,4122.970210779338,4141.943789220662,4151.430578441325,4160.917367661988,2026-07-22 12:46:00,sl,0.01,-9.726789220662104,0.24,False,False
2026-07-20_to_2026-07-26__M15__v1.12_fixed_conservative,2026-07-20_to_2026-07-26,M15,v1.12_fixed_conservative,2026-07-24 13:45:00,BUY,4067.346,4055.660804310707,4079.031195689293,4090.716391378586,4102.40158706788,2026-07-24 13:46:00,sl,0.01,-11.925195689292869,0.24,False,False
2026-07-20_to_2026-07-26__M30__v1.11_baseline,2026-07-20_to_2026-07-26,M30,v1.11_baseline,2026-07-20 00:30:00,BUY,4008.413,4000.229576128493,4020.133432523133,4031.8538650462665,4043.5742975694,2026-07-20 01:21:00,sl,0.01,-8.423423871506875,0.24,False,False
2026-07-20_to_2026-07-26__M30__v1.11_baseline,2026-07-20_to_2026-07-26,M30,v1.11_baseline,2026-07-20 02:00:00,BUY,4006.92,4008.9263606997392,4018.915939232261,4030.911878464522,4042.907817696783,2026-07-20 05:35:00,sl,0.01,1.7663606997391617,0.24,False,False
2026-07-20_to_2026-07-26__M30__v1.11_baseline,2026-07-20_to_2026-07-26,M30,v1.11_baseline,2026-07-20 06:00:00,SELL,4004.911,4015.92470293282,3993.89729706718,3982.88359413436,3971.869891201539,2026-07-20 07:36:00,sl,0.01,-11.253702932820252,0.24,False,False
2026-07-20_to_2026-07-26__M30__v1.11_baseline,2026-07-20_to_2026-07-26,M30,v1.11_baseline,2026-07-20 08:30:00,SELL,4019.069,4029.688382614081,4008.449617385919,3997.830234771837,3987.210852157756,2026-07-20 11:30:00,sl,0.01,-10.859382614081133,0.24,False,False
2026-07-20_to_2026-07-26__M30__v1.11_baseline,2026-07-20_to_2026-07-26,M30,v1.11_baseline,2026-07-20 12:00:00,SELL,4012.775,4014.470924350645,4002.066801726028,3991.358603452055,3980.6504051780826,2026-07-20 15:09:00,sl,0.01,-1.935924350645328,0.24,False,False
2026-07-20_to_2026-07-26__M30__v1.11_baseline,2026-07-20_to_2026-07-26,M30,v1.11_baseline,2026-07-20 15:30:00,SELL,4011.869,4013.36485135942,4001.533243610698,3991.197487221396,3980.8617308320936,2026-07-21 00:19:00,sl,0.01,-1.735851359419703,0.24,False,False
2026-07-20_to_2026-07-26__M30__v1.11_baseline,2026-07-20_to_2026-07-26,M30,v1.11_baseline,2026-07-21 00:30:00,BUY,4024.957,4015.667186880876,4034.246813119124,4043.536626238248,4052.8264393573713,2026-07-21 00:31:00,sl,0.01,-9.529813119123665,0.24,False,False
2026-07-20_to_2026-07-26__M30__v1.11_baseline,2026-07-20_to_2026-07-26,M30,v1.11_baseline,2026-07-21 01:00:00,BUY,4028.206,4066.961582090979,4038.076326467758,4047.946652935516,4057.8169794032738,2026-07-21 08:02:00,sl,0.01,38.5155820909788,0.24,False,False
2026-07-20_to_2026-07-26__M30__v1.11_baseline,2026-07-20_to_2026-07-26,M30,v1.11_baseline,2026-07-21 09:30:00,BUY,4066.024,4056.298240535448,4075.749759464552,4085.475518929103,4095.201278393655,2026-07-21 11:04:00,sl,0.01,-9.96575946455163,0.24,False,False
2026-07-20_to_2026-07-26__M30__v1.11_baseline,2026-07-20_to_2026-07-26,M30,v1.11_baseline,2026-07-21 11:30:00,SELL,4056.103,4065.346879374923,4046.8591206250767,4037.615241250153,4028.3713618752295,2026-07-21 12:24:00,sl,0.01,-9.48387937492338,0.24,False,False
2026-07-20_to_2026-07-26__M30__v1.11_baseline,2026-07-20_to_2026-07-26,M30,v1.11_baseline,2026-07-21 12:30:00,SELL,4053.918,4063.469503134501,4044.3664968655,4034.814993731,4025.263490596499,2026-07-21 12:33:00,sl,0.01,-9.791503134500308,0.24,False,False
2026-07-20_to_2026-07-26__M30__v1.11_baseline,2026-07-20_to_2026-07-26,M30,v1.11_baseline,2026-07-21 14:00:00,BUY,4069.413,4058.9274306171656,4079.8985693828345,4090.384138765669,4100.869708148503,2026-07-21 14:01:00,sl,0.01,-10.725569382834456,0.24,False,False
2026-07-20_to_2026-07-26__M30__v1.11_baseline,2026-07-20_to_2026-07-26,M30,v1.11_baseline,2026-07-21 15:00:00,BUY,4076.679,4065.861458032148,4087.496541967852,4098.314083935704,4109.131625903556,2026-07-21 15:05:00,sl,0.01,-11.057541967851868,0.24,False,False
2026-07-20_to_2026-07-26__M30__v1.12_fixed,2026-07-20_to_2026-07-26,M30,v1.12_fixed,2026-07-20 00:30:00,BUY,4008.413,4020.133432523133,4020.133432523133,4031.8538650462665,4043.5742975694,2026-07-20 01:12:00,sl,0.01,11.48043252313324,0.24,True,False
2026-07-20_to_2026-07-26__M30__v1.12_fixed,2026-07-20_to_2026-07-26,M30,v1.12_fixed,2026-07-20 02:00:00,BUY,4006.92,4018.915939232261,4018.915939232261,4030.911878464522,4042.907817696783,2026-07-20 03:07:00,sl,0.01,11.755939232260753,0.24,True,False
2026-07-20_to_2026-07-26__M30__v1.12_fixed,2026-07-20_to_2026-07-26,M30,v1.12_fixed,2026-07-20 03:30:00,BUY,4024.205,4011.986573799826,4036.4234262001737,4048.641852400348,4060.860278600521,2026-07-20 05:12:00,sl,0.01,-12.45842620017378,0.24,False,False
2026-07-20_to_2026-07-26__M30__v1.12_fixed,2026-07-20_to_2026-07-26,M30,v1.12_fixed,2026-07-20 05:30:00,SELL,4008.848,4018.2401514972953,3997.605627610809,3986.3632552216177,3975.1208828324266,2026-07-20 07:40:00,sl,0.01,-9.632151497295345,0.24,False,False
2026-07-20_to_2026-07-26__M30__v1.12_fixed,2026-07-20_to_2026-07-26,M30,v1.12_fixed,2026-07-20 08:30:00,SELL,4019.069,4029.688382614081,4008.449617385919,3997.830234771837,3987.210852157756,2026-07-20 11:30:00,sl,0.01,-10.859382614081133,0.24,False,False
2026-07-20_to_2026-07-26__M30__v1.12_fixed,2026-07-20_to_2026-07-26,M30,v1.12_fixed,2026-07-20 12:00:00,SELL,4012.775,4002.066801726028,4002.066801726028,3991.358603452055,3980.6504051780826,2026-07-20 14:03:00,sl,0.01,10.468198273972355,0.24,True,False
2026-07-20_to_2026-07-26__M30__v1.12_fixed,2026-07-20_to_2026-07-26,M30,v1.12_fixed,2026-07-20 15:00:00,BUY,4016.32,4005.694031580752,4026.945968419249,4037.571936838497,4048.197905257746,2026-07-20 16:41:00,sl,0.01,-10.865968419248691,0.24,False,False
2026-07-20_to_2026-07-26__M30__v1.12_fixed,2026-07-20_to_2026-07-26,M30,v1.12_fixed,2026-07-20 17:00:00,BUY,4011.989,4002.156860135825,4021.821139864175,4031.653279728351,4041.485419592526,2026-07-20 22:48:00,sl,0.01,-10.072139864175131,0.24,False,False
2026-07-20_to_2026-07-26__M30__v1.12_fixed,2026-07-20_to_2026-07-26,M30,v1.12_fixed,2026-07-20 23:30:00,BUY,4009.702,4018.2354400671497,4018.2354400671497,4026.7688801342993,4035.3023202014488,2026-07-21 00:26:00,sl,0.01,8.293440067149513,0.24,True,False
2026-07-20_to_2026-07-26__M30__v1.12_fixed,2026-07-20_to_2026-07-26,M30,v1.12_fixed,2026-07-21 00:30:00,BUY,4024.957,4015.667186880876,4034.246813119124,4043.536626238248,4052.8264393573713,2026-07-21 00:31:00,sl,0.01,-9.529813119123665,0.24,False,False
2026-07-20_to_2026-07-26__M30__v1.12_fixed,2026-07-20_to_2026-07-26,M30,v1.12_fixed,2026-07-21 01:00:00,BUY,4028.206,4038.076326467758,4038.076326467758,4047.946652935516,4057.8169794032738,2026-07-21 02:37:00,sl,0.01,9.630326467757875,0.24,True,False
2026-07-20_to_2026-07-26__M30__v1.12_fixed,2026-07-20_to_2026-07-26,M30,v1.12_fixed,2026-07-21 03:00:00,BUY,4047.259,4057.884392941629,4057.884392941629,4068.5097858832582,4079.135178824888,2026-07-21 05:31:00,sl,0.01,10.385392941629345,0.24,True,False
2026-07-20_to_2026-07-26__M30__v1.12_fixed,2026-07-20_to_2026-07-26,M30,v1.12_fixed,2026-07-21 06:00:00,BUY,4072.61,4083.030248755195,4083.030248755195,4093.450497510389,4103.870746265584,2026-07-21 06:49:00,sl,0.01,10.180248755194734,0.24,True,False
2026-07-20_to_2026-07-26__M30__v1.12_fixed,2026-07-20_to_2026-07-26,M30,v1.12_fixed,2026-07-21 07:00:00,SELL,4069.653,4058.982765103939,4058.982765103939,4048.3125302078784,4037.642295311818,2026-07-21 11:06:00,sl,0.01,10.43023489606072,0.24,True,False
2026-07-20_to_2026-07-26__M30__v1.12_fixed,2026-07-20_to_2026-07-26,M30,v1.12_fixed,2026-07-21 11:30:00,SELL,4056.103,4065.346879374923,4046.8591206250767,4037.615241250153,4028.3713618752295,2026-07-21 12:24:00,sl,0.01,-9.48387937492338,0.24,False,False
2026-07-20_to_2026-07-26__M30__v1.12_fixed,2026-07-20_to_2026-07-26,M30,v1.12_fixed,2026-07-21 12:30:00,SELL,4053.918,4063.469503134501,4044.3664968655,4034.814993731,4025.263490596499,2026-07-21 12:33:00,sl,0.01,-9.791503134500308,0.24,False,False
2026-07-20_to_2026-07-26__M30__v1.12_fixed,2026-07-20_to_2026-07-26,M30,v1.12_fixed,2026-07-21 14:00:00,BUY,4069.413,4058.9274306171656,4079.8985693828345,4090.384138765669,4100.869708148503,2026-07-21 14:01:00,sl,0.01,-10.725569382834456,0.24,False,False
2026-07-20_to_2026-07-26__M30__v1.12_fixed,2026-07-20_to_2026-07-26,M30,v1.12_fixed,2026-07-21 15:00:00,BUY,4076.679,4065.861458032148,4087.496541967852,4098.314083935704,4109.131625903556,2026-07-21 15:05:00,sl,0.01,-11.057541967851868,0.24,False,False
2026-07-20_to_2026-07-26__M30__v1.12_fixed,2026-07-20_to_2026-07-26,M30,v1.12_fixed,2026-07-21 16:30:00,SELL,4071.723,4081.166355261767,4061.5250507640776,4051.3271015281553,4041.129152292233,2026-07-21 18:24:00,sl,0.01,-9.68335526176701,0.24,False,False
2026-07-20_to_2026-07-26__M30__v1.12_fixed,2026-07-20_to_2026-07-26,M30,v1.12_fixed,2026-07-21 18:30:00,SELL,4082.418,4090.422256297227,4072.478535580821,4062.5390711616415,4052.599606742464,2026-07-22 00:10:00,sl,0.01,-8.244256297226675,0.24,False,False
2026-07-20_to_2026-07-26__M30__v1.12_fixed,2026-07-20_to_2026-07-26,M30,v1.12_fixed,2026-07-22 01:00:00,BUY,4115.373,4105.032959267151,4125.713040732848,4136.053081465696,4146.393122198544,2026-07-22 01:01:00,sl,0.01,-10.580040732848138,0.24,False,False
2026-07-20_to_2026-07-26__M30__v1.12_fixed,2026-07-20_to_2026-07-26,M30,v1.12_fixed,2026-07-22 01:30:00,BUY,4121.988,4132.349752109074,4132.349752109074,4142.711504218147,4153.07325632722,2026-07-22 03:04:00,sl,0.01,10.121752109073675,0.24,True,False
2026-07-20_to_2026-07-26__M30__v1.12_fixed,2026-07-20_to_2026-07-26,M30,v1.12_fixed,2026-07-22 03:30:00,SELL,4130.926,4120.8562510675965,4120.8562510675965,4110.786502135192,4100.716753202788,2026-07-22 07:21:00,sl,0.01,9.829748932403854,0.24,True,False
2026-07-20_to_2026-07-26__M30__v1.12_fixed,2026-07-20_to_2026-07-26,M30,v1.12_fixed,2026-07-22 07:30:00,SELL,4110.524,4120.814015226012,4100.233984773989,4089.943969547976,4079.653954321964,2026-07-22 09:07:00,sl,0.01,-10.530015226011749,0.24,False,False
2026-07-20_to_2026-07-26__M30__v1.12_fixed,2026-07-20_to_2026-07-26,M30,v1.12_fixed,2026-07-22 09:30:00,SELL,4115.158,4124.5671315824175,4105.748868417583,4096.339736835166,4086.930605252749,2026-07-22 12:00:00,sl,0.01,-9.649131582417104,0.24,False,False
2026-07-20_to_2026-07-26__M30__v1.12_fixed,2026-07-20_to_2026-07-26,M30,v1.12_fixed,2026-07-22 12:30:00,SELL,4112.985,4123.465776001495,4102.504223998504,4092.023447997009,4081.542671995514,2026-07-22 12:31:00,sl,0.01,-10.720776001495542,0.24,False,False
2026-07-20_to_2026-07-26__M30__v1.12_fixed_conservative,2026-07-20_to_2026-07-26,M30,v1.12_fixed_conservative,2026-07-20 17:30:00,SELL,4005.024,4013.36485135942,3990.31909090347,3975.61418180694,3960.90927271041,2026-07-21 00:19:00,sl,0.01,-8.580851359419958,0.24,False,False
2026-07-20_to_2026-07-26__M30__v1.12_fixed_conservative,2026-07-20_to_2026-07-26,M30,v1.12_fixed_conservative,2026-07-21 15:00:00,BUY,4076.679,4092.905312951778,4092.905312951778,4109.131625903556,4125.3579388553335,2026-07-22 00:16:00,sl,0.01,15.9863129517778,0.24,True,False
2026-08-10_to_2026-08-16__H1__v1.11_baseline,2026-08-10_to_2026-08-16,H1,v1.11_baseline,2026-08-10 01:00:00,SELL,4322.556,4342.266055429886,4302.845944570113,4283.135889140226,4263.425833710338,2026-08-10 05:40:00,sl,0.01,-19.97005542988678,0.26,False,False
2026-08-10_to_2026-08-16__H1__v1.11_baseline,2026-08-10_to_2026-08-16,H1,v1.11_baseline,2026-08-10 06:00:00,BUY,4358.001,4339.242758559066,4376.759241440935,4395.517482881869,4414.275724322803,2026-08-10 10:03:00,sl,0.01,-19.0182414409344,0.26,False,False
2026-08-10_to_2026-08-16__H1__v1.11_baseline,2026-08-10_to_2026-08-16,H1,v1.11_baseline,2026-08-10 13:00:00,SELL,4318.172,4334.763630049965,4301.580369950034,4284.988739900068,4268.397109850103,2026-08-10 13:10:00,sl,0.01,-16.831630049965714,0.24,False,False
2026-08-10_to_2026-08-16__H1__v1.12_fixed,2026-08-10_to_2026-08-16,H1,v1.12_fixed,2026-08-10 01:00:00,SELL,4322.556,4342.266055429886,4302.845944570113,4283.135889140226,4263.425833710338,2026-08-10 05:40:00,sl,0.01,-19.97005542988678,0.26,False,False
2026-08-10_to_2026-08-16__H1__v1.12_fixed,2026-08-10_to_2026-08-16,H1,v1.12_fixed,2026-08-10 06:00:00,BUY,4358.001,4339.242758559066,4376.759241440935,4395.517482881869,4414.275724322803,2026-08-10 10:03:00,sl,0.01,-19.0182414409344,0.26,False,False
2026-08-10_to_2026-08-16__H1__v1.12_fixed,2026-08-10_to_2026-08-16,H1,v1.12_fixed,2026-08-10 13:00:00,SELL,4318.172,4334.763630049965,4301.580369950034,4284.988739900068,4268.397109850103,2026-08-10 13:10:00,sl,0.01,-16.831630049965714,0.24,False,False
2026-08-10_to_2026-08-16__H1__v1.12_fixed_conservative,2026-08-10_to_2026-08-16,H1,v1.12_fixed_conservative,2026-08-12 02:00:00,BUY,4411.408,4389.828502425999,4435.806420464308,4460.204840928616,4484.603261392924,2026-08-12 05:30:00,sl,0.01,-21.839497574000927,0.26,False,False
2026-08-10_to_2026-08-16__M15__v1.11_baseline,2026-08-10_to_2026-08-16,M15,v1.11_baseline,2026-08-10 00:00:00,BUY,4344.237,4335.389733197129,4353.084266802871,4361.931533605741,4370.778800408612,2026-08-10 00:01:00,sl,0.01,-9.087266802870763,0.24,False,False
2026-08-10_to_2026-08-16__M15__v1.11_baseline,2026-08-10_to_2026-08-16,M15,v1.11_baseline,2026-08-10 00:15:00,SELL,4337.809,4327.922012820809,4328.970466540192,4320.131933080384,4311.293399620576,2026-08-10 02:22:00,sl,0.01,9.626987179191238,0.26,False,False
2026-08-10_to_2026-08-16__M15__v1.11_baseline,2026-08-10_to_2026-08-16,M15,v1.11_baseline,2026-08-10 02:30:00,SELL,4326.349,4330.829083509608,4317.223708607957,4308.098417215912,4298.973125823869,2026-08-10 04:11:00,sl,0.01,-4.740083509607539,0.26,False,False
2026-08-10_to_2026-08-16__M15__v1.11_baseline,2026-08-10_to_2026-08-16,M15,v1.11_baseline,2026-08-10 04:15:00,BUY,4334.754,4348.275533622031,4342.911087235518,4351.068174471036,4359.225261706553,2026-08-10 08:39:00,sl,0.01,13.261533622030802,0.26,False,False
2026-08-10_to_2026-08-16__M15__v1.11_baseline,2026-08-10_to_2026-08-16,M15,v1.11_baseline,2026-08-10 09:00:00,BUY,4349.536,4342.119290282849,4356.952709717151,4364.369419434303,4371.786129151453,2026-08-10 09:32:00,sl,0.01,-7.656709717151207,0.24,False,False
2026-08-10_to_2026-08-16__M15__v1.11_baseline,2026-08-10_to_2026-08-16,M15,v1.11_baseline,2026-08-10 09:45:00,SELL,4341.05,4339.044736882662,4334.002128918156,4326.954257836312,4319.906386754467,2026-08-10 11:32:00,sl,0.01,1.7652631173384723,0.24,False,False
2026-08-10_to_2026-08-16__M15__v1.11_baseline,2026-08-10_to_2026-08-16,M15,v1.11_baseline,2026-08-10 12:00:00,SELL,4331.667,4335.636581804605,4325.208813063361,4318.750626126722,4312.292439190082,2026-08-10 13:10:00,sl,0.01,-4.229581804604786,0.26,False,False
2026-08-10_to_2026-08-16__M15__v1.11_baseline,2026-08-10_to_2026-08-16,M15,v1.11_baseline,2026-08-10 13:30:00,SELL,4331.012,4338.333436225081,4323.690563774919,4316.369127549837,4309.047691324756,2026-08-10 13:34:00,sl,0.01,-7.561436225081016,0.24,False,False
2026-08-10_to_2026-08-16__M15__v1.11_baseline,2026-08-10_to_2026-08-16,M15,v1.11_baseline,2026-08-10 13:45:00,SELL,4318.172,4326.075047923289,4310.26895207671,4302.36590415342,4294.4628562301305,2026-08-10 13:46:00,sl,0.01,-8.143047923289705,0.24,False,False
2026-08-10_to_2026-08-16__M15__v1.11_baseline,2026-08-10_to_2026-08-16,M15,v1.11_baseline,2026-08-10 14:00:00,BUY,4329.836,4351.380023980398,4338.122973071627,4346.4099461432525,4354.696919214879,2026-08-10 16:32:00,sl,0.01,21.30402398039747,0.24,False,False
2026-08-10_to_2026-08-16__M15__v1.11_baseline,2026-08-10_to_2026-08-16,M15,v1.11_baseline,2026-08-10 16:45:00,BUY,4356.675,4406.540509765338,4365.1313008412,4373.5876016824,4382.043902523599,2026-08-11 01:00:00,sl,0.01,49.62550976533817,0.24,False,False
2026-08-10_to_2026-08-16__M15__v1.11_baseline,2026-08-10_to_2026-08-16,M15,v1.11_baseline,2026-08-11 01:15:00,BUY,4419.355,4420.700223590727,4427.525297107679,4435.695594215359,4443.865891323038,2026-08-11 02:36:00,sl,0.01,1.0852235907270733,0.26,False,False
2026-08-10_to_2026-08-16__M15__v1.11_baseline,2026-08-10_to_2026-08-16,M15,v1.11_baseline,2026-08-11 02:45:00,SELL,4410.75,4420.567039840705,4400.932960159295,4391.115920318591,4381.298880477885,2026-08-11 03:27:00,sl,0.01,-10.077039840704638,0.26,False,False
2026-08-10_to_2026-08-16__M15__v1.11_baseline,2026-08-10_to_2026-08-16,M15,v1.11_baseline,2026-08-11 03:30:00,SELL,4415.733,4371.065751760032,4406.55635731413,4397.37971462826,4388.203071942389,2026-08-11 08:31:00,sl,0.01,44.407248239968105,0.26,False,False
2026-08-10_to_2026-08-16__M15__v1.11_baseline,2026-08-10_to_2026-08-16,M15,v1.11_baseline,2026-08-11 08:45:00,SELL,4369.101,4378.302505536205,4359.899494463794,4350.697988927589,4341.496483391384,2026-08-11 10:25:00,sl,0.01,-9.461505536205332,0.26,False,False
2026-08-10_to_2026-08-16__M15__v1.11_baseline,2026-08-10_to_2026-08-16,M15,v1.11_baseline,2026-08-11 10:45:00,BUY,4382.413,4388.125654961262,4389.958685193001,4397.504370386002,4405.050055579002,2026-08-11 13:54:00,sl,0.01,5.45265496126216,0.26,False,False
2026-08-10_to_2026-08-16__M15__v1.11_baseline,2026-08-10_to_2026-08-16,M15,v1.11_baseline,2026-08-11 14:15:00,SELL,4383.927,4393.522232352199,4374.3317676478,4364.7365352956,4355.1413029434,2026-08-11 14:42:00,sl,0.01,-9.855232352199671,0.26,False,False
2026-08-10_to_2026-08-16__M15__v1.11_baseline,2026-08-10_to_2026-08-16,M15,v1.11_baseline,2026-08-11 15:15:00,SELL,4386.56,4374.051515199814,4376.992842091546,4367.425684183092,4357.858526274637,2026-08-11 19:32:00,sl,0.01,12.248484800186128,0.26,False,False
2026-08-10_to_2026-08-16__M15__v1.11_baseline,2026-08-10_to_2026-08-16,M15,v1.11_baseline,2026-08-11 19:45:00,BUY,4370.773,4367.945945281379,4378.988402656959,4387.203805313919,4395.419207970877,2026-08-11 22:57:00,sl,0.01,-3.087054718621184,0.26,False,False
2026-08-10_to_2026-08-16__M15__v1.11_baseline,2026-08-10_to_2026-08-16,M15,v1.11_baseline,2026-08-11 23:15:00,BUY,4372.893,4402.64491423216,4379.844403356854,4386.795806713708,4393.747210070561,2026-08-12 03:43:00,sl,0.01,29.49191423215983,0.26,False,False
2026-08-10_to_2026-08-16__M15__v1.11_baseline,2026-08-10_to_2026-08-16,M15,v1.11_baseline,2026-08-12 04:00:00,SELL,4397.456,4404.710132047676,4390.201867952324,4382.947735904649,4375.693603856973,2026-08-12 05:09:00,sl,0.01,-7.514132047675739,0.26,False,False
2026-08-10_to_2026-08-16__M15__v1.11_baseline,2026-08-10_to_2026-08-16,M15,v1.11_baseline,2026-08-12 05:15:00,SELL,4392.433,4399.077303239308,4385.788696760692,4379.144393521384,4372.500090282076,2026-08-12 05:16:00,sl,0.01,-6.904303239308101,0.26,False,False
2026-08-10_to_2026-08-16__M15__v1.11_baseline,2026-08-10_to_2026-08-16,M15,v1.11_baseline,2026-08-12 05:45:00,BUY,4391.368,4384.298412002841,4398.437587997159,4405.507175994318,4412.576763991477,2026-08-12 05:52:00,sl,0.01,-7.329587997159033,0.26,False,False
2026-08-10_to_2026-08-16__M15__v1.11_baseline,2026-08-10_to_2026-08-16,M15,v1.11_baseline,2026-08-12 06:00:00,SELL,4387.113,4394.25447456879,4379.9715254312105,4372.83005086242,4365.68857629363,2026-08-12 06:39:00,sl,0.01,-7.401474568789816,0.26,False,False
2026-08-10_to_2026-08-16__M15__v1.11_baseline,2026-08-10_to_2026-08-16,M15,v1.11_baseline,2026-08-12 06:45:00,BUY,4403.199,4412.929285499143,4410.713968158758,4418.228936317516,4425.743904476273,2026-08-12 09:30:00,sl,0.01,9.470285499143063,0.26,False,False
2026-08-10_to_2026-08-16__M15__v1.11_baseline,2026-08-10_to_2026-08-16,M15,v1.11_baseline,2026-08-12 09:45:00,BUY,4415.925,4410.475188219518,4422.785929423962,4429.646858847925,4436.507788271887,2026-08-12 10:48:00,sl,0.01,-5.709811780482378,0.26,False,False
2026-08-10_to_2026-08-16__M15__v1.11_baseline,2026-08-10_to_2026-08-16,M15,v1.11_baseline,2026-08-12 11:00:00,SELL,4407.972,4414.737027327919,4401.20697267208,4394.44194534416,4387.67691801624,2026-08-12 11:01:00,sl,0.01,-7.025027327919597,0.26,False,False
2026-08-10_to_2026-08-16__M15__v1.11_baseline,2026-08-10_to_2026-08-16,M15,v1.11_baseline,2026-08-12 11:15:00,BUY,4415.199,4408.268974624074,4422.129025375925,4429.059050751851,4435.989076127777,2026-08-12 12:04:00,sl,0.01,-7.190025375925652,0.26,False,False
2026-08-10_to_2026-08-16__M15__v1.11_baseline,2026-08-10_to_2026-08-16,M15,v1.11_baseline,2026-08-12 12:15:00,BUY,4427.14,4419.374168737979,4434.905831262022,4442.671662524043,4450.437493786065,2026-08-12 12:16:00,sl,0.01,-8.025831262021493,0.26,False,False
2026-08-10_to_2026-08-16__M15__v1.11_baseline,2026-08-10_to_2026-08-16,M15,v1.11_baseline,2026-08-12 13:00:00,SELL,4422.128,4434.759452362486,4409.496547637514,4396.865095275029,4384.233642912543,2026-08-12 13:03:00,sl,0.01,-12.891452362486014,0.26,False,False
2026-08-10_to_2026-08-16__M15__v1.11_baseline,2026-08-10_to_2026-08-16,M15,v1.11_baseline,2026-08-12 13:15:00,SELL,4418.363,4429.2566156831135,4405.598865663406,4392.834731326812,4380.070596990219,2026-08-12 13:50:00,sl,0.01,-11.15361568311324,0.26,False,False
2026-08-10_to_2026-08-16__M15__v1.11_baseline,2026-08-10_to_2026-08-16,M15,v1.11_baseline,2026-08-12 14:00:00,BUY,4431.926,4418.687702209368,4445.164297790633,4458.402595581266,4471.640893371899,2026-08-12 14:35:00,sl,0.01,-13.498297790632714,0.26,False,False
2026-08-10_to_2026-08-16__M15__v1.11_baseline,2026-08-10_to_2026-08-16,M15,v1.11_baseline,2026-08-12 14:45:00,SELL,4421.889,4414.001024098356,4408.236642767485,4394.584285534971,4380.931928302456,2026-08-12 18:45:00,sl,0.01,7.627975901644495,0.26,False,False
2026-08-10_to_2026-08-16__M15__v1.11_baseline,2026-08-10_to_2026-08-16,M15,v1.11_baseline,2026-08-12 19:00:00,BUY,4416.207,4406.254361363787,4426.1596386362135,4436.112277272426,4446.064915908639,2026-08-12 22:03:00,sl,0.01,-10.212638636213123,0.26,False,False
2026-08-10_to_2026-08-16__M15__v1.11_baseline,2026-08-10_to_2026-08-16,M15,v1.11_baseline,2026-08-12 22:15:00,SELL,4399.369,4406.693452737446,4392.044547262553,4384.720094525108,4377.395641787662,2026-08-12 23:16:00,sl,0.01,-7.584452737446337,0.26,False,False
2026-08-10_to_2026-08-16__M15__v1.11_baseline,2026-08-10_to_2026-08-16,M15,v1.11_baseline,2026-08-12 23:45:00,BUY,4414.262,4408.004267481133,4420.5197325188665,4426.777465037733,4433.0351975566,2026-08-12 23:50:00,sl,0.01,-6.49773251886676,0.24,False,False
2026-08-10_to_2026-08-16__M15__v1.11_baseline,2026-08-10_to_2026-08-16,M15,v1.11_baseline,2026-08-13 00:00:00,BUY,4419.176,4425.895641869731,4425.664180196091,4432.152360392181,4438.640540588272,2026-08-13 00:31:00,sl,0.01,6.459641869730367,0.26,False,False
2026-08-10_to_2026-08-16__M15__v1.11_baseline,2026-08-10_to_2026-08-16,M15,v1.11_baseline,2026-08-13 00:45:00,SELL,4427.737,4436.927573210937,4418.546426789063,4409.355853578127,4400.16528036719,2026-08-13 00:46:00,sl,0.01,-9.450573210937144,0.26,False,False
2026-08-10_to_2026-08-16__M15__v1.11_baseline,2026-08-10_to_2026-08-16,M15,v1.11_baseline,2026-08-13 01:00:00,BUY,4430.167,4420.77430874191,4439.613460838727,4449.059921677454,4458.5063825161815,2026-08-13 01:21:00,sl,0.01,-9.652691258090051,0.26,False,False
2026-08-10_to_2026-08-16__M15__v1.11_baseline,2026-08-10_to_2026-08-16,M15,v1.11_baseline,2026-08-13 01:45:00,SELL,4408.472,4406.158029502517,4398.105124466952,4387.738248933904,4377.371373400856,2026-08-13 05:26:00,sl,0.01,2.053970497482842,0.26,False,False
2026-08-10_to_2026-08-16__M15__v1.11_baseline,2026-08-10_to_2026-08-16,M15,v1.11_baseline,2026-08-13 05:30:00,SELL,4387.733,4396.937652109957,4378.528347890044,4369.323695780087,4360.119043670131,2026-08-13 05:31:00,sl,0.01,-9.46465210995644,0.26,False,False
2026-08-10_to_2026-08-16__M15__v1.11_baseline,2026-08-10_to_2026-08-16,M15,v1.11_baseline,2026-08-13 05:45:00,SELL,4382.757,4376.616985856192,4373.58110875504,4364.405217510081,4355.229326265121,2026-08-13 08:48:00,sl,0.01,5.880014143808003,0.26,False,False
2026-08-10_to_2026-08-16__M15__v1.11_baseline,2026-08-10_to_2026-08-16,M15,v1.11_baseline,2026-08-13 09:15:00,BUY,4380.114,4384.818214222969,4387.757011563265,4395.400023126531,4403.0430346897965,2026-08-13 11:41:00,sl,0.01,4.444214222969313,0.26,False,False
2026-08-10_to_2026-08-16__M15__v1.11_baseline,2026-08-10_to_2026-08-16,M15,v1.11_baseline,2026-08-13 11:45:00,BUY,4387.509,4381.340107378959,4394.218563933056,4400.92812786611,4407.637691799166,2026-08-13 12:32:00,sl,0.01,-6.428892621040868,0.26,False,False
2026-08-10_to_2026-08-16__M15__v1.11_baseline,2026-08-10_to_2026-08-16,M15,v1.11_baseline,2026-08-13 12:45:00,BUY,4402.022,4393.995069827884,4410.048930172115,4418.075860344231,4426.102790516346,2026-08-13 12:46:00,sl,0.01,-8.286930172115499,0.26,False,False
2026-08-10_to_2026-08-16__M15__v1.11_baseline,2026-08-10_to_2026-08-16,M15,v1.11_baseline,2026-08-13 13:00:00,SELL,4393.958,4379.040432400997,4385.685993411606,4377.413986823214,4369.141980234821,2026-08-13 14:41:00,sl,0.01,14.657567599002723,0.26,False,False
2026-08-10_to_2026-08-16__M15__v1.11_baseline,2026-08-10_to_2026-08-16,M15,v1.11_baseline,2026-08-13 15:00:00,SELL,4369.571,4380.3547621624775,4358.787237837522,4348.003475675045,4337.219713512566,2026-08-13 15:01:00,sl,0.01,-11.043762162477616,0.26,False,False
2026-08-10_to_2026-08-16__M15__v1.11_baseline,2026-08-10_to_2026-08-16,M15,v1.11_baseline,2026-08-13 15:15:00,SELL,4365.388,4367.784943047148,4354.625149420556,4343.8622988411125,4333.099448261669,2026-08-13 16:57:00,sl,0.01,-2.6569430471479425,0.26,False,False
2026-08-10_to_2026-08-16__M15__v1.11_baseline,2026-08-10_to_2026-08-16,M15,v1.11_baseline,2026-08-13 17:00:00,BUY,4371.545,4361.51121152221,4381.57878847779,4391.61257695558,4401.64636543337,2026-08-13 17:32:00,sl,0.01,-10.29378847779004,0.26,False,False
2026-08-10_to_2026-08-16__M15__v1.11_baseline,2026-08-10_to_2026-08-16,M15,v1.11_baseline,2026-08-13 18:00:00,BUY,4362.087,4352.753580702984,4371.420419297016,4380.7538385940325,4390.0872578910485,2026-08-13 19:11:00,sl,0.01,-9.573419297016008,0.24,False,False
2026-08-10_to_2026-08-16__M15__v1.11_baseline,2026-08-10_to_2026-08-16,M15,v1.11_baseline,2026-08-13 19:15:00,BUY,4351.369,4351.375690949273,4360.186272064926,4369.003544129852,4377.820816194779,2026-08-13 23:03:00,sl,0.01,-0.233309050726566,0.24,False,False
2026-08-10_to_2026-08-16__M15__v1.11_baseline,2026-08-10_to_2026-08-16,M15,v1.11_baseline,2026-08-13 23:30:00,SELL,4360.348,4327.057784676553,4353.340417494484,4346.33283498897,4339.325252483454,2026-08-14 03:33:00,sl,0.01,33.050215323447226,0.24,False,False
2026-08-10_to_2026-08-16__M15__v1.11_baseline,2026-08-10_to_2026-08-16,M15,v1.11_baseline,2026-08-14 03:45:00,SELL,4323.32,4323.196457154394,4314.798634188008,4306.277268376015,4297.755902564023,2026-08-14 05:38:00,sl,0.01,-0.116457154394302,0.24,False,False
2026-08-10_to_2026-08-16__M15__v1.11_baseline,2026-08-10_to_2026-08-16,M15,v1.11_baseline,2026-08-14 05:45:00,BUY,4333.427,4325.311788428232,4341.542211571767,4349.657423143535,4357.772634715303,2026-08-14 05:46:00,sl,0.01,-8.375211571767759,0.26,False,False
2026-08-10_to_2026-08-16__M15__v1.11_baseline,2026-08-10_to_2026-08-16,M15,v1.11_baseline,2026-08-14 06:00:00,SELL,4332.554,4340.068525413542,4324.512017826216,4316.470035652432,4308.428053478648,2026-08-14 07:44:00,sl,0.01,-7.774525413542287,0.26,False,False
2026-08-10_to_2026-08-16__M15__v1.11_baseline,2026-08-10_to_2026-08-16,M15,v1.11_baseline,2026-08-14 07:45:00,BUY,4343.451,4375.324660487247,4350.7042884479815,4357.957576895962,4365.210865343944,2026-08-14 12:40:00,sl,0.01,31.613660487246523,0.26,False,False
2026-08-10_to_2026-08-16__M15__v1.11_baseline,2026-08-10_to_2026-08-16,M15,v1.11_baseline,2026-08-14 13:15:00,BUY,4384.573,4383.944792109441,4392.561533870146,4400.550067740292,4408.538601610438,2026-08-14 13:53:00,sl,0.01,-0.8882078905596791,0.26,False,False
2026-08-10_to_2026-08-16__M15__v1.11_baseline,2026-08-10_to_2026-08-16,M15,v1.11_baseline,2026-08-14 14:00:00,BUY,4390.632,4381.972074375834,4399.291925624165,4407.95185124833,4416.611776872496,2026-08-14 14:42:00,sl,0.01,-8.919925624165225,0.26,False,False
2026-08-10_to_2026-08-16__M15__v1.11_baseline,2026-08-10_to_2026-08-16,M15,v1.11_baseline,2026-08-14 15:00:00,BUY,4392.065,4383.11704946502,4401.01295053498,4409.96090106996,4418.90885160494,2026-08-14 15:24:00,sl,0.01,-9.207950534980007,0.26,False,False
2026-08-10_to_2026-08-16__M15__v1.11_baseline,2026-08-10_to_2026-08-16,M15,v1.11_baseline,2026-08-14 15:30:00,BUY,4389.449,4381.403608214172,4398.598263471487,4407.747526942975,4416.896790414463,2026-08-14 16:33:00,sl,0.01,-8.305391785827632,0.26,False,False
2026-08-10_to_2026-08-16__M15__v1.11_baseline,2026-08-10_to_2026-08-16,M15,v1.11_baseline,2026-08-14 17:00:00,SELL,4382.472,4380.958752938356,4374.346172449066,4366.220344898132,4358.094517347198,2026-08-14 20:57:00,eom_markout,0.01,6.328999999999942,0.26,False,False
2026-08-10_to_2026-08-16__M15__v1.12_fixed,2026-08-10_to_2026-08-16,M15,v1.12_fixed,2026-08-10 00:00:00,BUY,4344.237,4335.389733197129,4353.084266802871,4361.931533605741,4370.778800408612,2026-08-10 00:01:00,sl,0.01,-9.087266802870763,0.24,False,False
2026-08-10_to_2026-08-16__M15__v1.12_fixed,2026-08-10_to_2026-08-16,M15,v1.12_fixed,2026-08-10 00:15:00,SELL,4337.809,4328.970466540192,4328.970466540192,4320.131933080384,4311.293399620576,2026-08-10 01:01:00,sl,0.01,8.578533459807877,0.26,True,False
2026-08-10_to_2026-08-16__M15__v1.12_fixed,2026-08-10_to_2026-08-16,M15,v1.12_fixed,2026-08-10 01:15:00,SELL,4316.461,4325.910547666223,4307.011452333778,4297.5619046675565,4288.112357001334,2026-08-10 01:16:00,sl,0.01,-9.709547666222315,0.26,False,False
2026-08-10_to_2026-08-16__M15__v1.12_fixed,2026-08-10_to_2026-08-16,M15,v1.12_fixed,2026-08-10 01:30:00,BUY,4317.139,4326.473008547207,4326.473008547207,4335.807017094412,4345.141025641618,2026-08-10 02:22:00,sl,0.01,9.074008547206397,0.26,True,False
2026-08-10_to_2026-08-16__M15__v1.12_fixed,2026-08-10_to_2026-08-16,M15,v1.12_fixed,2026-08-10 02:30:00,SELL,4326.349,4330.829083509608,4317.223708607957,4308.098417215912,4298.973125823869,2026-08-10 04:11:00,sl,0.01,-4.740083509607539,0.26,False,False
2026-08-10_to_2026-08-16__M15__v1.12_fixed,2026-08-10_to_2026-08-16,M15,v1.12_fixed,2026-08-10 04:15:00,BUY,4334.754,4342.911087235518,4342.911087235518,4351.068174471036,4359.225261706553,2026-08-10 05:41:00,sl,0.01,7.897087235517793,0.26,True,False
2026-08-10_to_2026-08-16__M15__v1.12_fixed,2026-08-10_to_2026-08-16,M15,v1.12_fixed,2026-08-10 05:45:00,BUY,4347.437,4355.698448405743,4355.698448405743,4363.959896811485,4372.221345217228,2026-08-10 06:44:00,sl,0.01,8.001448405743067,0.26,True,False
2026-08-10_to_2026-08-16__M15__v1.12_fixed,2026-08-10_to_2026-08-16,M15,v1.12_fixed,2026-08-10 06:45:00,BUY,4358.001,4349.906952443866,4366.095047556134,4374.189095112267,4382.283142668401,2026-08-10 08:33:00,sl,0.01,-8.354047556133773,0.26,False,False
2026-08-10_to_2026-08-16__M15__v1.12_fixed,2026-08-10_to_2026-08-16,M15,v1.12_fixed,2026-08-10 09:00:00,BUY,4349.536,4342.119290282849,4356.952709717151,4364.369419434303,4371.786129151453,2026-08-10 09:32:00,sl,0.01,-7.656709717151207,0.24,False,False
2026-08-10_to_2026-08-16__M15__v1.12_fixed,2026-08-10_to_2026-08-16,M15,v1.12_fixed,2026-08-10 09:45:00,SELL,4341.05,4334.002128918156,4334.002128918156,4326.954257836312,4319.906386754467,2026-08-10 11:08:00,sl,0.01,6.807871081844279,0.24,True,False
2026-08-10_to_2026-08-16__M15__v1.12_fixed,2026-08-10_to_2026-08-16,M15,v1.12_fixed,2026-08-10 11:15:00,BUY,4334.737,4329.217494323243,4341.340157921774,4347.9433158435495,4354.546473765324,2026-08-10 12:17:00,sl,0.01,-5.759505676757035,0.24,False,False
2026-08-10_to_2026-08-16__M15__v1.12_fixed,2026-08-10_to_2026-08-16,M15,v1.12_fixed,2026-08-10 12:45:00,BUY,4332.418,4339.010023214211,4339.010023214211,4345.602046428423,4352.1940696426345,2026-08-10 13:37:00,sl,0.01,6.352023214211622,0.24,True,False
2026-08-10_to_2026-08-16__M15__v1.12_fixed,2026-08-10_to_2026-08-16,M15,v1.12_fixed,2026-08-10 13:45:00,SELL,4318.172,4326.075047923289,4310.26895207671,4302.36590415342,4294.4628562301305,2026-08-10 13:46:00,sl,0.01,-8.143047923289705,0.24,False,False
2026-08-10_to_2026-08-16__M15__v1.12_fixed,2026-08-10_to_2026-08-16,M15,v1.12_fixed,2026-08-10 14:00:00,BUY,4329.836,4338.122973071627,4338.122973071627,4346.4099461432525,4354.696919214879,2026-08-10 14:23:00,sl,0.01,8.046973071626562,0.24,True,False
2026-08-10_to_2026-08-16__M15__v1.12_fixed,2026-08-10_to_2026-08-16,M15,v1.12_fixed,2026-08-10 14:30:00,BUY,4349.385,4358.378094128086,4358.378094128086,4367.371188256172,4376.364282384257,2026-08-10 15:59:00,sl,0.01,8.733094128085432,0.26,True,False
2026-08-10_to_2026-08-16__M15__v1.12_fixed,2026-08-10_to_2026-08-16,M15,v1.12_fixed,2026-08-10 16:00:00,BUY,4361.495,4352.870991575671,4370.119008424329,4378.743016848659,4387.367025272988,2026-08-10 16:31:00,sl,0.01,-8.884008424329076,0.26,False,False
2026-08-10_to_2026-08-16__M15__v1.12_fixed,2026-08-10_to_2026-08-16,M15,v1.12_fixed,2026-08-10 16:45:00,BUY,4356.675,4365.1313008412,4365.1313008412,4373.5876016824,4382.043902523599,2026-08-10 17:40:00,sl,0.01,8.216300841199663,0.24,True,False
2026-08-10_to_2026-08-16__M15__v1.12_fixed,2026-08-10_to_2026-08-16,M15,v1.12_fixed,2026-08-10 18:00:00,BUY,4363.016,4378.04129477759,4370.528647388795,4378.04129477759,4385.553942166386,2026-08-10 18:32:00,sl,0.01,14.785294777590718,0.24,True,True
2026-08-10_to_2026-08-16__M15__v1.12_fixed,2026-08-10_to_2026-08-16,M15,v1.12_fixed,2026-08-10 19:00:00,BUY,4381.936,4389.717804145965,4389.717804145965,4397.49960829193,4405.281412437895,2026-08-10 19:26:00,sl,0.01,7.521804145964998,0.26,True,False
2026-08-10_to_2026-08-16__M15__v1.12_fixed,2026-08-10_to_2026-08-16,M15,v1.12_fixed,2026-08-10 19:30:00,SELL,4388.055,4396.174810717695,4379.935189282306,4371.815378564612,4363.695567846918,2026-08-10 22:43:00,sl,0.01,-8.379810717694236,0.26,False,False
2026-08-10_to_2026-08-16__M15__v1.12_fixed,2026-08-10_to_2026-08-16,M15,v1.12_fixed,2026-08-10 22:45:00,BUY,4399.782,4406.062820857269,4406.062820857269,4412.343641714538,4418.624462571806,2026-08-11 00:10:00,sl,0.01,6.0208208572687365,0.26,True,False
2026-08-10_to_2026-08-16__M15__v1.12_fixed,2026-08-10_to_2026-08-16,M15,v1.12_fixed,2026-08-11 00:15:00,BUY,4413.838,4407.019189009887,4420.656810990113,4427.475621980226,4434.294432970339,2026-08-11 00:16:00,sl,0.01,-7.078810990112979,0.26,False,False
2026-08-10_to_2026-08-16__M15__v1.12_fixed,2026-08-10_to_2026-08-16,M15,v1.12_fixed,2026-08-11 00:45:00,SELL,4409.467,4416.601326823107,4402.332673176892,4395.1983463537845,4388.064019530677,2026-08-11 00:46:00,sl,0.01,-7.394326823107585,0.26,False,False
2026-08-10_to_2026-08-16__M15__v1.12_fixed,2026-08-10_to_2026-08-16,M15,v1.12_fixed,2026-08-11 01:15:00,BUY,4419.355,4427.525297107679,4427.525297107679,4435.695594215359,4443.865891323038,2026-08-11 01:51:00,sl,0.01,7.910297107679289,0.26,True,False
2026-08-10_to_2026-08-16__M15__v1.12_fixed,2026-08-10_to_2026-08-16,M15,v1.12_fixed,2026-08-11 02:15:00,SELL,4428.616,4419.368149060484,4419.368149060484,4410.120298120969,4400.872447181453,2026-08-11 02:38:00,sl,0.01,8.987850939515956,0.26,True,False
2026-08-10_to_2026-08-16__M15__v1.12_fixed,2026-08-10_to_2026-08-16,M15,v1.12_fixed,2026-08-11 02:45:00,SELL,4410.75,4420.567039840705,4400.932960159295,4391.115920318591,4381.298880477885,2026-08-11 03:27:00,sl,0.01,-10.077039840704638,0.26,False,False
2026-08-10_to_2026-08-16__M15__v1.12_fixed,2026-08-10_to_2026-08-16,M15,v1.12_fixed,2026-08-11 03:30:00,SELL,4415.733,4406.55635731413,4406.55635731413,4397.37971462826,4388.203071942389,2026-08-11 04:51:00,sl,0.01,8.91664268587032,0.26,True,False
2026-08-10_to_2026-08-16__M15__v1.12_fixed,2026-08-10_to_2026-08-16,M15,v1.12_fixed,2026-08-11 05:00:00,SELL,4402.254,4393.386757697294,4393.386757697294,4384.519515394589,4375.652273091883,2026-08-11 05:27:00,sl,0.01,8.607242302705563,0.26,True,False
2026-08-10_to_2026-08-16__M15__v1.12_fixed,2026-08-10_to_2026-08-16,M15,v1.12_fixed,2026-08-11 05:30:00,SELL,4377.124,4367.271321687973,4367.271321687973,4357.418643375947,4347.56596506392,2026-08-11 05:57:00,sl,0.01,9.59267831202691,0.26,True,False
2026-08-10_to_2026-08-16__M15__v1.12_fixed,2026-08-10_to_2026-08-16,M15,v1.12_fixed,2026-08-11 06:15:00,SELL,4363.557,4373.875558036269,4353.238441963731,4342.919883927461,4332.601325891193,2026-08-11 06:17:00,sl,0.01,-10.578558036268769,0.26,False,False
2026-08-10_to_2026-08-16__M15__v1.12_fixed,2026-08-10_to_2026-08-16,M15,v1.12_fixed,2026-08-11 07:00:00,SELL,4363.215,4371.065751760032,4353.3695841816025,4343.524168363205,4333.678752544807,2026-08-11 08:31:00,sl,0.01,-8.110751760031926,0.26,False,False
2026-08-10_to_2026-08-16__M15__v1.12_fixed,2026-08-10_to_2026-08-16,M15,v1.12_fixed,2026-08-11 08:45:00,SELL,4369.101,4378.302505536205,4359.899494463794,4350.697988927589,4341.496483391384,2026-08-11 10:25:00,sl,0.01,-9.461505536205332,0.26,False,False
2026-08-10_to_2026-08-16__M15__v1.12_fixed,2026-08-10_to_2026-08-16,M15,v1.12_fixed,2026-08-11 10:45:00,BUY,4382.413,4389.958685193001,4389.958685193001,4397.504370386002,4405.050055579002,2026-08-11 11:02:00,sl,0.01,7.285685193001191,0.26,True,False
2026-08-10_to_2026-08-16__M15__v1.12_fixed,2026-08-10_to_2026-08-16,M15,v1.12_fixed,2026-08-11 11:15:00,SELL,4387.423,4395.174935150705,4379.556123481545,4371.689246963089,4363.8223704446345,2026-08-11 12:08:00,sl,0.01,-8.011935150705321,0.26,False,False
2026-08-10_to_2026-08-16__M15__v1.12_fixed,2026-08-10_to_2026-08-16,M15,v1.12_fixed,2026-08-11 12:15:00,SELL,4391.358,4399.614998184184,4383.101001815817,4374.844003631633,4366.58700544745,2026-08-11 12:21:00,sl,0.01,-8.51699818418343,0.26,False,False
2026-08-10_to_2026-08-16__M15__v1.12_fixed,2026-08-10_to_2026-08-16,M15,v1.12_fixed,2026-08-11 12:30:00,BUY,4398.57,4390.1967874004,4406.943212599599,4415.3164251991975,4423.689637798797,2026-08-11 12:34:00,sl,0.01,-8.633212599599355,0.26,False,False
2026-08-10_to_2026-08-16__M15__v1.12_fixed,2026-08-10_to_2026-08-16,M15,v1.12_fixed,2026-08-11 12:45:00,SELL,4392.573,4400.912197413913,4384.233802586087,4375.894605172174,4367.55540775826,2026-08-11 13:11:00,sl,0.01,-8.599197413913098,0.26,False,False
2026-08-10_to_2026-08-16__M15__v1.12_fixed,2026-08-10_to_2026-08-16,M15,v1.12_fixed,2026-08-11 13:15:00,BUY,4397.992,4389.384273658412,4406.599726341588,4415.2074526831775,4423.815179024766,2026-08-11 13:35:00,sl,0.01,-8.867726341588204,0.26,False,False
2026-08-10_to_2026-08-16__M15__v1.12_fixed,2026-08-10_to_2026-08-16,M15,v1.12_fixed,2026-08-11 13:45:00,SELL,4389.436,4399.160896692491,4379.711103307508,4369.986206615015,4360.261309922524,2026-08-11 13:46:00,sl,0.01,-9.984896692491713,0.26,False,False
2026-08-10_to_2026-08-16__M15__v1.12_fixed,2026-08-10_to_2026-08-16,M15,v1.12_fixed,2026-08-11 14:15:00,SELL,4383.927,4393.522232352199,4374.3317676478,4364.7365352956,4355.1413029434,2026-08-11 14:42:00,sl,0.01,-9.855232352199671,0.26,False,False
2026-08-10_to_2026-08-16__M15__v1.12_fixed,2026-08-10_to_2026-08-16,M15,v1.12_fixed,2026-08-11 15:15:00,SELL,4386.56,4376.992842091546,4376.992842091546,4367.425684183092,4357.858526274637,2026-08-11 15:35:00,sl,0.01,9.307157908454649,0.26,True,False
2026-08-10_to_2026-08-16__M15__v1.12_fixed,2026-08-10_to_2026-08-16,M15,v1.12_fixed,2026-08-11 15:45:00,BUY,4383.644,4373.542802619752,4393.745197380249,4403.846394760498,4413.947592140748,2026-08-11 17:54:00,sl,0.01,-10.361197380248775,0.26,False,False
2026-08-10_to_2026-08-16__M15__v1.12_fixed,2026-08-10_to_2026-08-16,M15,v1.12_fixed,2026-08-11 18:00:00,SELL,4363.556,4372.037164758841,4355.074835241158,4346.593670482317,4338.112505723476,2026-08-11 18:45:00,sl,0.01,-8.74116475884126,0.26,False,False
2026-08-10_to_2026-08-16__M15__v1.12_fixed,2026-08-10_to_2026-08-16,M15,v1.12_fixed,2026-08-11 19:00:00,SELL,4363.904,4372.094600314382,4355.713399685619,4347.522799371238,4339.332199056857,2026-08-11 19:31:00,sl,0.01,-8.4506003143813,0.26,False,False
2026-08-10_to_2026-08-16__M15__v1.12_fixed_conservative,2026-08-10_to_2026-08-16,M15,v1.12_fixed_conservative,2026-08-10 05:30:00,BUY,4343.504,4331.497967959954,4355.510032040046,4367.516064080092,4379.5220961201385,2026-08-10 05:31:00,sl,0.01,-12.266032040046191,0.26,False,False
2026-08-10_to_2026-08-16__M15__v1.12_fixed_conservative,2026-08-10_to_2026-08-16,M15,v1.12_fixed_conservative,2026-08-12 01:00:00,BUY,4390.133,4379.229803335704,4401.036196664296,4411.939393328592,4422.842589992888,2026-08-12 01:01:00,sl,0.01,-11.163196664296049,0.26,False,False
2026-08-10_to_2026-08-16__M15__v1.12_fixed_conservative,2026-08-10_to_2026-08-16,M15,v1.12_fixed_conservative,2026-08-12 07:30:00,BUY,4407.874,4418.657137597371,4418.657137597371,4429.440275194743,4440.223412792114,2026-08-12 09:26:00,sl,0.01,10.523137597371024,0.26,True,False
2026-08-10_to_2026-08-16__M30__v1.11_baseline,2026-08-10_to_2026-08-16,M30,v1.11_baseline,2026-08-10 00:30:00,SELL,4332.219,4334.503297636985,4319.128619972982,4306.038239945965,4292.947859918947,2026-08-10 04:20:00,sl,0.01,-2.5442976369847745,0.26,False,False
2026-08-10_to_2026-08-16__M30__v1.11_baseline,2026-08-10_to_2026-08-16,M30,v1.11_baseline,2026-08-10 05:00:00,SELL,4333.929,4346.380800710318,4321.477199289682,4309.025398579365,4296.573597869047,2026-08-10 05:48:00,sl,0.01,-12.691800710317912,0.24,False,False
2026-08-10_to_2026-08-16__M30__v1.11_baseline,2026-08-10_to_2026-08-16,M30,v1.11_baseline,2026-08-10 06:30:00,BUY,4358.001,4345.197307157227,4370.804692842773,4383.608385685545,4396.412078528318,2026-08-10 08:50:00,sl,0.01,-13.06369284277276,0.26,False,False
2026-08-10_to_2026-08-16__M30__v1.11_baseline,2026-08-10_to_2026-08-16,M30,v1.11_baseline,2026-08-10 09:30:00,SELL,4341.05,4334.566705699119,4329.987406658428,4318.924813316856,4307.862219975284,2026-08-10 14:18:00,sl,0.01,6.243294300881425,0.24,False,False
2026-08-10_to_2026-08-16__M30__v1.11_baseline,2026-08-10_to_2026-08-16,M30,v1.11_baseline,2026-08-10 15:00:00,BUY,4349.371,4401.108759596656,4361.609300758252,4373.847601516503,4386.085902274755,2026-08-11 01:01:00,sl,0.01,51.49775959665545,0.24,False,False
2026-08-10_to_2026-08-16__M30__v1.11_baseline,2026-08-10_to_2026-08-16,M30,v1.11_baseline,2026-08-11 01:30:00,BUY,4429.826,4417.350487659302,4442.301512340698,4454.777024681396,4467.252537022094,2026-08-11 01:37:00,sl,0.01,-12.735512340697603,0.26,False,False
2026-08-10_to_2026-08-16__M30__v1.11_baseline,2026-08-10_to_2026-08-16,M30,v1.11_baseline,2026-08-11 02:30:00,SELL,4410.75,4423.935793803969,4397.564206196031,4384.378412392062,4371.192618588093,2026-08-11 02:31:00,sl,0.01,-13.445793803969318,0.26,False,False
2026-08-10_to_2026-08-16__M30__v1.11_baseline,2026-08-10_to_2026-08-16,M30,v1.11_baseline,2026-08-11 03:00:00,BUY,4420.226,4407.183762896314,4433.268237103685,4446.310474207371,4459.352711311056,2026-08-11 04:49:00,sl,0.01,-13.302237103685696,0.26,False,False
2026-08-10_to_2026-08-16__M30__v1.11_baseline,2026-08-10_to_2026-08-16,M30,v1.11_baseline,2026-08-11 05:00:00,SELL,4392.524,4405.7093667721365,4379.338633227864,4366.153266455729,4352.967899683593,2026-08-11 05:01:00,sl,0.01,-13.445366772136149,0.26,False,False
2026-08-10_to_2026-08-16__M30__v1.11_baseline,2026-08-10_to_2026-08-16,M30,v1.11_baseline,2026-08-11 05:30:00,SELL,4375.245,4377.358944977148,4361.195302283017,4347.145604566033,4333.09590684905,2026-08-11 10:23:00,sl,0.01,-2.373944977148094,0.26,False,False
2026-08-10_to_2026-08-16__M30__v1.11_baseline,2026-08-10_to_2026-08-16,M30,v1.11_baseline,2026-08-11 10:30:00,BUY,4382.413,4384.337914814138,4394.042427640845,4405.671855281689,4417.301282922535,2026-08-11 14:02:00,sl,0.01,1.664914814137992,0.26,False,False
2026-08-10_to_2026-08-16__M30__v1.11_baseline,2026-08-10_to_2026-08-16,M30,v1.11_baseline,2026-08-11 14:30:00,BUY,4393.9,4381.707364297922,4406.092635702077,4418.285271404155,4430.477907106232,2026-08-11 15:34:00,sl,0.01,-12.452635702077496,0.26,False,False
2026-08-10_to_2026-08-16__M30__v1.11_baseline,2026-08-10_to_2026-08-16,M30,v1.11_baseline,2026-08-11 17:00:00,SELL,4381.478,4378.8956015248805,4369.7965467499935,4358.115093499987,4346.43364024998,2026-08-12 00:14:00,sl,0.01,2.3223984751195896,0.26,False,False
2026-08-10_to_2026-08-16__M30__v1.11_baseline,2026-08-10_to_2026-08-16,M30,v1.11_baseline,2026-08-12 01:00:00,BUY,4390.468,4379.945880347415,4400.990119652585,4411.512239305171,4422.034358957756,2026-08-12 01:01:00,sl,0.01,-10.782119652585388,0.26,False,False
2026-08-10_to_2026-08-16__M30__v1.11_baseline,2026-08-10_to_2026-08-16,M30,v1.11_baseline,2026-08-12 01:30:00,BUY,4396.171,4385.520531751171,4406.82146824883,4417.471936497659,4428.122404746488,2026-08-12 01:35:00,sl,0.01,-10.910468248829384,0.26,False,False
2026-08-10_to_2026-08-16__M30__v1.12_fixed,2026-08-10_to_2026-08-16,M30,v1.12_fixed,2026-08-10 00:30:00,SELL,4332.219,4319.128619972982,4319.128619972982,4306.038239945965,4292.947859918947,2026-08-10 01:34:00,sl,0.01,12.830380027018,0.26,True,False
2026-08-10_to_2026-08-16__M30__v1.12_fixed,2026-08-10_to_2026-08-16,M30,v1.12_fixed,2026-08-10 02:00:00,BUY,4330.735,4344.45070806099,4344.45070806099,4358.166416121981,4371.882124182971,2026-08-10 05:41:00,sl,0.01,13.455708060990435,0.26,True,False
2026-08-10_to_2026-08-16__M30__v1.12_fixed,2026-08-10_to_2026-08-16,M30,v1.12_fixed,2026-08-10 06:30:00,BUY,4358.001,4345.197307157227,4370.804692842773,4383.608385685545,4396.412078528318,2026-08-10 08:50:00,sl,0.01,-13.06369284277276,0.26,False,False
2026-08-10_to_2026-08-16__M30__v1.12_fixed,2026-08-10_to_2026-08-16,M30,v1.12_fixed,2026-08-10 09:30:00,SELL,4341.05,4329.987406658428,4329.987406658428,4318.924813316856,4307.862219975284,2026-08-10 11:14:00,sl,0.01,10.82259334157221,0.24,True,False
2026-08-10_to_2026-08-16__M30__v1.12_fixed,2026-08-10_to_2026-08-16,M30,v1.12_fixed,2026-08-10 12:00:00,SELL,4327.53,4337.897857210858,4317.162142789141,4306.794285578284,4296.426428367426,2026-08-10 13:30:00,sl,0.01,-10.607857210858349,0.24,False,False
2026-08-10_to_2026-08-16__M30__v1.12_fixed,2026-08-10_to_2026-08-16,M30,v1.12_fixed,2026-08-10 14:00:00,BUY,4345.545,4332.856444091021,4358.233555908979,4370.922111817957,4383.610667726935,2026-08-10 14:01:00,sl,0.01,-12.928555908978744,0.24,False,False
2026-08-10_to_2026-08-16__M30__v1.12_fixed,2026-08-10_to_2026-08-16,M30,v1.12_fixed,2026-08-10 15:00:00,BUY,4349.371,4361.609300758252,4361.609300758252,4373.847601516503,4386.085902274755,2026-08-10 16:03:00,sl,0.01,11.99830075825208,0.24,True,False
2026-08-10_to_2026-08-16__M30__v1.12_fixed,2026-08-10_to_2026-08-16,M30,v1.12_fixed,2026-08-10 18:00:00,BUY,4365.622,4376.937660214207,4376.937660214207,4388.253320428414,4399.56898064262,2026-08-10 18:32:00,sl,0.01,11.075660214206218,0.24,True,False
2026-08-10_to_2026-08-16__M30__v1.12_fixed,2026-08-10_to_2026-08-16,M30,v1.12_fixed,2026-08-10 19:00:00,BUY,4390.666,4402.572451919393,4402.572451919393,4414.478903838785,4426.385355758177,2026-08-11 00:00:00,sl,0.01,11.646451919392566,0.26,True,False
2026-08-10_to_2026-08-16__M30__v1.12_fixed,2026-08-10_to_2026-08-16,M30,v1.12_fixed,2026-08-11 00:30:00,SELL,4409.467,4398.71150639777,4398.71150639777,4387.95601279554,4377.200519193311,2026-08-11 01:02:00,sl,0.01,10.495493602229764,0.26,True,False
2026-08-10_to_2026-08-16__M30__v1.12_fixed,2026-08-10_to_2026-08-16,M30,v1.12_fixed,2026-08-11 01:30:00,BUY,4429.826,4417.350487659302,4442.301512340698,4454.777024681396,4467.252537022094,2026-08-11 01:37:00,sl,0.01,-12.735512340697603,0.26,False,False
2026-08-10_to_2026-08-16__M30__v1.12_fixed,2026-08-10_to_2026-08-16,M30,v1.12_fixed,2026-08-11 02:30:00,SELL,4410.75,4423.935793803969,4397.564206196031,4384.378412392062,4371.192618588093,2026-08-11 02:31:00,sl,0.01,-13.445793803969318,0.26,False,False
2026-08-10_to_2026-08-16__M30__v1.12_fixed,2026-08-10_to_2026-08-16,M30,v1.12_fixed,2026-08-11 03:00:00,BUY,4420.226,4407.183762896314,4433.268237103685,4446.310474207371,4459.352711311056,2026-08-11 04:49:00,sl,0.01,-13.302237103685696,0.26,False,False
2026-08-10_to_2026-08-16__M30__v1.12_fixed,2026-08-10_to_2026-08-16,M30,v1.12_fixed,2026-08-11 05:00:00,SELL,4392.524,4405.7093667721365,4379.338633227864,4366.153266455729,4352.967899683593,2026-08-11 05:01:00,sl,0.01,-13.445366772136149,0.26,False,False
2026-08-10_to_2026-08-16__M30__v1.12_fixed,2026-08-10_to_2026-08-16,M30,v1.12_fixed,2026-08-11 05:30:00,SELL,4375.245,4361.195302283017,4361.195302283017,4347.145604566033,4333.09590684905,2026-08-11 06:34:00,sl,0.01,13.789697716983248,0.26,True,False
2026-08-10_to_2026-08-16__M30__v1.12_fixed,2026-08-10_to_2026-08-16,M30,v1.12_fixed,2026-08-11 07:30:00,SELL,4357.847,4371.355629984765,4344.338370015234,4330.829740030468,4317.321110045703,2026-08-11 08:33:00,sl,0.01,-13.768629984765322,0.26,False,False
2026-08-10_to_2026-08-16__M30__v1.12_fixed,2026-08-10_to_2026-08-16,M30,v1.12_fixed,2026-08-11 09:00:00,BUY,4371.907,4384.63943625238,4384.63943625238,4397.371872504759,4410.10430875714,2026-08-11 11:38:00,sl,0.01,12.47243625237956,0.26,True,False
2026-08-10_to_2026-08-16__M30__v1.12_fixed,2026-08-10_to_2026-08-16,M30,v1.12_fixed,2026-08-11 13:00:00,BUY,4397.992,4386.3257080716885,4409.658291928312,4421.324583856624,4432.990875784935,2026-08-11 13:54:00,sl,0.01,-11.926291928311691,0.26,False,False
2026-08-10_to_2026-08-16__M30__v1.12_fixed,2026-08-10_to_2026-08-16,M30,v1.12_fixed,2026-08-11 14:00:00,SELL,4383.927,4395.963838448391,4371.890161551609,4359.853323103218,4347.816484654826,2026-08-11 14:46:00,sl,0.01,-12.29683844839088,0.26,False,False
2026-08-10_to_2026-08-16__M30__v1.12_fixed,2026-08-10_to_2026-08-16,M30,v1.12_fixed,2026-08-11 15:00:00,SELL,4386.56,4374.035766848071,4374.035766848071,4361.511533696143,4348.987300544213,2026-08-11 15:39:00,sl,0.01,12.264233151929366,0.26,True,False
2026-08-10_to_2026-08-16__M30__v1.12_fixed,2026-08-10_to_2026-08-16,M30,v1.12_fixed,2026-08-11 17:00:00,SELL,4381.478,4369.7965467499935,4369.7965467499935,4358.115093499987,4346.43364024998,2026-08-11 17:58:00,sl,0.01,11.421453250006598,0.26,True,False
2026-08-10_to_2026-08-16__M30__v1.12_fixed,2026-08-10_to_2026-08-16,M30,v1.12_fixed,2026-08-11 18:00:00,SELL,4361.477,4373.089401016588,4349.864598983412,4338.252197966825,4326.639796950238,2026-08-11 19:32:00,sl,0.01,-11.852401016587685,0.24,False,False
2026-08-10_to_2026-08-16__M30__v1.12_fixed,2026-08-10_to_2026-08-16,M30,v1.12_fixed,2026-08-11 20:30:00,SELL,4368.03,4378.277610092989,4357.782389907011,4347.534779814021,4337.287169721032,2026-08-11 22:48:00,sl,0.01,-10.507610092988909,0.26,False,False
2026-08-10_to_2026-08-16__M30__v1.12_fixed,2026-08-10_to_2026-08-16,M30,v1.12_fixed,2026-08-12 00:00:00,BUY,4380.57,4370.143192592267,4390.996807407732,4401.423614815464,4411.850422223197,2026-08-12 00:01:00,sl,0.01,-10.666807407732668,0.24,False,False
2026-08-10_to_2026-08-16__M30__v1.12_fixed,2026-08-10_to_2026-08-16,M30,v1.12_fixed,2026-08-12 01:00:00,BUY,4390.468,4379.945880347415,4400.990119652585,4411.512239305171,4422.034358957756,2026-08-12 01:01:00,sl,0.01,-10.782119652585388,0.26,False,False
2026-08-10_to_2026-08-16__M30__v1.12_fixed,2026-08-10_to_2026-08-16,M30,v1.12_fixed,2026-08-12 01:30:00,BUY,4396.171,4385.520531751171,4406.82146824883,4417.471936497659,4428.122404746488,2026-08-12 01:35:00,sl,0.01,-10.910468248829384,0.26,False,False
2026-08-10_to_2026-08-16__M30__v1.12_fixed_conservative,2026-08-10_to_2026-08-16,M30,v1.12_fixed_conservative,2026-08-10 15:30:00,BUY,4358.246,4376.568918913279,4376.568918913279,4394.891837826559,4413.214756739838,2026-08-10 18:32:00,sl,0.01,18.08291891327896,0.24,True,False
2026-08-10_to_2026-08-16__M30__v1.12_fixed_conservative,2026-08-10_to_2026-08-16,M30,v1.12_fixed_conservative,2026-08-11 13:00:00,BUY,4397.992,4384.337914814138,4415.491437892468,4432.990875784935,4450.490313677402,2026-08-11 14:02:00,sl,0.01,-13.91408518586264,0.26,False,False
2026-08-10_to_2026-08-16__M30__v1.12_fixed_conservative,2026-08-10_to_2026-08-16,M30,v1.12_fixed_conservative,2026-08-12 01:30:00,BUY,4396.171,4412.146702373245,4412.146702373245,4428.122404746488,4444.098107119733,2026-08-12 02:51:00,sl,0.01,15.71570237324453,0.26,True,False
2026-08-17_to_2026-08-23__H1__v1.11_baseline,2026-08-17_to_2026-08-23,H1,v1.11_baseline,2026-08-17 00:00:00,BUY,4400.612,4384.146685055326,4417.077314944674,4433.542629889349,4450.007944834023,2026-08-17 00:01:00,sl,0.01,-16.70531494467399,0.24,False,False
2026-08-17_to_2026-08-23__H1__v1.11_baseline,2026-08-17_to_2026-08-23,H1,v1.11_baseline,2026-08-17 02:00:00,SELL,4393.173,4409.718975641071,4376.627024358929,4360.081048717857,4343.535073076786,2026-08-17 07:37:00,sl,0.01,-16.805975641070983,0.26,False,False
2026-08-17_to_2026-08-23__H1__v1.11_baseline,2026-08-17_to_2026-08-23,H1,v1.11_baseline,2026-08-17 08:00:00,SELL,4394.848,4400.146153159229,4379.665878546154,4364.483757092308,4349.301635638463,2026-08-17 13:51:00,sl,0.01,-5.558153159228604,0.26,False,False
2026-08-17_to_2026-08-23__H1__v1.11_baseline,2026-08-17_to_2026-08-23,H1,v1.11_baseline,2026-08-17 14:00:00,BUY,4417.132,4403.8498388072485,4433.898747904455,4450.665495808908,4467.432243713363,2026-08-17 18:31:00,sl,0.01,-13.542161192751118,0.26,False,False
2026-08-17_to_2026-08-23__H1__v1.12_fixed,2026-08-17_to_2026-08-23,H1,v1.12_fixed,2026-08-17 00:00:00,BUY,4400.612,4384.146685055326,4417.077314944674,4433.542629889349,4450.007944834023,2026-08-17 00:01:00,sl,0.01,-16.70531494467399,0.24,False,False
2026-08-17_to_2026-08-23__H1__v1.12_fixed,2026-08-17_to_2026-08-23,H1,v1.12_fixed,2026-08-17 02:00:00,SELL,4393.173,4409.718975641071,4376.627024358929,4360.081048717857,4343.535073076786,2026-08-17 07:37:00,sl,0.01,-16.805975641070983,0.26,False,False
2026-08-17_to_2026-08-23__H1__v1.12_fixed,2026-08-17_to_2026-08-23,H1,v1.12_fixed,2026-08-17 08:00:00,SELL,4394.848,4379.665878546154,4379.665878546154,4364.483757092308,4349.301635638463,2026-08-17 12:43:00,sl,0.01,14.922121453845868,0.26,True,False
2026-08-17_to_2026-08-23__H1__v1.12_fixed,2026-08-17_to_2026-08-23,H1,v1.12_fixed,2026-08-17 13:00:00,BUY,4408.543,4392.326809949049,4424.759190050951,4440.9753801019015,4457.191570152852,2026-08-17 13:01:00,sl,0.01,-16.4761900509509,0.26,False,False
2026-08-17_to_2026-08-23__H1__v1.12_fixed,2026-08-17_to_2026-08-23,H1,v1.12_fixed,2026-08-17 14:00:00,BUY,4417.132,4403.8498388072485,4433.898747904455,4450.665495808908,4467.432243713363,2026-08-17 18:31:00,sl,0.01,-13.542161192751118,0.26,False,False
2026-08-17_to_2026-08-23__H1__v1.12_fixed_conservative,2026-08-17_to_2026-08-23,H1,v1.12_fixed_conservative,2026-08-18 14:00:00,SELL,4366.421,4391.300834615539,4341.541165384461,4316.661330768923,4291.781496153384,2026-08-18 14:01:00,sl,0.01,-25.13983461553904,0.26,False,False
2026-08-17_to_2026-08-23__H1__v1.12_fixed_conservative,2026-08-17_to_2026-08-23,H1,v1.12_fixed_conservative,2026-08-19 12:00:00,BUY,4438.62,4410.226764726844,4467.013235273156,4495.406470546312,4523.799705819469,2026-08-19 12:01:00,sl,0.01,-28.653235273156284,0.26,False,False
2026-08-17_to_2026-08-23__M15__v1.11_baseline,2026-08-17_to_2026-08-23,M15,v1.11_baseline,2026-08-17 00:00:00,BUY,4378.678,4372.236246581592,4385.119753418408,4391.561506836814,4398.003260255222,2026-08-17 00:01:00,sl,0.01,-6.681753418407643,0.24,False,False
2026-08-17_to_2026-08-23__M15__v1.11_baseline,2026-08-17_to_2026-08-23,M15,v1.11_baseline,2026-08-17 00:15:00,BUY,4389.611,4382.718871825765,4396.503128174235,4403.395256348471,4410.287384522706,2026-08-17 00:16:00,sl,0.01,-7.15212817423504,0.26,False,False
2026-08-17_to_2026-08-23__M15__v1.11_baseline,2026-08-17_to_2026-08-23,M15,v1.11_baseline,2026-08-17 00:30:00,BUY,4395.716,4388.569880981067,4402.862119018933,4410.008238037866,4417.154357056799,2026-08-17 00:40:00,sl,0.01,-7.40611901893295,0.26,False,False
2026-08-17_to_2026-08-23__M15__v1.11_baseline,2026-08-17_to_2026-08-23,M15,v1.11_baseline,2026-08-17 00:45:00,BUY,4400.612,4403.58765243189,4407.827181946152,4415.042363892304,4422.257545838456,2026-08-17 01:33:00,sl,0.01,2.715652431890012,0.26,False,False
2026-08-17_to_2026-08-23__M15__v1.11_baseline,2026-08-17_to_2026-08-23,M15,v1.11_baseline,2026-08-17 01:45:00,SELL,4395.747,4398.753514846392,4387.436385241461,4379.125770482921,4370.815155724383,2026-08-17 05:29:00,sl,0.01,-3.266514846391837,0.26,False,False
2026-08-17_to_2026-08-23__M15__v1.11_baseline,2026-08-17_to_2026-08-23,M15,v1.11_baseline,2026-08-17 05:30:00,SELL,4395.661,4403.437860574967,4387.884139425033,4380.107278850066,4372.3304182751,2026-08-17 06:52:00,sl,0.01,-8.036860574967031,0.26,False,False
2026-08-17_to_2026-08-23__M15__v1.11_baseline,2026-08-17_to_2026-08-23,M15,v1.11_baseline,2026-08-17 07:00:00,SELL,4396.527,4403.946575818217,4389.107424181783,4381.6878483635655,4374.268272545349,2026-08-17 07:01:00,sl,0.01,-7.679575818216799,0.26,False,False
2026-08-17_to_2026-08-23__M15__v1.11_baseline,2026-08-17_to_2026-08-23,M15,v1.11_baseline,2026-08-17 07:15:00,BUY,4404.783,4397.235251025942,4412.330748974059,4419.878497948118,4427.426246922177,2026-08-17 07:16:00,sl,0.01,-7.807748974058777,0.26,False,False
2026-08-17_to_2026-08-23__M15__v1.11_baseline,2026-08-17_to_2026-08-23,M15,v1.11_baseline,2026-08-17 07:30:00,BUY,4409.071,4401.56837595266,4416.57362404734,4424.0762480946805,4431.57887214202,2026-08-17 08:01:00,sl,0.01,-7.762624047339851,0.26,False,False
2026-08-17_to_2026-08-23__M15__v1.12_fixed,2026-08-17_to_2026-08-23,M15,v1.12_fixed,2026-08-17 00:00:00,BUY,4378.678,4372.236246581592,4385.119753418408,4391.561506836814,4398.003260255222,2026-08-17 00:01:00,sl,0.01,-6.681753418407643,0.24,False,False
2026-08-17_to_2026-08-23__M15__v1.12_fixed,2026-08-17_to_2026-08-23,M15,v1.12_fixed,2026-08-17 00:15:00,BUY,4389.611,4382.718871825765,4396.503128174235,4403.395256348471,4410.287384522706,2026-08-17 00:16:00,sl,0.01,-7.15212817423504,0.26,False,False
2026-08-17_to_2026-08-23__M15__v1.12_fixed,2026-08-17_to_2026-08-23,M15,v1.12_fixed,2026-08-17 00:30:00,BUY,4395.716,4388.569880981067,4402.862119018933,4410.008238037866,4417.154357056799,2026-08-17 00:40:00,sl,0.01,-7.40611901893295,0.26,False,False
2026-08-17_to_2026-08-23__M15__v1.12_fixed,2026-08-17_to_2026-08-23,M15,v1.12_fixed,2026-08-17 00:45:00,BUY,4400.612,4407.827181946152,4407.827181946152,4415.042363892304,4422.257545838456,2026-08-17 01:05:00,sl,0.01,6.95518194615237,0.26,True,False
2026-08-17_to_2026-08-23__M15__v1.12_fixed,2026-08-17_to_2026-08-23,M15,v1.12_fixed,2026-08-17 01:45:00,SELL,4395.747,4387.436385241461,4387.436385241461,4379.125770482921,4370.815155724383,2026-08-17 05:15:00,sl,0.01,8.050614758539487,0.26,True,False
2026-08-17_to_2026-08-23__M15__v1.12_fixed,2026-08-17_to_2026-08-23,M15,v1.12_fixed,2026-08-17 05:30:00,SELL,4395.661,4403.437860574967,4387.884139425033,4380.107278850066,4372.3304182751,2026-08-17 06:52:00,sl,0.01,-8.036860574967031,0.26,False,False
2026-08-17_to_2026-08-23__M15__v1.12_fixed,2026-08-17_to_2026-08-23,M15,v1.12_fixed,2026-08-17 07:00:00,SELL,4396.527,4403.946575818217,4389.107424181783,4381.6878483635655,4374.268272545349,2026-08-17 07:01:00,sl,0.01,-7.679575818216799,0.26,False,False
2026-08-17_to_2026-08-23__M15__v1.12_fixed,2026-08-17_to_2026-08-23,M15,v1.12_fixed,2026-08-17 07:15:00,BUY,4404.783,4397.235251025942,4412.330748974059,4419.878497948118,4427.426246922177,2026-08-17 07:16:00,sl,0.01,-7.807748974058777,0.26,False,False
2026-08-17_to_2026-08-23__M15__v1.12_fixed,2026-08-17_to_2026-08-23,M15,v1.12_fixed,2026-08-17 07:30:00,BUY,4409.071,4401.56837595266,4416.57362404734,4424.0762480946805,4431.57887214202,2026-08-17 08:01:00,sl,0.01,-7.762624047339851,0.26,False,False
2026-08-17_to_2026-08-23__M15__v1.12_fixed,2026-08-17_to_2026-08-23,M15,v1.12_fixed,2026-08-17 08:15:00,SELL,4401.647,4394.4935080058285,4394.4935080058285,4387.340016011657,4380.186524017486,2026-08-17 08:51:00,sl,0.01,6.893491994171418,0.26,True,False
2026-08-17_to_2026-08-23__M15__v1.12_fixed,2026-08-17_to_2026-08-23,M15,v1.12_fixed,2026-08-17 09:00:00,BUY,4399.08,4392.133221242276,4406.026778757724,4412.973557515448,4419.920336273172,2026-08-17 10:26:00,sl,0.01,-7.206778757724132,0.26,False,False
2026-08-17_to_2026-08-23__M15__v1.12_fixed,2026-08-17_to_2026-08-23,M15,v1.12_fixed,2026-08-17 10:30:00,SELL,4398.119,4384.14351986529,4391.131259932645,4384.14351986529,4377.155779797935,2026-08-17 12:27:00,sl,0.01,13.71548013470987,0.26,True,True
2026-08-17_to_2026-08-23__M15__v1.12_fixed,2026-08-17_to_2026-08-23,M15,v1.12_fixed,2026-08-17 12:30:00,SELL,4378.146,4385.79419142725,4370.49780857275,4362.849617145501,4355.201425718251,2026-08-17 12:31:00,sl,0.01,-7.908191427249913,0.26,False,False
2026-08-17_to_2026-08-23__M15__v1.12_fixed,2026-08-17_to_2026-08-23,M15,v1.12_fixed,2026-08-17 12:45:00,BUY,4384.799,4392.558249182446,4392.558249182446,4400.317498364892,4408.076747547338,2026-08-17 13:49:00,sl,0.01,7.499249182446183,0.26,True,False
2026-08-17_to_2026-08-23__M15__v1.12_fixed,2026-08-17_to_2026-08-23,M15,v1.12_fixed,2026-08-17 15:00:00,BUY,4421.089,4414.423740914035,4430.523687075796,4439.958374151593,4449.393061227389,2026-08-17 17:26:00,sl,0.01,-6.925259085964862,0.26,False,False
2026-08-17_to_2026-08-23__M15__v1.12_fixed,2026-08-17_to_2026-08-23,M15,v1.12_fixed,2026-08-17 17:45:00,SELL,4413.786,4405.915751279054,4405.915751279054,4398.045502558109,4390.175253837163,2026-08-17 18:29:00,sl,0.01,7.610248720945711,0.26,True,False
2026-08-17_to_2026-08-23__M15__v1.12_fixed,2026-08-17_to_2026-08-23,M15,v1.12_fixed,2026-08-17 18:30:00,SELL,4401.46,4409.445945860029,4393.474054139972,4385.488108279944,4377.502162419915,2026-08-17 19:15:00,sl,0.01,-8.24594586002855,0.26,False,False
2026-08-17_to_2026-08-23__M15__v1.12_fixed,2026-08-17_to_2026-08-23,M15,v1.12_fixed,2026-08-17 19:30:00,BUY,4419.236,4411.279339761863,4427.192660238137,4435.149320476274,4443.105980714411,2026-08-17 22:57:00,sl,0.01,-8.216660238137374,0.26,False,False
2026-08-17_to_2026-08-23__M15__v1.12_fixed,2026-08-17_to_2026-08-23,M15,v1.12_fixed,2026-08-17 23:00:00,BUY,4414.763,4420.749483977098,4420.749483977098,4426.735967954197,4432.722451931295,2026-08-17 23:27:00,sl,0.01,5.726483977098033,0.26,True,False
2026-08-17_to_2026-08-23__M15__v1.12_fixed,2026-08-17_to_2026-08-23,M15,v1.12_fixed,2026-08-17 23:30:00,BUY,4422.718,4428.571111184335,4428.571111184335,4434.42422236867,4440.277333553005,2026-08-18 00:01:00,sl,0.01,5.593111184334921,0.26,True,False
2026-08-17_to_2026-08-23__M15__v1.12_fixed,2026-08-17_to_2026-08-23,M15,v1.12_fixed,2026-08-18 00:15:00,BUY,4431.234,4424.754388384846,4437.713611615155,4444.193223230309,4450.672834845464,2026-08-18 00:16:00,sl,0.01,-6.739611615154682,0.26,False,False
2026-08-17_to_2026-08-23__M15__v1.12_fixed,2026-08-17_to_2026-08-23,M15,v1.12_fixed,2026-08-18 00:30:00,SELL,4429.546,4435.941639356929,4423.150360643072,4416.754721286142,4410.359081929213,2026-08-18 01:00:00,sl,0.01,-6.655639356928768,0.26,False,False
2026-08-17_to_2026-08-23__M15__v1.12_fixed,2026-08-17_to_2026-08-23,M15,v1.12_fixed,2026-08-18 01:15:00,SELL,4425.136,4418.326473153363,4418.326473153363,4411.516946306725,4404.707419460088,2026-08-18 01:42:00,sl,0.01,6.5495268466377095,0.26,True,False
2026-08-17_to_2026-08-23__M15__v1.12_fixed,2026-08-17_to_2026-08-23,M15,v1.12_fixed,2026-08-18 01:45:00,SELL,4408.126,4400.715984504685,4400.715984504685,4393.3059690093705,4385.895953514056,2026-08-18 02:07:00,sl,0.01,7.150015495314839,0.26,True,False
2026-08-17_to_2026-08-23__M15__v1.12_fixed,2026-08-17_to_2026-08-23,M15,v1.12_fixed,2026-08-18 02:30:00,SELL,4395.097,4402.602694257728,4387.591305742271,4380.085611484543,4372.579917226814,2026-08-18 03:01:00,sl,0.01,-7.765694257728465,0.26,False,False
2026-08-17_to_2026-08-23__M15__v1.12_fixed,2026-08-17_to_2026-08-23,M15,v1.12_fixed,2026-08-18 03:15:00,SELL,4397.208,4389.87745142703,4389.87745142703,4382.546902854059,4375.2163542810895,2026-08-18 04:09:00,sl,0.01,7.070548572969748,0.26,True,False
2026-08-17_to_2026-08-23__M15__v1.12_fixed,2026-08-17_to_2026-08-23,M15,v1.12_fixed,2026-08-18 05:00:00,SELL,4391.484,4395.636959086756,4385.606017826413,4379.728035652826,4373.850053479239,2026-08-18 05:49:00,sl,0.01,-4.4129590867558,0.26,False,False
2026-08-17_to_2026-08-23__M15__v1.12_fixed,2026-08-17_to_2026-08-23,M15,v1.12_fixed,2026-08-18 06:15:00,BUY,4399.3,4394.589187900356,4405.360014726338,4411.4200294526745,4417.480044179012,2026-08-18 08:00:00,sl,0.01,-4.970812099644499,0.26,False,False
2026-08-17_to_2026-08-23__M15__v1.12_fixed,2026-08-17_to_2026-08-23,M15,v1.12_fixed,2026-08-18 08:15:00,SELL,4389.565,4395.6793784458005,4383.450621554199,4377.336243108397,4371.221864662596,2026-08-18 08:35:00,sl,0.01,-6.374378445800867,0.26,False,False
2026-08-17_to_2026-08-23__M15__v1.12_fixed,2026-08-17_to_2026-08-23,M15,v1.12_fixed,2026-08-18 08:45:00,SELL,4393.174,4386.861770625815,4386.861770625815,4380.549541251628,4374.237311877443,2026-08-18 09:46:00,sl,0.01,6.052229374185336,0.26,True,False
2026-08-17_to_2026-08-23__M15__v1.12_fixed,2026-08-17_to_2026-08-23,M15,v1.12_fixed,2026-08-18 10:00:00,BUY,4394.262,4390.225625084063,4400.340078522025,4406.41815704405,4412.496235566075,2026-08-18 11:24:00,sl,0.01,-4.296374915936903,0.26,False,False
2026-08-17_to_2026-08-23__M15__v1.12_fixed,2026-08-17_to_2026-08-23,M15,v1.12_fixed,2026-08-18 11:30:00,BUY,4390.776,4396.645178374712,4396.645178374712,4402.514356749424,4408.383535124136,2026-08-18 12:00:00,sl,0.01,5.609178374711737,0.26,True,False
2026-08-17_to_2026-08-23__M15__v1.12_fixed,2026-08-17_to_2026-08-23,M15,v1.12_fixed,2026-08-18 12:30:00,SELL,4392.182,4379.396002886289,4385.789001443144,4379.396002886289,4373.003004329434,2026-08-18 13:31:00,sl,0.01,12.525997113710435,0.26,True,True
2026-08-17_to_2026-08-23__M15__v1.12_fixed,2026-08-17_to_2026-08-23,M15,v1.12_fixed,2026-08-18 13:45:00,SELL,4394.499,4403.276455483895,4385.721544516105,4376.944089032209,4368.166633548314,2026-08-18 14:02:00,sl,0.01,-9.03745548389521,0.26,False,False
2026-08-17_to_2026-08-23__M15__v1.12_fixed,2026-08-17_to_2026-08-23,M15,v1.12_fixed,2026-08-18 14:30:00,SELL,4379.458,4389.640721099897,4369.275278900102,4359.092557800205,4348.909836700308,2026-08-18 14:31:00,sl,0.01,-10.442721099897208,0.26,False,False
2026-08-17_to_2026-08-23__M15__v1.12_fixed,2026-08-17_to_2026-08-23,M15,v1.12_fixed,2026-08-18 14:45:00,SELL,4366.421,4377.700026735619,4355.141973264382,4343.862946528763,4332.583919793145,2026-08-18 14:46:00,sl,0.01,-11.539026735618572,0.26,False,False
2026-08-17_to_2026-08-23__M15__v1.12_fixed_conservative,2026-08-17_to_2026-08-23,M15,v1.12_fixed_conservative,2026-08-17 00:15:00,BUY,4389.611,4379.272807738646,4399.949192261353,4410.287384522706,4420.625576784059,2026-08-17 00:16:00,sl,0.01,-10.59819226135347,0.26,False,False
2026-08-17_to_2026-08-23__M15__v1.12_fixed_conservative,2026-08-17_to_2026-08-23,M15,v1.12_fixed_conservative,2026-08-17 07:30:00,BUY,4409.071,4399.186063928989,4420.324936071011,4431.57887214202,4442.832808213031,2026-08-17 08:06:00,sl,0.01,-10.144936071010996,0.26,False,False
2026-08-17_to_2026-08-23__M15__v1.12_fixed_conservative,2026-08-17_to_2026-08-23,M15,v1.12_fixed_conservative,2026-08-17 23:30:00,BUY,4422.718,4431.497666776502,4431.497666776502,4440.277333553005,4449.057000329506,2026-08-18 00:25:00,sl,0.01,8.519666776502381,0.26,True,False
2026-08-17_to_2026-08-23__M15__v1.12_fixed_conservative,2026-08-17_to_2026-08-23,M15,v1.12_fixed_conservative,2026-08-19 05:45:00,SELL,4335.438,4346.562946877464,4324.313053122536,4313.188106245072,4302.063159367607,2026-08-19 06:20:00,sl,0.01,-11.384946877464026,0.26,False,False
2026-08-17_to_2026-08-23__M15__v1.12_fixed_conservative,2026-08-17_to_2026-08-23,M15,v1.12_fixed_conservative,2026-08-21 14:15:00,BUY,4603.224,4585.601397275168,4620.846602724832,4638.4692054496645,4656.091808174497,2026-08-21 14:37:00,sl,0.01,-17.88260272483218,0.26,False,False
2026-08-17_to_2026-08-23__M30__v1.11_baseline,2026-08-17_to_2026-08-23,M30,v1.11_baseline,2026-08-17 00:00:00,BUY,4389.611,4379.21334835813,4400.00865164187,4410.406303283739,4420.803954925608,2026-08-17 00:01:00,sl,0.01,-10.637651641869745,0.24,False,False
2026-08-17_to_2026-08-23__M30__v1.11_baseline,2026-08-17_to_2026-08-23,M30,v1.11_baseline,2026-08-17 00:30:00,BUY,4400.612,4389.900109189693,4411.323890810308,4422.035781620615,4432.747672430923,2026-08-17 00:37:00,sl,0.01,-10.971890810307524,0.26,False,False
2026-08-17_to_2026-08-23__M30__v1.11_baseline,2026-08-17_to_2026-08-23,M30,v1.11_baseline,2026-08-17 01:30:00,SELL,4395.747,4407.310416055827,4384.183583944174,4372.620167888348,4361.0567518325215,2026-08-17 01:33:00,sl,0.01,-11.823416055826565,0.26,False,False
2026-08-17_to_2026-08-23__M30__v1.11_baseline,2026-08-17_to_2026-08-23,M30,v1.11_baseline,2026-08-17 02:30:00,SELL,4393.173,4403.77684253038,4381.923830033496,4370.674660066993,4359.42549010049,2026-08-17 06:52:00,sl,0.01,-10.86384253038046,0.26,False,False
2026-08-17_to_2026-08-23__M30__v1.11_baseline,2026-08-17_to_2026-08-23,M30,v1.11_baseline,2026-08-17 08:30:00,SELL,4394.848,4404.776423591314,4384.919576408686,4374.991152817373,4365.06272922606,2026-08-17 10:29:00,sl,0.01,-10.18842359131373,0.26,False,False
2026-08-17_to_2026-08-23__M30__v1.12_fixed,2026-08-17_to_2026-08-23,M30,v1.12_fixed,2026-08-17 00:00:00,BUY,4389.611,4379.21334835813,4400.00865164187,4410.406303283739,4420.803954925608,2026-08-17 00:01:00,sl,0.01,-10.637651641869745,0.24,False,False
2026-08-17_to_2026-08-23__M30__v1.12_fixed,2026-08-17_to_2026-08-23,M30,v1.12_fixed,2026-08-17 00:30:00,BUY,4400.612,4389.900109189693,4411.323890810308,4422.035781620615,4432.747672430923,2026-08-17 00:37:00,sl,0.01,-10.971890810307524,0.26,False,False
2026-08-17_to_2026-08-23__M30__v1.12_fixed,2026-08-17_to_2026-08-23,M30,v1.12_fixed,2026-08-17 01:30:00,SELL,4395.747,4407.310416055827,4384.183583944174,4372.620167888348,4361.0567518325215,2026-08-17 01:33:00,sl,0.01,-11.823416055826565,0.26,False,False
2026-08-17_to_2026-08-23__M30__v1.12_fixed,2026-08-17_to_2026-08-23,M30,v1.12_fixed,2026-08-17 02:30:00,SELL,4393.173,4403.77684253038,4381.923830033496,4370.674660066993,4359.42549010049,2026-08-17 06:52:00,sl,0.01,-10.86384253038046,0.26,False,False
2026-08-17_to_2026-08-23__M30__v1.12_fixed,2026-08-17_to_2026-08-23,M30,v1.12_fixed,2026-08-17 08:30:00,SELL,4394.848,4404.776423591314,4384.919576408686,4374.991152817373,4365.06272922606,2026-08-17 10:29:00,sl,0.01,-10.18842359131373,0.26,False,False
2026-09-07_to_2026-09-13__H1__v1.11_baseline,2026-09-07_to_2026-09-13,H1,v1.11_baseline,2026-09-07 00:00:00,SELL,4412.757,4416.307474791891,4392.0123894679855,4371.2677789359705,4350.523168403956,2026-09-07 08:03:00,sl,0.01,-3.810474791891247,0.26,False,False
2026-09-07_to_2026-09-13__H1__v1.11_baseline,2026-09-07_to_2026-09-13,H1,v1.11_baseline,2026-09-07 09:00:00,SELL,4405.629,4409.658452091959,4387.295060709965,4368.96112141993,4350.627182129895,2026-09-07 14:43:00,sl,0.01,-4.289452091958774,0.26,False,False
2026-09-07_to_2026-09-13__H1__v1.11_baseline,2026-09-07_to_2026-09-13,H1,v1.11_baseline,2026-09-07 16:00:00,BUY,4414.615,4419.439627069538,4430.574173388295,4446.5333467765895,4462.492520164885,2026-09-08 05:30:00,sl,0.01,4.56462706953811,0.26,False,False
2026-09-07_to_2026-09-13__H1__v1.11_baseline,2026-09-07_to_2026-09-13,H1,v1.11_baseline,2026-09-08 06:00:00,SELL,4403.853,4412.424136499555,4387.525511818884,4371.1980236377685,4354.870535456653,2026-09-08 13:00:00,sl,0.01,-8.831136499554995,0.26,False,False
2026-09-07_to_2026-09-13__H1__v1.11_baseline,2026-09-07_to_2026-09-13,H1,v1.11_baseline,2026-09-08 14:00:00,BUY,4398.516,4383.8050391082,4415.543741153088,4432.571482306174,4449.599223459262,2026-09-08 16:09:00,sl,0.01,-14.970960891799916,0.26,False,False
2026-09-07_to_2026-09-13__H1__v1.11_baseline,2026-09-07_to_2026-09-13,H1,v1.11_baseline,2026-09-08 19:00:00,SELL,4359.464,4369.543597515312,4341.127105910198,4322.790211820397,4304.453317730596,2026-09-09 01:24:00,sl,0.01,-10.339597515312343,0.26,False,False
2026-09-07_to_2026-09-13__H1__v1.11_baseline,2026-09-07_to_2026-09-13,H1,v1.11_baseline,2026-09-09 02:00:00,BUY,4382.032,4386.785052260807,4400.176049251999,4418.320098503998,4436.464147755997,2026-09-09 10:01:00,sl,0.01,4.493052260806726,0.26,False,False
2026-09-07_to_2026-09-13__H1__v1.11_baseline,2026-09-07_to_2026-09-13,H1,v1.11_baseline,2026-09-09 15:00:00,SELL,4398.231,4418.91290887639,4377.549091123609,4356.86718224722,4336.185273370829,2026-09-09 15:01:00,sl,0.01,-20.94190887639048,0.26,False,False
2026-09-07_to_2026-09-13__H1__v1.12_fixed,2026-09-07_to_2026-09-13,H1,v1.12_fixed,2026-09-07 00:00:00,SELL,4412.757,4392.0123894679855,4392.0123894679855,4371.2677789359705,4350.523168403956,2026-09-07 01:19:00,sl,0.01,20.48461053201412,0.26,True,False
2026-09-07_to_2026-09-13__H1__v1.12_fixed,2026-09-07_to_2026-09-13,H1,v1.12_fixed,2026-09-07 03:00:00,SELL,4403.895,4416.307474791891,4383.829954687014,4363.7649093740265,4343.69986406104,2026-09-07 08:03:00,sl,0.01,-12.672474791890416,0.26,False,False
2026-09-07_to_2026-09-13__H1__v1.12_fixed,2026-09-07_to_2026-09-13,H1,v1.12_fixed,2026-09-07 09:00:00,SELL,4405.629,4387.295060709965,4387.295060709965,4368.96112141993,4350.627182129895,2026-09-07 11:26:00,sl,0.01,18.07393929003523,0.26,True,False
2026-09-07_to_2026-09-13__H1__v1.12_fixed,2026-09-07_to_2026-09-13,H1,v1.12_fixed,2026-09-07 12:00:00,BUY,4396.658,4414.32389891407,4414.32389891407,4431.98979782814,4449.655696742209,2026-09-07 14:49:00,sl,0.01,17.405898914069656,0.26,True,False
2026-09-07_to_2026-09-13__H1__v1.12_fixed,2026-09-07_to_2026-09-13,H1,v1.12_fixed,2026-09-07 16:00:00,BUY,4414.615,4430.574173388295,4430.574173388295,4446.5333467765895,4462.492520164885,2026-09-08 01:14:00,sl,0.01,15.699173388295312,0.26,True,False
2026-09-07_to_2026-09-13__H1__v1.12_fixed,2026-09-07_to_2026-09-13,H1,v1.12_fixed,2026-09-08 02:00:00,SELL,4424.006,4439.67218577661,4408.339814223391,4392.673628446782,4377.007442670171,2026-09-08 03:21:00,sl,0.01,-15.926185776609382,0.26,False,False
2026-09-07_to_2026-09-13__H1__v1.12_fixed,2026-09-07_to_2026-09-13,H1,v1.12_fixed,2026-09-08 04:00:00,SELL,4436.139,4420.634084713026,4420.634084713026,4405.129169426051,4389.624254139077,2026-09-08 05:30:00,sl,0.01,15.24491528697421,0.26,True,False
2026-09-07_to_2026-09-13__H1__v1.12_fixed,2026-09-07_to_2026-09-13,H1,v1.12_fixed,2026-09-08 06:00:00,SELL,4403.853,4387.525511818884,4387.525511818884,4371.1980236377685,4354.870535456653,2026-09-08 12:16:00,sl,0.01,16.067488181115767,0.26,True,False
2026-09-07_to_2026-09-13__H1__v1.12_fixed,2026-09-07_to_2026-09-13,H1,v1.12_fixed,2026-09-08 13:00:00,SELL,4395.753,4361.381403670272,4378.567201835136,4361.381403670272,4344.195605505409,2026-09-08 18:53:00,sl,0.01,34.111596329727256,0.26,True,True
2026-09-07_to_2026-09-13__H1__v1.12_fixed,2026-09-07_to_2026-09-13,H1,v1.12_fixed,2026-09-08 19:00:00,SELL,4359.464,4341.127105910198,4341.127105910198,4322.790211820397,4304.453317730596,2026-09-09 00:26:00,sl,0.01,18.07689408980172,0.26,True,False
2026-09-07_to_2026-09-13__H1__v1.12_fixed,2026-09-07_to_2026-09-13,H1,v1.12_fixed,2026-09-09 01:00:00,BUY,4373.533,4355.317177728617,4391.748822271384,4409.964644542768,4428.180466814151,2026-09-09 01:01:00,sl,0.01,-18.475822271383333,0.26,False,False
2026-09-07_to_2026-09-13__H1__v1.12_fixed,2026-09-07_to_2026-09-13,H1,v1.12_fixed,2026-09-09 02:00:00,BUY,4382.032,4400.176049251999,4400.176049251999,4418.320098503998,4436.464147755997,2026-09-09 05:54:00,sl,0.01,17.884049251998693,0.26,True,False
2026-09-07_to_2026-09-13__H1__v1.12_fixed,2026-09-07_to_2026-09-13,H1,v1.12_fixed,2026-09-09 07:00:00,BUY,4409.212,4392.614034840539,4425.809965159462,4442.407930318925,4459.005895478386,2026-09-09 09:51:00,sl,0.01,-16.85796515946164,0.26,False,False
2026-09-07_to_2026-09-13__H1__v1.12_fixed,2026-09-07_to_2026-09-13,H1,v1.12_fixed,2026-09-09 10:00:00,BUY,4399.628,4415.863433839409,4415.863433839409,4432.098867678817,4448.334301518226,2026-09-09 13:20:00,sl,0.01,15.97543383940887,0.26,True,False
2026-09-07_to_2026-09-13__H1__v1.12_fixed,2026-09-07_to_2026-09-13,H1,v1.12_fixed,2026-09-09 15:00:00,SELL,4398.231,4418.91290887639,4377.549091123609,4356.86718224722,4336.185273370829,2026-09-09 15:01:00,sl,0.01,-20.94190887639048,0.26,False,False
2026-09-07_to_2026-09-13__H1__v1.12_fixed,2026-09-07_to_2026-09-13,H1,v1.12_fixed,2026-09-09 16:00:00,BUY,4409.255,4391.107339758694,4429.820486813791,4450.385973627582,4470.9514604413735,2026-09-10 00:01:00,sl,0.01,-18.40766024130586,0.26,False,False
2026-09-07_to_2026-09-13__H1__v1.12_fixed,2026-09-07_to_2026-09-13,H1,v1.12_fixed,2026-09-10 01:00:00,BUY,4412.063,4429.2448994092665,4429.2448994092665,4446.426798818534,4463.6086982278,2026-09-10 05:44:00,sl,0.01,16.921899409266405,0.26,True,False
2026-09-07_to_2026-09-13__H1__v1.12_fixed,2026-09-07_to_2026-09-13,H1,v1.12_fixed,2026-09-10 07:00:00,SELL,4411.852,4394.32317007997,4394.32317007997,4376.79434015994,4359.265510239909,2026-09-10 08:46:00,sl,0.01,17.268829920030146,0.26,True,False
2026-09-07_to_2026-09-13__H1__v1.12_fixed,2026-09-07_to_2026-09-13,H1,v1.12_fixed,2026-09-10 10:00:00,SELL,4379.071,4396.740765427954,4361.401234572046,4343.731469144092,4326.061703716137,2026-09-10 10:03:00,sl,0.01,-17.92976542795419,0.26,False,False
2026-09-07_to_2026-09-13__H1__v1.12_fixed,2026-09-07_to_2026-09-13,H1,v1.12_fixed,2026-09-10 12:00:00,SELL,4339.95,4360.156292639409,4319.743707360591,4299.537414721181,4279.331122081771,2026-09-10 12:01:00,sl,0.01,-20.466292639409183,0.26,False,False
2026-09-07_to_2026-09-13__H1__v1.12_fixed,2026-09-07_to_2026-09-13,H1,v1.12_fixed,2026-09-10 13:00:00,BUY,4365.863,4344.476085406263,4387.249914593737,4408.636829187475,4430.023743781212,2026-09-10 13:01:00,sl,0.01,-21.64691459373695,0.26,False,False
2026-09-07_to_2026-09-13__H1__v1.12_fixed,2026-09-07_to_2026-09-13,H1,v1.12_fixed,2026-09-10 14:00:00,SELL,4358.258,4336.792436448673,4336.792436448673,4315.326872897345,4293.861309346017,2026-09-10 18:31:00,sl,0.01,21.20556355132725,0.26,True,False
2026-09-07_to_2026-09-13__H1__v1.12_fixed,2026-09-07_to_2026-09-13,H1,v1.12_fixed,2026-09-10 20:00:00,SELL,4316.716,4336.916058425728,4296.515941574273,4276.315883148545,4256.115824722818,2026-09-11 01:02:00,sl,0.01,-20.440058425727543,0.24,False,False
2026-09-07_to_2026-09-13__H1__v1.12_fixed,2026-09-07_to_2026-09-13,H1,v1.12_fixed,2026-09-11 02:00:00,SELL,4322.774,4303.701064983966,4303.701064983966,4284.628129967931,4265.555194951898,2026-09-11 03:47:00,sl,0.01,18.812935016034533,0.26,True,False
2026-09-07_to_2026-09-13__H1__v1.12_fixed,2026-09-07_to_2026-09-13,H1,v1.12_fixed,2026-09-11 04:00:00,BUY,4331.904,4311.334484603522,4352.473515396479,4373.043030792957,4393.612546189436,2026-09-11 04:01:00,sl,0.01,-20.829515396478893,0.26,False,False
2026-09-07_to_2026-09-13__H1__v1.12_fixed,2026-09-07_to_2026-09-13,H1,v1.12_fixed,2026-09-11 05:00:00,BUY,4346.177,4328.824195647921,4366.993192868158,4387.809385736317,4408.625578604476,2026-09-11 12:04:00,sl,0.01,-17.61280435207824,0.26,False,False
2026-09-07_to_2026-09-13__H1__v1.12_fixed,2026-09-07_to_2026-09-13,H1,v1.12_fixed,2026-09-11 13:00:00,BUY,4401.407,4377.357704029217,4425.456295970784,4449.505591941567,4473.554887912351,2026-09-11 14:18:00,sl,0.01,-24.30929597078353,0.26,False,False
2026-09-07_to_2026-09-13__H1__v1.12_fixed,2026-09-07_to_2026-09-13,H1,v1.12_fixed,2026-09-11 15:00:00,SELL,4366.912,4376.261318957723,4342.387295821111,4317.862591642221,4293.337887463331,2026-09-11 20:57:00,eom_markout,0.01,17.35000000000058,0.26,False,False
2026-09-07_to_2026-09-13__M15__v1.11_baseline,2026-09-07_to_2026-09-13,M15,v1.11_baseline,2026-09-07 00:00:00,BUY,4425.233,4417.924011032557,4432.541988967443,4439.850977934886,4447.159966902329,2026-09-07 00:56:00,sl,0.01,-7.568988967442929,0.26,False,False
2026-09-07_to_2026-09-13__M15__v1.11_baseline,2026-09-07_to_2026-09-13,M15,v1.11_baseline,2026-09-07 01:00:00,SELL,4399.675,4408.70512390408,4390.64487609592,4381.61475219184,4372.58462828776,2026-09-07 01:01:00,sl,0.01,-9.290123904080028,0.26,False,False
2026-09-07_to_2026-09-13__M15__v1.11_baseline,2026-09-07_to_2026-09-13,M15,v1.11_baseline,2026-09-07 01:30:00,BUY,4410.083,4404.590462095113,4419.552953774436,4429.022907548872,4438.492861323309,2026-09-07 03:18:00,sl,0.01,-5.752537904886376,0.26,False,False
2026-09-07_to_2026-09-13__M15__v1.11_baseline,2026-09-07_to_2026-09-13,M15,v1.11_baseline,2026-09-07 03:30:00,SELL,4401.696,4407.3427899080025,4392.917742887017,4384.139485774035,4375.361228661052,2026-09-07 05:27:00,sl,0.01,-5.906789908002574,0.26,False,False
2026-09-07_to_2026-09-13__M15__v1.11_baseline,2026-09-07_to_2026-09-13,M15,v1.11_baseline,2026-09-07 05:30:00,SELL,4404.426,4412.633787867251,4396.21821213275,4388.010424265499,4379.802636398247,2026-09-07 05:31:00,sl,0.01,-8.467787867250772,0.26,False,False
2026-09-07_to_2026-09-13__M15__v1.11_baseline,2026-09-07_to_2026-09-13,M15,v1.11_baseline,2026-09-07 05:45:00,SELL,4394.202,4402.785517305305,4385.618482694696,4377.034965389391,4368.451448084087,2026-09-07 05:46:00,sl,0.01,-8.843517305304667,0.26,False,False
2026-09-07_to_2026-09-13__M15__v1.11_baseline,2026-09-07_to_2026-09-13,M15,v1.11_baseline,2026-09-07 06:15:00,BUY,4394.488,4410.154022550216,4403.103252166309,4411.718504332617,4420.333756498926,2026-09-07 08:56:00,sl,0.01,15.40602255021553,0.26,False,False
2026-09-07_to_2026-09-13__M15__v1.11_baseline,2026-09-07_to_2026-09-13,M15,v1.11_baseline,2026-09-07 09:15:00,SELL,4405.66,4394.3392231996895,4397.525289004574,4389.390578009147,4381.255867013721,2026-09-07 12:25:00,sl,0.01,11.06077680031034,0.26,False,False
2026-09-07_to_2026-09-13__M15__v1.11_baseline,2026-09-07_to_2026-09-13,M15,v1.11_baseline,2026-09-07 13:00:00,BUY,4403.937,4396.614415297015,4411.259584702985,4418.582169405971,4425.904754108957,2026-09-07 13:01:00,sl,0.01,-7.582584702985296,0.26,False,False
2026-09-07_to_2026-09-13__M15__v1.11_baseline,2026-09-07_to_2026-09-13,M15,v1.11_baseline,2026-09-07 14:00:00,BUY,4406.957,4407.5403428968,4414.037408311692,4421.117816623385,4428.198224935077,2026-09-07 17:56:00,sl,0.01,0.323342896799877,0.26,False,False
2026-09-07_to_2026-09-13__M15__v1.11_baseline,2026-09-07_to_2026-09-13,M15,v1.11_baseline,2026-09-07 18:00:00,SELL,4405.04,4410.0338743507145,4400.046125649285,4395.05225129857,4390.058376947855,2026-09-07 22:01:00,sl,0.01,-5.253874350714577,0.26,False,False
2026-09-07_to_2026-09-13__M15__v1.11_baseline,2026-09-07_to_2026-09-13,M15,v1.11_baseline,2026-09-07 22:15:00,SELL,4409.738,4413.461766815817,4404.662330193688,4399.5866603873765,4394.510990581064,2026-09-07 23:33:00,sl,0.01,-3.983766815816816,0.26,False,False
2026-09-07_to_2026-09-13__M15__v1.11_baseline,2026-09-07_to_2026-09-13,M15,v1.11_baseline,2026-09-07 23:45:00,SELL,4422.914,4425.975591765791,4417.136216168149,4411.358432336299,4405.580648504449,2026-09-08 00:18:00,sl,0.01,-3.3215917657914904,0.26,False,False
2026-09-07_to_2026-09-13__M15__v1.11_baseline,2026-09-07_to_2026-09-13,M15,v1.11_baseline,2026-09-08 01:15:00,BUY,4434.387,4429.080075486938,4442.159415008126,4449.931830016253,4457.70424502438,2026-09-08 02:09:00,sl,0.01,-5.566924513061858,0.26,False,False
2026-09-07_to_2026-09-13__M15__v1.11_baseline,2026-09-07_to_2026-09-13,M15,v1.11_baseline,2026-09-08 02:15:00,SELL,4424.722,4432.536818852746,4416.907181147253,4409.092362294507,4401.277543441761,2026-09-08 03:18:00,sl,0.01,-8.074818852746612,0.26,False,False
2026-09-07_to_2026-09-13__M15__v1.12_fixed,2026-09-07_to_2026-09-13,M15,v1.12_fixed,2026-09-07 00:00:00,BUY,4425.233,4417.924011032557,4432.541988967443,4439.850977934886,4447.159966902329,2026-09-07 00:56:00,sl,0.01,-7.568988967442929,0.26,False,False
2026-09-07_to_2026-09-13__M15__v1.12_fixed,2026-09-07_to_2026-09-13,M15,v1.12_fixed,2026-09-07 01:00:00,SELL,4399.675,4408.70512390408,4390.64487609592,4381.61475219184,4372.58462828776,2026-09-07 01:01:00,sl,0.01,-9.290123904080028,0.26,False,False
2026-09-07_to_2026-09-13__M15__v1.12_fixed,2026-09-07_to_2026-09-13,M15,v1.12_fixed,2026-09-07 01:30:00,BUY,4410.083,4404.590462095113,4419.552953774436,4429.022907548872,4438.492861323309,2026-09-07 03:18:00,sl,0.01,-5.752537904886376,0.26,False,False
2026-09-07_to_2026-09-13__M15__v1.12_fixed,2026-09-07_to_2026-09-13,M15,v1.12_fixed,2026-09-07 03:30:00,SELL,4401.696,4407.3427899080025,4392.917742887017,4384.139485774035,4375.361228661052,2026-09-07 05:27:00,sl,0.01,-5.906789908002574,0.26,False,False
2026-09-07_to_2026-09-13__M15__v1.12_fixed,2026-09-07_to_2026-09-13,M15,v1.12_fixed,2026-09-07 05:30:00,SELL,4404.426,4412.633787867251,4396.21821213275,4388.010424265499,4379.802636398247,2026-09-07 05:31:00,sl,0.01,-8.467787867250772,0.26,False,False
2026-09-07_to_2026-09-13__M15__v1.12_fixed,2026-09-07_to_2026-09-13,M15,v1.12_fixed,2026-09-07 05:45:00,SELL,4394.202,4402.785517305305,4385.618482694696,4377.034965389391,4368.451448084087,2026-09-07 05:46:00,sl,0.01,-8.843517305304667,0.26,False,False
2026-09-07_to_2026-09-13__M15__v1.12_fixed,2026-09-07_to_2026-09-13,M15,v1.12_fixed,2026-09-07 06:15:00,BUY,4394.488,4403.103252166309,4403.103252166309,4411.718504332617,4420.333756498926,2026-09-07 07:56:00,sl,0.01,8.355252166308892,0.26,True,False
2026-09-07_to_2026-09-13__M15__v1.12_fixed,2026-09-07_to_2026-09-13,M15,v1.12_fixed,2026-09-07 08:00:00,BUY,4416.983,4408.095762997406,4425.870237002594,4434.757474005189,4443.644711007783,2026-09-07 08:01:00,sl,0.01,-9.147237002593792,0.26,False,False
2026-09-07_to_2026-09-13__M15__v1.12_fixed,2026-09-07_to_2026-09-13,M15,v1.12_fixed,2026-09-07 08:30:00,SELL,4414.876,4423.763984966523,4405.9880150334775,4397.100030066956,4388.212045100433,2026-09-07 08:32:00,sl,0.01,-9.147984966522708,0.26,False,False
2026-09-07_to_2026-09-13__M15__v1.12_fixed_conservative,2026-09-07_to_2026-09-13,M15,v1.12_fixed_conservative,2026-09-09 11:15:00,BUY,4408.126,4403.781894826908,4417.709604224415,4427.293208448829,4436.876812673244,2026-09-09 12:04:00,sl,0.01,-4.60410517309243,0.26,False,False
2026-09-07_to_2026-09-13__M15__v1.12_fixed_conservative,2026-09-07_to_2026-09-13,M15,v1.12_fixed_conservative,2026-09-09 18:00:00,BUY,4420.145,4405.449232104244,4435.746767895757,4451.348535791514,4466.950303687271,2026-09-09 18:52:00,sl,0.01,-14.955767895756944,0.26,False,False
2026-09-07_to_2026-09-13__M15__v1.12_fixed_conservative,2026-09-07_to_2026-09-13,M15,v1.12_fixed_conservative,2026-09-11 03:15:00,SELL,4309.093,4316.448629821864,4294.398544703637,4279.7040894072725,4265.009634110909,2026-09-11 04:08:00,sl,0.01,-7.615629821864568,0.26,False,False
2026-09-07_to_2026-09-13__M15__v1.12_fixed_conservative,2026-09-07_to_2026-09-13,M15,v1.12_fixed_conservative,2026-09-11 12:00:00,SELL,4327.78,4337.353006647249,4316.115993352752,4304.451986705502,4292.787980058254,2026-09-11 12:27:00,sl,0.01,-9.833006647248803,0.26,False,False
2026-09-07_to_2026-09-13__M30__v1.11_baseline,2026-09-07_to_2026-09-13,M30,v1.11_baseline,2026-09-07 00:30:00,SELL,4412.757,4425.899511385282,4399.614488614718,4386.471977229436,4373.329465844154,2026-09-07 00:45:00,sl,0.01,-13.402511385281976,0.26,False,False
2026-09-07_to_2026-09-13__M30__v1.11_baseline,2026-09-07_to_2026-09-13,M30,v1.11_baseline,2026-09-07 03:30:00,SELL,4403.895,4413.103930461938,4391.2157302937285,4378.536460587457,4365.8571908811855,2026-09-07 05:31:00,sl,0.01,-9.468930461937598,0.26,False,False
2026-09-07_to_2026-09-13__M30__v1.11_baseline,2026-09-07_to_2026-09-13,M30,v1.11_baseline,2026-09-07 07:30:00,BUY,4406.186,4393.695168422856,4418.676831577143,4431.167663154286,4443.6584947314295,2026-09-07 07:33:00,sl,0.01,-12.75083157714358,0.26,False,False
2026-09-07_to_2026-09-13__M30__v1.11_baseline,2026-09-07_to_2026-09-13,M30,v1.11_baseline,2026-09-07 08:00:00,BUY,4419.584,4406.65701353551,4432.51098646449,4445.43797292898,4458.364959393471,2026-09-07 09:19:00,sl,0.01,-13.186986464490255,0.26,False,False
2026-09-07_to_2026-09-13__M30__v1.12_fixed,2026-09-07_to_2026-09-13,M30,v1.12_fixed,2026-09-07 00:30:00,SELL,4412.757,4425.899511385282,4399.614488614718,4386.471977229436,4373.329465844154,2026-09-07 00:45:00,sl,0.01,-13.402511385281976,0.26,False,False
2026-09-07_to_2026-09-13__M30__v1.12_fixed,2026-09-07_to_2026-09-13,M30,v1.12_fixed,2026-09-07 03:30:00,SELL,4403.895,4413.103930461938,4391.2157302937285,4378.536460587457,4365.8571908811855,2026-09-07 05:31:00,sl,0.01,-9.468930461937598,0.26,False,False
2026-09-07_to_2026-09-13__M30__v1.12_fixed,2026-09-07_to_2026-09-13,M30,v1.12_fixed,2026-09-07 07:30:00,BUY,4406.186,4393.695168422856,4418.676831577143,4431.167663154286,4443.6584947314295,2026-09-07 07:33:00,sl,0.01,-12.75083157714358,0.26,False,False
2026-09-07_to_2026-09-13__M30__v1.12_fixed,2026-09-07_to_2026-09-13,M30,v1.12_fixed,2026-09-07 08:00:00,BUY,4419.584,4406.65701353551,4432.51098646449,4445.43797292898,4458.364959393471,2026-09-07 09:19:00,sl,0.01,-13.186986464490255,0.26,False,False
