run_id,week,signal_tf,entry_time,dir,entry_price,initial_sl,exit_time,exit_price,exit_comment,pnl,balance_after,risk_dollars,r_multiple,hold_minutes,final_sl_price,sl_moved,exit_kind,mode
cmpv115_breakout_2026-06-22__M15sig,2026-06-22,M15sig,2026-06-22 00:00:00,SELL,4140.145,4147.602,2026-06-22 00:00:30,4147.64,sl 4147.602,-7.49,492.51,7.456999999999425,-1.0044253721336431,0.5,4147.602,False,sl,breakout
cmpv115_breakout_2026-06-22__M15sig,2026-06-22,M15sig,2026-06-22 00:30:00,SELL,4167.019,4176.01,2026-06-22 00:43:33,4176.187,sl 4176.010,-9.17,483.34,8.990999999999985,-1.019908797686577,13.55,4176.01,False,sl,breakout
cmpv115_breakout_2026-06-22__M15sig,2026-06-22,M15sig,2026-06-22 01:00:00,SELL,4200.966,4211.76,2026-06-22 01:00:06,4211.761,sl 4211.760,-10.79,472.55,10.793999999999869,-0.9996294237539495,0.1,4211.76,False,sl,breakout
cmpv115_breakout_2026-06-22__M15sig,2026-06-22,M15sig,2026-06-22 01:15:00,SELL,4211.777,4223.558,2026-06-22 03:45:00,4176.012,,35.77,508.32,11.780999999999949,3.036244800950697,150.0,,False,other,breakout
cmpv115_breakout_2026-06-22__M15sig,2026-06-22,M15sig,2026-06-22 04:00:00,SELL,4171.644,4183.192,2026-06-22 05:08:02,4183.337,sl 4183.192,-11.7,496.62,11.547999999999774,-1.013162452372725,68.03333333333333,4183.192,False,sl,breakout
cmpv115_breakout_2026-06-22__M15sig,2026-06-22,M15sig,2026-06-22 05:15:00,SELL,4185.4,4193.41,2026-06-22 05:29:52,4193.432,sl 4193.410,-8.03,488.59,8.010000000000218,-1.002496878901346,14.866666666666667,4193.41,False,sl,breakout
cmpv115_breakout_2026-06-22__M15sig,2026-06-22,M15sig,2026-06-22 05:30:00,SELL,4194.063,4201.898,2026-06-22 06:44:45,4201.948,sl 4201.898,-7.89,480.7,7.835000000000036,-1.0070197830248837,74.75,4201.898,False,sl,breakout
cmpv115_breakout_2026-06-22__M15sig,2026-06-22,M15sig,2026-06-22 06:45:00,SELL,4202.436,4209.524,2026-06-22 09:03:48,4199.395,sl 4199.362,3.04,483.74,7.088000000000648,0.4288939051918344,138.8,4199.362,True,sl,breakout
cmpv115_breakout_2026-06-22__M15sig,2026-06-22,M15sig,2026-06-22 09:15:00,SELL,4205.107,4212.181,2026-06-22 10:11:46,4212.207,sl 4212.181,-7.1,476.64,7.073999999999614,-1.0036754311564018,56.766666666666666,4212.181,False,sl,breakout
cmpv115_breakout_2026-06-22__M15sig,2026-06-22,M15sig,2026-06-22 10:15:00,SELL,4212.799,4219.772,2026-06-22 11:05:54,4214.324,sl 4214.176,-1.52,475.12,6.972999999999956,-0.2179836512261594,50.9,4214.176,True,sl,breakout
cmpv115_breakout_2026-06-22__M15sig,2026-06-22,M15sig,2026-06-22 12:30:00,SELL,4208.599,4215.632,2026-06-22 13:28:43,4187.376,,21.22,496.34,7.032999999999447,3.0172046068536424,58.71666666666667,,False,other,breakout
cmpv115_breakout_2026-06-22__M15sig,2026-06-22,M15sig,2026-06-22 14:00:00,SELL,4199.961,4208.654,2026-06-22 14:08:14,4207.601,sl 4207.596,-7.64,488.7,8.693000000000211,-0.8788680547566794,8.233333333333333,4207.596,True,sl,breakout
cmpv115_breakout_2026-06-22__M15sig,2026-06-22,M15sig,2026-06-22 14:15:00,SELL,4205.332,4214.954,2026-06-22 14:46:45,4202.281,sl 4202.228,3.05,491.75,9.621999999999389,0.31698191644150836,31.75,4202.228,True,sl,breakout
cmpv115_breakout_2026-06-22__M15sig,2026-06-22,M15sig,2026-06-22 15:00:00,SELL,4198.443,4209.259,2026-06-22 16:51:08,4187.044,sl 4187.019,11.4,503.15,10.815999999999804,1.0539940828402559,111.13333333333334,4187.019,True,sl,breakout
cmpv115_breakout_2026-06-22__M15sig,2026-06-22,M15sig,2026-06-22 17:00:00,SELL,4189.784,4201.485,2026-06-22 18:45:40,4193.14,sl 4193.041,-3.36,499.79,11.701000000000022,-0.2871549440218779,105.66666666666667,4193.041,True,sl,breakout
cmpv115_breakout_2026-06-22__M15sig,2026-06-22,M15sig,2026-06-22 19:00:00,SELL,4191.434,4198.798,2026-06-22 20:01:52,4193.362,sl 4193.351,-1.93,497.86,7.363999999999578,-0.26208582292233984,61.86666666666667,4193.351,True,sl,breakout
cmpv115_breakout_2026-06-22__M15sig,2026-06-22,M15sig,2026-06-22 20:15:00,SELL,4190.705,4196.365,2026-06-22 23:37:48,4195.226,sl 4194.984,-4.52,493.34,5.6599999999998545,-0.798586572438183,202.8,4194.984,True,sl,breakout
cmpv115_breakout_2026-06-22__M15sig,2026-06-22,M15sig,2026-06-23 00:15:00,SELL,4178.949,4183.709,2026-06-23 00:20:31,4183.768,sl 4183.709,-4.82,488.52,4.760000000000218,-1.0126050420167603,5.516666666666667,4183.709,False,sl,breakout
cmpv115_breakout_2026-06-22__M15sig,2026-06-22,M15sig,2026-06-23 00:30:00,SELL,4183.84,4188.566,2026-06-23 00:44:03,4188.599,sl 4188.566,-4.76,483.76,4.725999999999658,-1.0071942446043893,14.05,4188.566,False,sl,breakout
cmpv115_breakout_2026-06-22__M15sig,2026-06-22,M15sig,2026-06-23 00:45:00,SELL,4192.912,4198.191,2026-06-23 01:00:12,4198.302,sl 4198.191,-5.39,478.37,5.278999999999542,-1.0210267096041803,15.2,4198.191,False,sl,breakout
cmpv115_breakout_2026-06-22__M15sig,2026-06-22,M15sig,2026-06-23 01:15:00,SELL,4185.468,4191.527,2026-06-23 01:27:03,4180.451,sl 4180.396,5.02,483.39,6.0590000000001965,0.828519557682759,12.05,4180.396,True,sl,breakout
cmpv115_breakout_2026-06-22__M15sig,2026-06-22,M15sig,2026-06-23 01:30:00,SELL,4178.391,4185.331,2026-06-23 01:42:21,4157.52,,20.87,504.26,6.940000000000509,3.007204610950788,12.35,,False,other,breakout
cmpv115_breakout_2026-06-22__M15sig,2026-06-22,M15sig,2026-06-23 02:30:00,SELL,4161.777,4172.271,2026-06-23 04:58:06,4128.326,,33.45,537.71,10.493999999999687,3.187535734705641,148.1,,False,other,breakout
cmpv115_breakout_2026-06-22__M15sig,2026-06-22,M15sig,2026-06-23 05:00:00,SELL,4118.335,4130.229,2026-06-23 05:02:24,4130.299,sl 4130.229,-11.96,525.75,11.894000000000233,-1.0055490163107252,2.4,4130.229,False,sl,breakout
cmpv115_breakout_2026-06-22__M15sig,2026-06-22,M15sig,2026-06-23 05:30:00,SELL,4125.044,4136.292,2026-06-23 08:42:02,4111.054,sl 4110.999,13.99,539.74,11.248000000000502,1.2437766714081948,192.03333333333333,4110.999,True,sl,breakout
cmpv115_breakout_2026-06-22__M15sig,2026-06-22,M15sig,2026-06-23 08:45:00,SELL,4109.369,4121.207,2026-06-23 09:39:21,4120.213,sl 4120.129,-10.84,528.9,11.838000000000648,-0.9156952187869072,54.35,4120.129,True,sl,breakout
cmpv115_breakout_2026-06-22__M15sig,2026-06-22,M15sig,2026-06-23 09:45:00,SELL,4117.013,4127.584,2026-06-23 10:00:38,4127.636,sl 4127.584,-10.63,518.27,10.570999999999913,-1.0055813073503064,15.633333333333333,4127.584,False,sl,breakout
cmpv115_breakout_2026-06-22__M15sig,2026-06-22,M15sig,2026-06-23 10:30:00,SELL,4130.105,4140.08,2026-06-23 11:20:59,4132.071,sl 4131.996,-1.96,516.31,9.975000000000364,-0.19649122807016828,50.983333333333334,4131.996,True,sl,breakout
cmpv115_breakout_2026-06-22__M15sig,2026-06-22,M15sig,2026-06-23 12:00:00,SELL,4123.339,4132.291,2026-06-23 13:26:33,4119.454,sl 4119.380,3.89,520.2,8.952000000000226,0.4345397676496763,86.55,4119.38,True,sl,breakout
cmpv115_breakout_2026-06-22__M15sig,2026-06-22,M15sig,2026-06-23 13:30:00,SELL,4115.962,4125.758,2026-06-23 13:40:34,4125.366,sl 4125.165,-9.41,510.79,9.795999999999367,-0.9605961616987146,10.566666666666666,4125.165,True,sl,breakout
cmpv115_breakout_2026-06-22__M15sig,2026-06-22,M15sig,2026-06-23 13:45:00,SELL,4126.584,4136.949,2026-06-23 13:52:29,4137.254,sl 4136.949,-10.67,500.12,10.364999999999782,-1.0294259527255403,7.483333333333333,4136.949,False,sl,breakout
cmpv115_breakout_2026-06-22__M15sig,2026-06-22,M15sig,2026-06-23 15:00:00,SELL,4130.184,4141.838,2026-06-23 15:42:37,4141.573,sl 4141.320,-11.39,488.73,11.653999999999542,-0.9773468337052041,42.61666666666667,4141.32,True,sl,breakout
cmpv115_breakout_2026-06-22__M15sig,2026-06-22,M15sig,2026-06-23 15:45:00,SELL,4138.534,4150.27,2026-06-23 18:46:02,4115.156,,23.37,512.1,11.736000000000786,1.9913087934558995,181.03333333333333,,False,other,breakout
cmpv115_breakout_2026-06-22__M15sig,2026-06-22,M15sig,2026-06-23 19:00:00,SELL,4117.65,4125.332,2026-06-23 19:05:20,4125.537,sl 4125.332,-7.89,504.21,7.6820000000006985,-1.027076282218079,5.333333333333333,4125.332,False,sl,breakout
cmpv115_breakout_2026-06-22__M15sig,2026-06-22,M15sig,2026-06-23 19:15:01,SELL,4121.387,4128.658,2026-06-23 20:55:00,4109.729,sl 4109.628,11.66,515.87,7.27100000000064,1.6036308623296622,99.98333333333333,4109.628,True,sl,breakout
cmpv115_breakout_2026-06-22__M15sig,2026-06-22,M15sig,2026-06-23 22:00:30,SELL,4112.25,4117.718,2026-06-23 22:45:30,4106.108,sl 4105.925,6.14,522.01,5.467999999999847,1.1228968544257811,45.0,4105.925,True,sl,breakout
cmpv115_breakout_2026-06-22__M15sig,2026-06-22,M15sig,2026-06-23 23:45:00,SELL,4086.307,4093.13,2026-06-23 23:46:08,4093.188,sl 4093.130,-6.88,515.13,6.82300000000032,-1.0083540964384694,1.1333333333333333,4093.13,False,sl,breakout
cmpv115_breakout_2026-06-22__M15sig,2026-06-22,M15sig,2026-06-24 00:30:00,SELL,4099.678,4108.609,2026-06-24 01:04:20,4072.039,,27.64,542.77,8.931000000000495,3.0948382040083384,34.333333333333336,,False,other,breakout
cmpv115_breakout_2026-06-22__M15sig,2026-06-22,M15sig,2026-06-24 01:15:00,SELL,4089.573,4100.721,2026-06-24 01:25:13,4100.731,sl 4100.721,-11.16,531.61,11.147999999999683,-1.0010764262648293,10.216666666666667,4100.721,False,sl,breakout
cmpv115_breakout_2026-06-22__M15sig,2026-06-22,M15sig,2026-06-24 01:30:00,SELL,4098.423,4110.63,2026-06-24 02:41:28,4058.425,,39.99,571.6,12.207000000000335,3.275989186532228,71.46666666666667,,False,other,breakout
cmpv115_breakout_2026-06-22__M15sig,2026-06-22,M15sig,2026-06-24 03:15:00,SELL,4057.83,4072.671,2026-06-24 05:22:44,4072.756,sl 4072.671,-14.93,556.67,14.840999999999894,-1.0059969004784115,127.73333333333333,4072.671,False,sl,breakout
cmpv115_breakout_2026-06-22__M15sig,2026-06-22,M15sig,2026-06-24 05:30:00,SELL,4073.316,4084.64,2026-06-24 05:33:38,4084.747,sl 4084.640,-11.43,545.24,11.32400000000007,-1.009360649947009,3.6333333333333333,4084.64,False,sl,breakout
cmpv115_breakout_2026-06-22__M15sig,2026-06-22,M15sig,2026-06-24 06:00:00,SELL,4075.943,4087.003,2026-06-24 06:07:25,4087.032,sl 4087.003,-11.09,534.15,11.059999999999945,-1.0027124773960265,7.416666666666667,4087.003,False,sl,breakout
cmpv115_breakout_2026-06-22__M15sig,2026-06-22,M15sig,2026-06-24 06:15:00,SELL,4095.846,4106.684,2026-06-24 09:40:25,4066.701,,29.15,563.3,10.838000000000193,2.6896106292673445,205.41666666666666,,False,other,breakout
cmpv115_breakout_2026-06-22__M15sig,2026-06-22,M15sig,2026-06-24 10:00:00,SELL,4064.684,4072.829,2026-06-24 11:16:30,4038.164,,26.52,589.82,8.144999999999982,3.255985267034998,76.5,,False,other,breakout
cmpv115_breakout_2026-06-22__M15sig,2026-06-22,M15sig,2026-06-24 12:30:00,SELL,4015.3,4027.223,2026-06-24 13:01:25,3974.244,,41.06,630.88,11.922999999999774,3.4437641533171837,31.416666666666668,,False,other,breakout
cmpv115_breakout_2026-06-22__M15sig,2026-06-22,M15sig,2026-06-24 13:15:00,SELL,3971.649,3986.907,2026-06-24 13:31:54,3986.939,sl 3986.907,-15.29,615.59,15.258000000000266,-1.002097260453515,16.9,3986.907,False,sl,breakout
cmpv115_breakout_2026-06-22__M15sig,2026-06-22,M15sig,2026-06-24 14:30:00,SELL,4023.635,4044.878,2026-06-24 17:45:22,3983.21,,40.43,656.02,21.242999999999938,1.9032151767641161,195.36666666666667,,False,other,breakout
cmpv115_breakout_2026-06-22__M15sig,2026-06-22,M15sig,2026-06-24 18:00:00,SELL,3972.972,3986.435,2026-06-24 18:09:03,3979.678,sl 3979.649,-6.71,649.31,13.462999999999738,-0.4984030305281238,9.05,3979.649,True,sl,breakout
cmpv115_breakout_2026-06-22__M15sig,2026-06-22,M15sig,2026-06-24 18:30:00,SELL,3990.083,4004.28,2026-06-24 20:03:24,3994.184,sl 3994.156,-4.1,645.21,14.197000000000116,-0.28879340705782675,93.4,3994.156,True,sl,breakout
cmpv115_breakout_2026-06-22__M15sig,2026-06-22,M15sig,2026-06-24 20:15:00,SELL,3995.294,4008.148,2026-06-24 22:01:17,4008.363,sl 4008.148,-13.07,632.14,12.85400000000027,-1.0168041076707426,106.28333333333333,4008.148,False,sl,breakout
cmpv115_breakout_2026-06-22__M15sig,2026-06-22,M15sig,2026-06-24 22:30:00,SELL,4001.937,4013.246,2026-06-24 23:33:42,4005.364,sl 4005.210,-3.42,628.72,11.309000000000196,-0.3024140065434557,63.7,4005.21,True,sl,breakout
cmpv115_breakout_2026-06-22__M15sig,2026-06-22,M15sig,2026-06-24 23:45:00,SELL,4014.318,4023.602,2026-06-25 00:35:21,3985.973,,28.35,657.07,9.28399999999965,3.0536406721241995,50.35,,False,other,breakout
cmpv115_breakout_2026-06-22__M15sig,2026-06-22,M15sig,2026-06-25 01:15:00,SELL,3986.786,3998.287,2026-06-25 01:20:49,3998.404,sl 3998.287,-11.61,645.46,11.500999999999749,-1.0094774367446528,5.816666666666666,3998.287,False,sl,breakout
cmpv115_breakout_2026-06-22__M15sig,2026-06-22,M15sig,2026-06-25 01:30:00,SELL,3990.726,4003.027,2026-06-25 02:20:23,3983.969,sl 3983.678,6.76,652.22,12.30099999999993,0.5495488171693389,50.38333333333333,3983.678,True,sl,breakout
cmpv115_breakout_2026-06-22__M15sig,2026-06-22,M15sig,2026-06-25 03:00:00,SELL,3983.006,3999.567,2026-06-25 03:51:41,3991.648,sl 3991.560,-8.64,643.58,16.56100000000015,-0.521707626351061,51.68333333333333,3991.56,True,sl,breakout
cmpv115_breakout_2026-06-22__M15sig,2026-06-22,M15sig,2026-06-25 05:00:00,SELL,3996.23,4011.319,2026-06-25 07:58:38,3988.666,sl 3988.463,7.56,651.14,15.088999999999942,0.5010272383855808,178.63333333333333,3988.463,True,sl,breakout
cmpv115_breakout_2026-06-22__M15sig,2026-06-22,M15sig,2026-06-25 08:30:00,SELL,3993.876,4006.021,2026-06-25 11:43:15,3986.052,sl 3985.939,7.83,658.97,12.144999999999982,0.6447097571016889,193.25,3985.939,True,sl,breakout
cmpv115_breakout_2026-06-22__M15sig,2026-06-22,M15sig,2026-06-25 11:45:00,SELL,3984.623,3992.593,2026-06-25 12:30:10,3990.647,sl 3990.243,-6.03,652.94,7.9699999999998,-0.7565872020075473,45.166666666666664,3990.243,True,sl,breakout
cmpv115_breakout_2026-06-22__M15sig,2026-06-22,M15sig,2026-06-25 12:45:00,SELL,4005.466,4013.907,2026-06-25 12:47:51,4013.982,sl 4013.907,-8.51,644.43,8.441000000000258,-1.00817438692095,2.85,4013.907,False,sl,breakout
cmpv115_breakout_2026-06-22__M15sig,2026-06-22,M15sig,2026-06-25 13:00:00,SELL,4012.521,4021.66,2026-06-25 13:00:10,4021.67,sl 4021.660,-9.15,635.28,9.138999999999669,-1.0012036327826164,0.16666666666666666,4021.66,False,sl,breakout
cmpv115_breakout_2026-06-22__M15sig,2026-06-22,M15sig,2026-06-25 13:45:00,SELL,4011.99,4023.256,2026-06-25 14:03:45,4017.55,sl 4017.465,-5.56,629.72,11.266000000000076,-0.49352032664654377,18.75,4017.465,True,sl,breakout
cmpv115_breakout_2026-06-22__M15sig,2026-06-22,M15sig,2026-06-25 14:15:00,SELL,4016.398,4029.833,2026-06-25 15:22:05,4028.475,sl 4028.193,-12.08,617.64,13.434999999999945,-0.8991440267956866,67.08333333333333,4028.193,True,sl,breakout
cmpv115_breakout_2026-06-22__M15sig,2026-06-22,M15sig,2026-06-25 16:00:00,SELL,4041.062,4059.066,2026-06-25 18:29:29,4043.738,sl 4043.720,-2.68,614.96,18.003999999999905,-0.1488558098200408,149.48333333333332,4043.72,True,sl,breakout
cmpv115_breakout_2026-06-22__M15sig,2026-06-22,M15sig,2026-06-25 19:00:00,SELL,4034.66,4043.808,2026-06-25 19:16:16,4044.014,sl 4043.808,-9.35,605.61,9.148000000000138,-1.0220813292522801,16.266666666666666,4043.808,False,sl,breakout
cmpv115_breakout_2026-06-22__M15sig,2026-06-22,M15sig,2026-06-25 19:30:00,SELL,4036.179,4044.714,2026-06-25 20:01:47,4034.872,sl 4034.753,1.31,606.92,8.534999999999854,0.1534856473345076,31.783333333333335,4034.753,True,sl,breakout
cmpv115_breakout_2026-06-22__M15sig,2026-06-22,M15sig,2026-06-25 20:30:00,SELL,4030.618,4038.889,2026-06-25 22:35:16,4032.706,sl 4032.693,-2.09,604.83,8.271000000000186,-0.2526901221134026,125.26666666666667,4032.693,True,sl,breakout
cmpv115_breakout_2026-06-22__M15sig,2026-06-22,M15sig,2026-06-25 23:45:01,SELL,4024.431,4032.294,2026-06-26 00:46:41,4024.075,sl 4023.919,0.35,605.18,7.862999999999829,0.044512272669465544,61.666666666666664,4023.919,True,sl,breakout
cmpv115_breakout_2026-06-22__M15sig,2026-06-22,M15sig,2026-06-26 01:00:00,SELL,4020.476,4028.846,2026-06-26 01:01:18,4028.945,sl 4028.846,-8.47,596.71,8.36999999999989,-1.0119474313022834,1.3,4028.846,False,sl,breakout
cmpv115_breakout_2026-06-22__M15sig,2026-06-22,M15sig,2026-06-26 01:30:00,SELL,4022.621,4032.084,2026-06-26 02:38:11,3993.457,,29.16,625.87,9.462999999999738,3.0814752192751564,68.18333333333334,,False,other,breakout
cmpv115_breakout_2026-06-22__M15sig,2026-06-22,M15sig,2026-06-26 04:00:00,SELL,4004.162,4014.913,2026-06-26 04:54:52,4015.041,sl 4014.913,-10.88,614.99,10.751000000000204,-1.0119988838247413,54.86666666666667,4014.913,False,sl,breakout
cmpv115_breakout_2026-06-22__M15sig,2026-06-22,M15sig,2026-06-26 05:00:00,SELL,4011.44,4021.521,2026-06-26 05:30:04,4021.558,sl 4021.521,-10.12,604.87,10.081000000000131,-1.0038686638230203,30.066666666666666,4021.521,False,sl,breakout
cmpv115_breakout_2026-06-22__M15sig,2026-06-22,M15sig,2026-06-26 05:45:00,SELL,4011.46,4021.488,2026-06-26 06:22:18,4020.949,sl 4020.888,-9.49,595.38,10.027999999999793,-0.9463502193857396,37.3,4020.888,True,sl,breakout
cmpv115_breakout_2026-06-22__M15sig,2026-06-22,M15sig,2026-06-26 07:15:00,SELL,4027.563,4036.507,2026-06-26 07:27:48,4036.805,sl 4036.507,-9.25,586.13,8.94399999999996,-1.0342128801431174,12.8,4036.507,False,sl,breakout
cmpv115_breakout_2026-06-22__M15sig,2026-06-22,M15sig,2026-06-26 07:30:00,SELL,4037.81,4047.002,2026-06-26 09:09:15,4039.383,sl 4039.338,-1.57,584.56,9.192000000000007,-0.17080069625761518,99.25,4039.338,True,sl,breakout
cmpv115_breakout_2026-06-22__M15sig,2026-06-22,M15sig,2026-06-26 09:15:00,SELL,4039.368,4047.965,2026-06-26 09:20:01,4048.195,sl 4047.965,-8.83,575.73,8.597000000000207,-1.0271024776084432,5.016666666666667,4047.965,False,sl,breakout
cmpv115_breakout_2026-06-22__M15sig,2026-06-22,M15sig,2026-06-26 09:45:00,SELL,4047.994,4057.348,2026-06-26 12:57:16,4050.394,sl 4050.125,-2.4,573.33,9.353999999999814,-0.2565747273893572,192.26666666666668,4050.125,True,sl,breakout
cmpv115_breakout_2026-06-22__M15sig,2026-06-22,M15sig,2026-06-26 13:00:00,SELL,4058.88,4068.511,2026-06-26 13:23:16,4058.035,sl 4058.034,0.84,574.17,9.630999999999858,0.08721835738760382,23.266666666666666,4058.034,True,sl,breakout
cmpv115_breakout_2026-06-22__M15sig,2026-06-22,M15sig,2026-06-26 13:45:00,SELL,4062.431,4074.252,2026-06-26 13:57:24,4074.405,sl 4074.252,-11.98,562.19,11.820999999999913,-1.0134506386938575,12.4,4074.252,False,sl,breakout
cmpv115_breakout_2026-06-22__M15sig,2026-06-22,M15sig,2026-06-26 14:15:00,SELL,4082.345,4095.591,2026-06-26 15:41:55,4095.662,sl 4095.591,-13.31,548.88,13.246000000000095,-1.0048316472897407,86.91666666666667,4095.591,False,sl,breakout
cmpv115_breakout_2026-06-22__M15sig,2026-06-22,M15sig,2026-06-26 15:45:00,SELL,4094.924,4109.15,2026-06-26 18:45:00,4072.63,,22.29,571.17,14.225999999999658,1.5668494306200291,180.0,,False,other,breakout
cmpv115_breakout_2026-06-22__M15sig,2026-06-22,M15sig,2026-06-26 19:00:00,SELL,4067.536,4074.882,2026-06-26 20:48:31,4074.354,sl 4074.330,-6.81,564.36,7.346000000000004,-0.9270351211543693,108.51666666666667,4074.33,True,sl,breakout
cmpv115_swing_2026-06-22__M15sig,2026-06-22,M15sig,2026-06-22 14:32:17,BUY,4188.642,4185.596,2026-06-22 15:19:29,4190.554,sl 4190.576,1.91,501.91,3.0460000000002765,0.6270518713065747,47.2,4190.576,True,sl,swing
cmpv115_swing_2026-06-22__M15sig,2026-06-22,M15sig,2026-06-23 13:48:52,SELL,4133.205,4137.461,2026-06-23 13:52:29,4137.563,sl 4137.461,-4.35,497.56,4.256000000000313,-1.0220864661653384,3.6166666666666667,4137.461,False,sl,swing
cmpv115_swing_2026-06-22__M15sig,2026-06-22,M15sig,2026-06-24 20:03:28,SELL,3994.363,4001.749,2026-06-24 20:05:43,4001.959,sl 4001.749,-7.6,489.96,7.385999999999967,-1.028973734091529,2.25,4001.749,False,sl,swing
cmpv115_swing_2026-06-22__M15sig,2026-06-22,M15sig,2026-06-25 08:22:32,SELL,4000.211,4005.89,2026-06-25 11:43:15,3986.052,sl 3985.939,14.16,504.12,5.679000000000087,2.4933967247754505,200.71666666666667,3985.939,True,sl,swing
cmpv115_swing_2026-06-22__M15sig,2026-06-22,M15sig,2026-06-26 06:57:07,SELL,4029.59,4033.697,2026-06-26 07:01:34,4033.775,sl 4033.697,-4.19,499.93,4.106999999999971,-1.0202093985877843,4.45,4033.697,False,sl,swing
cmpv115_breakout_2026-06-29__M15sig,2026-06-29,M15sig,2026-06-29 00:00:00,SELL,4062.887,4072.671,2026-06-29 00:40:42,4064.08,sl 4063.979,-1.19,498.81,9.78399999999965,-0.12162714636141071,40.7,4063.979,True,sl,breakout
cmpv115_breakout_2026-06-29__M15sig,2026-06-29,M15sig,2026-06-29 01:00:00,SELL,4069.71,4081.652,2026-06-29 02:30:01,4072.188,sl 4072.145,-2.48,496.33,11.942000000000007,-0.20767040696700706,90.01666666666667,4072.145,True,sl,breakout
cmpv115_breakout_2026-06-29__M15sig,2026-06-29,M15sig,2026-06-29 02:45:00,SELL,4060.409,4072.677,2026-06-29 03:21:01,4072.858,sl 4072.677,-12.45,483.88,12.268000000000029,-1.0148353439843472,36.016666666666666,4072.677,False,sl,breakout
cmpv115_breakout_2026-06-29__M15sig,2026-06-29,M15sig,2026-06-29 03:30:00,SELL,4072.284,4084.416,2026-06-29 05:30:31,4045.78,,26.5,510.38,12.132000000000062,2.1843059676887457,120.51666666666667,,False,other,breakout
cmpv115_breakout_2026-06-29__M15sig,2026-06-29,M15sig,2026-06-29 06:15:00,SELL,4059.574,4068.215,2026-06-29 07:52:10,4068.45,sl 4068.215,-8.88,501.5,8.641000000000076,-1.0276588357828864,97.16666666666667,4068.215,False,sl,breakout
cmpv115_breakout_2026-06-29__M15sig,2026-06-29,M15sig,2026-06-29 08:30:00,SELL,4061.332,4069.253,2026-06-29 09:50:18,4037.175,,24.15,525.65,7.9210000000002765,3.0488574674913718,80.3,,False,other,breakout
cmpv115_breakout_2026-06-29__M15sig,2026-06-29,M15sig,2026-06-29 10:00:00,SELL,4031.419,4040.35,2026-06-29 11:56:11,4040.388,sl 4040.350,-8.97,516.68,8.93100000000004,-1.00436681222707,116.18333333333334,4040.35,False,sl,breakout
cmpv115_breakout_2026-06-29__M15sig,2026-06-29,M15sig,2026-06-29 12:00:00,SELL,4039.406,4049.078,2026-06-29 12:10:02,4049.103,sl 4049.078,-9.69,506.99,9.672000000000025,-1.00186104218362,10.033333333333333,4049.078,False,sl,breakout
cmpv115_breakout_2026-06-29__M15sig,2026-06-29,M15sig,2026-06-29 13:00:00,SELL,4043.547,4053.038,2026-06-29 14:06:47,4016.057,,27.49,534.48,9.490999999999985,2.8964281951322346,66.78333333333333,,False,other,breakout
cmpv115_breakout_2026-06-29__M15sig,2026-06-29,M15sig,2026-06-29 15:00:00,SELL,4025.587,4038.246,2026-06-29 19:17:31,4007.678,,17.91,552.39,12.659000000000106,1.4148036969744728,257.51666666666665,,False,other,breakout
cmpv115_breakout_2026-06-29__M15sig,2026-06-29,M15sig,2026-06-29 19:30:00,SELL,4017.26,4023.497,2026-06-29 22:10:40,4022.417,sl 4022.311,-5.16,547.23,6.236999999999625,-0.8273208273208771,160.66666666666666,4022.311,True,sl,breakout
cmpv115_breakout_2026-06-29__M15sig,2026-06-29,M15sig,2026-06-29 23:15:00,SELL,4020.817,4026.724,2026-06-30 00:08:46,4004.876,,15.94,563.17,5.907000000000153,2.698493313018383,53.766666666666666,,False,other,breakout
cmpv115_breakout_2026-06-29__M15sig,2026-06-29,M15sig,2026-06-30 00:15:00,SELL,4010.143,4016.074,2026-06-30 00:42:46,3991.938,,18.2,581.37,5.93100000000004,3.0686224919912117,27.766666666666666,,False,other,breakout
cmpv115_breakout_2026-06-29__M15sig,2026-06-29,M15sig,2026-06-30 01:00:00,SELL,3986.973,3994.697,2026-06-30 01:07:10,3963.368,,23.6,604.97,7.72400000000016,3.0554117037803614,7.166666666666667,,False,other,breakout
cmpv115_breakout_2026-06-29__M15sig,2026-06-29,M15sig,2026-06-30 01:45:00,SELL,3969.173,3982.401,2026-06-30 04:01:03,3973.036,sl 3973.017,-3.87,601.1,13.228000000000065,-0.2925612337465967,136.05,3973.017,True,sl,breakout
cmpv115_breakout_2026-06-29__M15sig,2026-06-29,M15sig,2026-06-30 04:15:00,SELL,3972.39,3987.106,2026-06-30 04:30:40,3987.356,sl 3987.106,-14.97,586.13,14.71600000000035,-1.0172601250339526,15.666666666666666,3987.106,False,sl,breakout
cmpv115_breakout_2026-06-29__M15sig,2026-06-29,M15sig,2026-06-30 05:00:00,SELL,3985.665,3996.455,2026-06-30 06:22:24,3990.715,sl 3990.672,-5.05,581.08,10.789999999999964,-0.46802594995366237,82.4,3990.672,True,sl,breakout
cmpv115_breakout_2026-06-29__M15sig,2026-06-29,M15sig,2026-06-30 07:00:00,SELL,4029.652,4041.193,2026-06-30 10:42:43,4029.365,sl 4029.297,0.28,581.36,11.541000000000167,0.024261329174247982,222.71666666666667,4029.297,True,sl,breakout
cmpv115_breakout_2026-06-29__M15sig,2026-06-29,M15sig,2026-06-30 10:45:00,SELL,4028.14,4035.55,2026-06-30 11:42:33,4035.552,sl 4035.550,-7.41,573.95,7.410000000000309,-0.9999999999999583,57.55,4035.55,False,sl,breakout
cmpv115_breakout_2026-06-29__M15sig,2026-06-29,M15sig,2026-06-30 11:45:00,SELL,4034.483,4040.895,2026-06-30 12:27:35,4015.722,,18.76,592.71,6.411999999999807,2.9257641921398263,42.583333333333336,,False,other,breakout
cmpv115_breakout_2026-06-29__M15sig,2026-06-29,M15sig,2026-06-30 14:30:00,SELL,4054.19,4066.227,2026-06-30 17:08:30,4021.812,,32.38,625.09,12.036999999999807,2.690039046274032,158.5,,False,other,breakout
cmpv115_breakout_2026-06-29__M15sig,2026-06-29,M15sig,2026-06-30 17:15:00,SELL,4023.041,4033.282,2026-06-30 18:05:15,4033.329,sl 4033.282,-10.29,614.8,10.240999999999985,-1.0047846889952166,50.25,4033.282,False,sl,breakout
cmpv115_breakout_2026-06-29__M15sig,2026-06-29,M15sig,2026-06-30 18:15:00,SELL,4032.296,4038.906,2026-06-30 19:51:15,4018.408,,13.89,628.69,6.610000000000127,2.101361573373636,96.25,,False,other,breakout
cmpv115_breakout_2026-06-29__M15sig,2026-06-29,M15sig,2026-06-30 20:45:00,SELL,4011.252,4016.078,2026-06-30 22:02:23,4013.999,sl 4013.937,-2.75,625.94,4.826000000000022,-0.5698300870285925,77.38333333333334,4013.937,True,sl,breakout
cmpv115_breakout_2026-06-29__M15sig,2026-06-29,M15sig,2026-06-30 22:15:00,SELL,4014.693,4019.847,2026-07-01 00:42:03,3996.265,,18.42,644.36,5.153999999999996,3.5739231664726456,147.05,,False,other,breakout
cmpv115_breakout_2026-06-29__M15sig,2026-06-29,M15sig,2026-07-01 01:00:00,SELL,3996.861,4003.043,2026-07-01 01:30:12,3987.246,sl 3987.078,9.61,653.97,6.182000000000244,1.5545131025557457,30.2,3987.078,True,sl,breakout
cmpv115_breakout_2026-06-29__M15sig,2026-06-29,M15sig,2026-07-01 01:45:00,SELL,3978.714,3986.748,2026-07-01 02:30:38,3982.982,sl 3982.953,-4.27,649.7,8.034000000000106,-0.5314911625591167,45.63333333333333,3982.953,True,sl,breakout
cmpv115_breakout_2026-06-29__M15sig,2026-06-29,M15sig,2026-07-01 02:45:00,SELL,3982.82,3991.54,2026-07-01 07:00:16,3974.062,sl 3973.886,8.76,658.46,8.7199999999998,1.0045871559633257,255.26666666666668,3973.886,True,sl,breakout
cmpv115_breakout_2026-06-29__M15sig,2026-06-29,M15sig,2026-07-01 08:15:00,SELL,3974.171,3983.017,2026-07-01 08:19:36,3983.061,sl 3983.017,-8.89,649.57,8.846000000000004,-1.004973999547818,4.6,3983.017,False,sl,breakout
cmpv115_breakout_2026-06-29__M15sig,2026-06-29,M15sig,2026-07-01 08:30:00,SELL,3978.934,3987.895,2026-07-01 09:49:30,3985.181,sl 3985.141,-6.25,643.32,8.960999999999785,-0.6974668005803091,79.5,3985.141,True,sl,breakout
cmpv115_breakout_2026-06-29__M15sig,2026-06-29,M15sig,2026-07-01 10:00:00,SELL,3984.583,3992.527,2026-07-01 10:37:47,3992.595,sl 3992.527,-8.02,635.3,7.94399999999996,-1.0095669687814752,37.78333333333333,3992.527,False,sl,breakout
cmpv115_breakout_2026-06-29__M15sig,2026-06-29,M15sig,2026-07-01 10:45:00,SELL,3987.487,3994.87,2026-07-01 10:55:01,3994.879,sl 3994.870,-7.39,627.91,7.382999999999811,-1.0009481240688323,10.016666666666667,3994.87,False,sl,breakout
cmpv115_breakout_2026-06-29__M15sig,2026-06-29,M15sig,2026-07-01 11:15:00,SELL,4015.829,4023.991,2026-07-01 11:19:14,4024.103,sl 4023.991,-8.27,619.64,8.161999999999807,-1.013232050967924,4.233333333333333,4023.991,False,sl,breakout
cmpv115_breakout_2026-06-29__M15sig,2026-06-29,M15sig,2026-07-01 12:00:00,SELL,4030.558,4038.909,2026-07-01 12:32:58,4032.349,sl 4032.259,-1.79,617.85,8.351000000000113,-0.2143455873548049,32.96666666666667,4032.259,True,sl,breakout
cmpv115_breakout_2026-06-29__M15sig,2026-06-29,M15sig,2026-07-01 12:45:00,SELL,4026.01,4035.408,2026-07-01 13:17:20,4027.714,sl 4027.617,-1.7,616.15,9.397999999999683,-0.1808895509682972,32.333333333333336,4027.617,True,sl,breakout
cmpv115_breakout_2026-06-29__M15sig,2026-06-29,M15sig,2026-07-01 13:30:00,SELL,4046.742,4058.329,2026-07-01 13:37:12,4058.362,sl 4058.329,-11.62,604.53,11.586999999999989,-1.0028480193320108,7.2,4058.329,False,sl,breakout
cmpv115_breakout_2026-06-29__M15sig,2026-06-29,M15sig,2026-07-01 14:00:00,BUY,4089.749,4073.211,2026-07-01 14:46:34,4088.909,sl 4088.948,-0.84,603.69,16.53800000000001,-0.05079211512879426,46.56666666666667,4088.948,True,sl,breakout
cmpv115_breakout_2026-06-29__M15sig,2026-06-29,M15sig,2026-07-01 15:00:00,BUY,4093.533,4076.016,2026-07-01 16:34:52,4075.735,sl 4076.016,-17.79,585.9,17.516999999999825,-1.0155848604213151,94.86666666666666,4076.016,False,sl,breakout
cmpv115_breakout_2026-06-29__M15sig,2026-06-29,M15sig,2026-07-01 16:45:00,SELL,4074.504,4091.843,2026-07-01 19:37:11,4055.633,,18.87,604.77,17.338999999999942,1.0882980564046407,172.18333333333334,,False,other,breakout
cmpv115_breakout_2026-06-29__M15sig,2026-06-29,M15sig,2026-07-01 19:45:00,SELL,4053.965,4060.224,2026-07-01 19:57:19,4035.162,,18.81,623.58,6.2590000000000146,3.0052724077328574,12.316666666666666,,False,other,breakout
cmpv115_breakout_2026-06-29__M15sig,2026-06-29,M15sig,2026-07-01 20:15:00,SELL,4035.678,4043.072,2026-07-01 22:45:51,4041.458,sl 4041.409,-5.78,617.8,7.394000000000233,-0.7817149039761724,150.85,4041.409,True,sl,breakout
cmpv115_breakout_2026-06-29__M15sig,2026-06-29,M15sig,2026-07-01 23:15:00,SELL,4037.728,4045.44,2026-07-02 00:10:38,4042.163,sl 4042.054,-4.43,613.37,7.711999999999989,-0.5744294605809136,55.63333333333333,4042.054,True,sl,breakout
cmpv115_breakout_2026-06-29__M15sig,2026-06-29,M15sig,2026-07-02 00:45:00,SELL,4039.191,4046.018,2026-07-02 00:47:19,4046.026,sl 4046.018,-6.84,606.53,6.8270000000002256,-1.0019042038962611,2.316666666666667,4046.018,False,sl,breakout
cmpv115_breakout_2026-06-29__M15sig,2026-06-29,M15sig,2026-07-02 01:00:00,SELL,4052.057,4059.51,2026-07-02 01:00:47,4059.52,sl 4059.510,-7.46,599.07,7.453000000000429,-1.0009392191063424,0.7833333333333333,4059.51,False,sl,breakout
cmpv115_breakout_2026-06-29__M15sig,2026-06-29,M15sig,2026-07-02 01:15:00,SELL,4065.245,4073.578,2026-07-02 02:42:17,4055.991,sl 4055.871,9.26,608.33,8.333000000000084,1.1112444497779799,87.28333333333333,4055.871,True,sl,breakout
cmpv115_breakout_2026-06-29__M15sig,2026-06-29,M15sig,2026-07-02 03:00:00,SELL,4057.262,4067.538,2026-07-02 03:41:09,4067.739,sl 4067.538,-10.48,597.85,10.27599999999984,-1.0198520825223982,41.15,4067.538,False,sl,breakout
cmpv115_breakout_2026-06-29__M15sig,2026-06-29,M15sig,2026-07-02 03:45:00,SELL,4065.701,4075.589,2026-07-02 05:37:56,4064.256,sl 4064.193,1.44,599.29,9.88799999999992,0.14563106796116623,112.93333333333334,4064.193,True,sl,breakout
cmpv115_breakout_2026-06-29__M15sig,2026-06-29,M15sig,2026-07-02 06:00:00,SELL,4066.239,4073.688,2026-07-02 06:02:14,4073.754,sl 4073.688,-7.51,591.78,7.449000000000069,-1.0081890186602134,2.2333333333333334,4073.688,False,sl,breakout
cmpv115_breakout_2026-06-29__M15sig,2026-06-29,M15sig,2026-07-02 06:15:00,SELL,4068.412,4075.907,2026-07-02 06:21:04,4075.926,sl 4075.907,-7.52,584.26,7.495000000000346,-1.003335557037979,6.066666666666666,4075.907,False,sl,breakout
cmpv115_breakout_2026-06-29__M15sig,2026-06-29,M15sig,2026-07-02 06:30:00,SELL,4074.405,4082.304,2026-07-02 07:41:47,4073.72,sl 4073.661,0.69,584.95,7.898999999999887,0.08735282947208632,71.78333333333333,4073.661,True,sl,breakout
cmpv115_breakout_2026-06-29__M15sig,2026-06-29,M15sig,2026-07-02 07:45:00,SELL,4074.417,4083.343,2026-07-02 08:22:15,4075.761,sl 4075.741,-1.34,583.61,8.92599999999993,-0.15012323549182283,37.25,4075.741,True,sl,breakout
cmpv115_breakout_2026-06-29__M15sig,2026-06-29,M15sig,2026-07-02 09:00:00,BUY,4076.33,4066.317,2026-07-02 09:25:15,4066.268,sl 4066.317,-10.06,573.55,10.01299999999992,-1.0046938979326956,25.25,4066.317,False,sl,breakout
cmpv115_breakout_2026-06-29__M15sig,2026-06-29,M15sig,2026-07-02 09:30:00,SELL,4067.707,4077.307,2026-07-02 11:43:24,4069.962,sl 4069.862,-2.25,571.3,9.599999999999909,-0.23437500000000222,133.4,4069.862,True,sl,breakout
cmpv115_breakout_2026-06-29__M15sig,2026-06-29,M15sig,2026-07-02 11:45:00,SELL,4070.988,4078.045,2026-07-02 12:06:43,4073.329,sl 4073.326,-2.34,568.96,7.057000000000244,-0.33158565962872594,21.716666666666665,4073.326,True,sl,breakout
cmpv115_breakout_2026-06-29__M15sig,2026-06-29,M15sig,2026-07-02 12:15:00,SELL,4064.306,4071.671,2026-07-02 12:30:01,4072.156,sl 4071.671,-7.85,561.11,7.364999999999782,-1.065852002715578,15.016666666666667,4071.671,False,sl,breakout
cmpv115_breakout_2026-06-29__M15sig,2026-06-29,M15sig,2026-07-02 12:45:00,BUY,4132.744,4120.434,2026-07-02 12:49:31,4120.416,sl 4120.434,-12.32,548.79,12.30999999999949,-1.0008123476848505,4.516666666666667,4120.434,False,sl,breakout
cmpv115_breakout_2026-06-29__M15sig,2026-06-29,M15sig,2026-07-02 14:15:00,BUY,4128.917,4111.766,2026-07-02 16:30:19,4111.65,sl 4111.766,-17.27,531.52,17.15100000000075,-1.0069383709404258,135.31666666666666,4111.766,False,sl,breakout
cmpv115_breakout_2026-06-29__M15sig,2026-06-29,M15sig,2026-07-02 16:45:00,BUY,4114.697,4100.805,2026-07-02 19:18:29,4111.803,sl 4112.083,-2.9,528.62,13.891999999999825,-0.20875323927440514,153.48333333333332,4112.083,True,sl,breakout
cmpv115_breakout_2026-06-29__M15sig,2026-06-29,M15sig,2026-07-02 20:00:00,BUY,4121.569,4112.917,2026-07-02 23:36:40,4125.432,sl 4125.586,3.86,532.48,8.652000000000044,0.4461396208969002,216.66666666666666,4125.586,True,sl,breakout
cmpv115_breakout_2026-06-29__M15sig,2026-06-29,M15sig,2026-07-03 00:30:00,BUY,4137.535,4131.078,2026-07-03 01:03:44,4159.22,,21.68,554.16,6.456999999999425,3.357596407000454,33.733333333333334,,False,other,breakout
cmpv115_breakout_2026-06-29__M15sig,2026-06-29,M15sig,2026-07-03 01:15:00,BUY,4176.275,4167.011,2026-07-03 01:43:29,4180.411,sl 4180.477,4.13,558.29,9.263999999999214,0.44581174438691173,28.483333333333334,4180.477,True,sl,breakout
cmpv115_breakout_2026-06-29__M15sig,2026-06-29,M15sig,2026-07-03 02:00:00,BUY,4182.632,4170.994,2026-07-03 05:41:03,4173.116,sl 4173.254,-9.51,548.78,11.63799999999992,-0.8171507131809645,221.05,4173.254,True,sl,breakout
cmpv115_breakout_2026-06-29__M15sig,2026-06-29,M15sig,2026-07-03 05:45:00,BUY,4175.311,4169.466,2026-07-03 05:48:36,4169.463,sl 4169.466,-5.85,542.93,5.844999999999345,-1.0008554319932685,3.6,4169.466,False,sl,breakout
cmpv115_breakout_2026-06-29__M15sig,2026-06-29,M15sig,2026-07-03 06:30:00,BUY,4165.164,4159.178,2026-07-03 07:17:19,4171.841,sl 4171.890,6.68,549.61,5.985999999999876,1.115937186769151,47.31666666666667,4171.89,True,sl,breakout
cmpv115_breakout_2026-06-29__M15sig,2026-06-29,M15sig,2026-07-03 08:15:00,BUY,4184.058,4176.894,2026-07-03 08:51:26,4176.879,sl 4176.894,-7.18,542.43,7.16399999999976,-1.0022333891680961,36.43333333333333,4176.894,False,sl,breakout
cmpv115_breakout_2026-06-29__M15sig,2026-06-29,M15sig,2026-07-03 09:15:00,BUY,4180.453,4173.211,2026-07-03 09:24:59,4173.21,sl 4173.211,-7.24,535.19,7.242000000000189,-0.9997238331952238,9.983333333333333,4173.211,False,sl,breakout
cmpv115_breakout_2026-06-29__M15sig,2026-06-29,M15sig,2026-07-03 09:30:00,BUY,4171.951,4164.573,2026-07-03 12:15:25,4177.292,sl 4177.329,5.34,540.53,7.377999999999702,0.7237733803198991,165.41666666666666,4177.329,True,sl,breakout
cmpv115_breakout_2026-06-29__M15sig,2026-06-29,M15sig,2026-07-03 12:45:00,BUY,4175.196,4169.555,2026-07-03 13:05:42,4170.78,sl 4170.785,-4.42,536.11,5.640999999999622,-0.783549016131944,20.7,4170.785,True,sl,breakout
cmpv115_breakout_2026-06-29__M15sig,2026-06-29,M15sig,2026-07-03 13:15:00,BUY,4166.941,4160.859,2026-07-03 14:07:10,4162.553,sl 4162.587,-4.39,531.72,6.081999999999425,-0.7218020388030935,52.166666666666664,4162.587,True,sl,breakout
cmpv115_breakout_2026-06-29__M15sig,2026-06-29,M15sig,2026-07-03 14:15:00,BUY,4162.359,4155.619,2026-07-03 16:06:42,4163.446,sl 4163.551,1.09,532.81,6.740000000000691,0.1617210682492416,111.7,4163.551,True,sl,breakout
cmpv115_breakout_2026-06-29__M15sig,2026-06-29,M15sig,2026-07-03 16:15:00,BUY,4164.229,4157.704,2026-07-03 16:59:59,4174.913,end of test,10.68,543.49,6.525000000000546,1.6367816091952654,44.983333333333334,,False,end,breakout
cmpv115_swing_2026-06-29__M15sig,2026-06-29,M15sig,2026-06-29 17:08:19,SELL,4030.555,4034.448,2026-06-29 19:26:12,4014.758,sl 4014.752,15.8,515.8,3.893000000000029,4.05856665810426,137.88333333333333,4014.752,True,sl,swing
cmpv115_swing_2026-06-29__M15sig,2026-06-29,M15sig,2026-06-30 06:23:44,SELL,3998.077,4002.985,2026-06-30 06:24:30,4003.001,sl 4002.985,-4.92,510.88,4.907999999999902,-1.0024449877750812,0.7666666666666667,4002.985,False,sl,swing
cmpv115_swing_2026-06-29__M15sig,2026-06-29,M15sig,2026-06-30 12:56:43,BUY,4012.308,4008.425,2026-06-30 13:24:37,4021.44,sl 4021.493,9.13,520.01,3.882999999999811,2.3512747875355253,27.9,4021.493,True,sl,swing
cmpv115_swing_2026-06-29__M15sig,2026-06-29,M15sig,2026-07-01 08:19:36,SELL,3982.924,3986.013,2026-07-01 09:49:10,3984.976,sl 3984.875,-2.06,517.95,3.088999999999942,-0.6668824862415147,89.56666666666666,3984.875,True,sl,swing
cmpv115_swing_2026-06-29__M15sig,2026-06-29,M15sig,2026-07-02 11:04:06,BUY,4060.617,4057.078,2026-07-02 12:14:12,4063.002,sl 4063.039,2.38,520.33,3.5390000000002146,0.6725063577281309,70.1,4063.039,True,sl,swing
cmpv115_swing_2026-06-29__M15sig,2026-06-29,M15sig,2026-07-03 13:09:12,BUY,4168.236,4165.523,2026-07-03 13:12:11,4165.429,sl 4165.523,-2.81,517.52,2.712999999999738,-1.0357537781055184,2.9833333333333334,4165.523,False,sl,swing
cmpv115_breakout_2026-07-06__M15sig,2026-07-06,M15sig,2026-07-06 00:15:00,BUY,4174.995,4166.047,2026-07-06 01:00:09,4173.291,sl 4173.334,-1.71,498.29,8.94800000000032,-0.19110415735359174,45.15,4173.334,True,sl,breakout
cmpv115_breakout_2026-07-06__M15sig,2026-07-06,M15sig,2026-07-06 01:45:00,BUY,4198.244,4185.803,2026-07-06 01:59:31,4185.737,sl 4185.803,-12.5,485.79,12.440999999999804,-1.0047423840527447,14.516666666666667,4185.803,False,sl,breakout
cmpv115_breakout_2026-07-06__M15sig,2026-07-06,M15sig,2026-07-06 02:15:00,BUY,4181.056,4167.788,2026-07-06 03:02:58,4167.748,sl 4167.788,-13.31,472.48,13.268000000000029,-1.003165511003917,47.96666666666667,4167.788,False,sl,breakout
cmpv115_breakout_2026-07-06__M15sig,2026-07-06,M15sig,2026-07-06 03:15:00,BUY,4166.831,4153.408,2026-07-06 05:05:05,4153.35,sl 4153.408,-13.48,459.0,13.422999999999774,-1.0042464426730409,110.08333333333333,4153.408,False,sl,breakout
cmpv115_breakout_2026-07-06__M15sig,2026-07-06,M15sig,2026-07-06 05:15:00,BUY,4152.487,4144.3,2026-07-06 05:58:23,4149.522,sl 4149.712,-2.97,456.03,8.186999999999898,-0.3627702455111808,43.38333333333333,4149.712,True,sl,breakout
cmpv115_breakout_2026-07-06__M15sig,2026-07-06,M15sig,2026-07-06 06:30:00,BUY,4156.535,4149.301,2026-07-06 06:56:22,4149.199,sl 4149.301,-7.34,448.69,7.233999999999469,-1.0146530273708236,26.366666666666667,4149.301,False,sl,breakout
cmpv115_breakout_2026-07-06__M15sig,2026-07-06,M15sig,2026-07-06 07:00:00,BUY,4150.576,4143.477,2026-07-06 08:16:49,4154.986,sl 4155.050,4.41,453.1,7.09900000000016,0.6212142555289337,76.81666666666666,4155.05,True,sl,breakout
cmpv115_breakout_2026-07-06__M15sig,2026-07-06,M15sig,2026-07-06 08:30:00,BUY,4155.539,4147.613,2026-07-06 08:46:18,4147.601,sl 4147.613,-7.94,445.16,7.925999999999476,-1.0017663386324156,16.3,4147.613,False,sl,breakout
cmpv115_breakout_2026-07-06__M15sig,2026-07-06,M15sig,2026-07-06 09:00:00,BUY,4150.714,4142.794,2026-07-06 09:28:25,4142.791,sl 4142.794,-7.92,437.24,7.920000000000073,-0.9999999999999908,28.416666666666668,4142.794,False,sl,breakout
cmpv115_breakout_2026-07-06__M15sig,2026-07-06,M15sig,2026-07-06 09:30:00,BUY,4143.674,4136.583,2026-07-06 09:32:37,4136.553,sl 4136.583,-7.12,430.12,7.091000000000349,-1.0040896911577561,2.6166666666666667,4136.583,False,sl,breakout
cmpv115_breakout_2026-07-06__M15sig,2026-07-06,M15sig,2026-07-06 09:45:00,BUY,4139.687,4132.523,2026-07-06 11:18:30,4157.534,,17.84,447.96,7.16399999999976,2.49022892238981,93.5,,False,other,breakout
cmpv115_breakout_2026-07-06__M15sig,2026-07-06,M15sig,2026-07-06 12:00:00,BUY,4155.199,4149.382,2026-07-06 12:21:35,4149.289,sl 4149.382,-5.91,442.05,5.817000000000007,-1.0159876224858162,21.583333333333332,4149.382,False,sl,breakout
cmpv115_breakout_2026-07-06__M15sig,2026-07-06,M15sig,2026-07-06 13:00:00,BUY,4139.657,4132.638,2026-07-06 13:58:50,4138.901,sl 4138.955,-0.76,441.29,7.019000000000233,-0.10827753241202091,58.833333333333336,4138.955,True,sl,breakout
cmpv115_breakout_2026-07-06__M15sig,2026-07-06,M15sig,2026-07-06 14:00:00,BUY,4141.059,4132.63,2026-07-06 14:08:08,4133.938,sl 4133.992,-7.12,434.17,8.429000000000087,-0.8447028117214291,8.133333333333333,4133.992,True,sl,breakout
cmpv115_breakout_2026-07-06__M15sig,2026-07-06,M15sig,2026-07-06 14:15:00,BUY,4140.875,4131.98,2026-07-06 14:44:09,4131.941,sl 4131.980,-8.94,425.23,8.895000000000437,-1.005059021922379,29.15,4131.98,False,sl,breakout
cmpv115_breakout_2026-07-06__M15sig,2026-07-06,M15sig,2026-07-06 14:45:00,BUY,4130.46,4120.596,2026-07-06 16:39:48,4149.56,sl 4149.810,19.1,444.33,9.864000000000487,1.9363341443632458,114.8,4149.81,True,sl,breakout
cmpv115_breakout_2026-07-06__M15sig,2026-07-06,M15sig,2026-07-06 17:45:00,BUY,4156.666,4148.855,2026-07-06 23:40:21,4162.243,sl 4162.259,5.57,449.9,7.811000000000604,0.7130969146075495,355.35,4162.259,True,sl,breakout
cmpv115_breakout_2026-07-06__M15sig,2026-07-06,M15sig,2026-07-06 23:45:00,BUY,4162.264,4158.959,2026-07-06 23:57:37,4158.841,sl 4158.959,-3.42,446.48,3.305000000000291,-1.0347957639938574,12.616666666666667,4158.959,False,sl,breakout
cmpv115_breakout_2026-07-06__M15sig,2026-07-06,M15sig,2026-07-07 00:00:00,BUY,4157.558,4154.087,2026-07-07 00:12:01,4153.808,sl 4154.087,-3.75,442.73,3.470999999999549,-1.0803802938635803,12.016666666666667,4154.087,False,sl,breakout
cmpv115_breakout_2026-07-06__M15sig,2026-07-06,M15sig,2026-07-07 00:45:00,BUY,4149.9,4145.142,2026-07-07 00:59:51,4146.388,sl 4146.397,-3.51,439.22,4.757999999999811,-0.7377049180328161,14.85,4146.397,True,sl,breakout
cmpv115_breakout_2026-07-06__M15sig,2026-07-06,M15sig,2026-07-07 01:00:00,BUY,4146.328,4141.119,2026-07-07 01:00:07,4141.108,sl 4141.119,-5.22,434.0,5.209000000000742,-1.0021117296984559,0.11666666666666667,4141.119,False,sl,breakout
cmpv115_breakout_2026-07-06__M15sig,2026-07-06,M15sig,2026-07-07 02:00:00,BUY,4141.878,4134.332,2026-07-07 02:49:19,4134.265,sl 4134.332,-7.61,426.39,7.545999999999367,-1.0084813146038483,49.31666666666667,4134.332,False,sl,breakout
cmpv115_breakout_2026-07-06__M15sig,2026-07-06,M15sig,2026-07-07 03:00:00,BUY,4136.663,4127.737,2026-07-07 03:43:21,4127.682,sl 4127.737,-8.98,417.41,8.925999999999476,-1.006049742325849,43.35,4127.737,False,sl,breakout
cmpv115_breakout_2026-07-06__M15sig,2026-07-06,M15sig,2026-07-07 03:45:00,BUY,4129.698,4120.477,2026-07-07 04:55:13,4127.29,sl 4127.298,-2.41,415.0,9.221000000000458,-0.26135993926904677,70.21666666666667,4127.298,True,sl,breakout
cmpv115_breakout_2026-07-06__M15sig,2026-07-06,M15sig,2026-07-07 05:30:00,BUY,4128.377,4120.904,2026-07-07 05:33:26,4120.903,sl 4120.904,-7.48,407.52,7.472999999999956,-1.0009367054730423,3.433333333333333,4120.904,False,sl,breakout
cmpv115_breakout_2026-07-06__M15sig,2026-07-06,M15sig,2026-07-07 05:45:00,BUY,4122.627,4114.799,2026-07-07 08:47:15,4128.575,sl 4128.585,5.95,413.47,7.828000000000429,0.7600919775165654,182.25,4128.585,True,sl,breakout
cmpv115_breakout_2026-07-06__M15sig,2026-07-06,M15sig,2026-07-07 09:00:00,BUY,4126.223,4118.093,2026-07-07 11:45:01,4148.786,,22.57,436.04,8.13000000000011,2.7761377613775764,165.01666666666668,,False,other,breakout
cmpv115_breakout_2026-07-06__M15sig,2026-07-06,M15sig,2026-07-07 12:45:00,BUY,4166.534,4157.484,2026-07-07 13:04:30,4164.987,sl 4165.000,-1.54,434.5,9.049999999999272,-0.1701657458563673,19.5,4165.0,True,sl,breakout
cmpv115_breakout_2026-07-06__M15sig,2026-07-06,M15sig,2026-07-07 14:00:00,BUY,4158.592,4147.117,2026-07-07 14:35:20,4147.075,sl 4147.117,-11.51,422.99,11.474999999999454,-1.0030501089325095,35.333333333333336,4147.117,False,sl,breakout
cmpv115_breakout_2026-07-06__M15sig,2026-07-06,M15sig,2026-07-07 14:45:00,BUY,4152.341,4139.002,2026-07-07 15:54:35,4138.719,sl 4139.002,-13.62,409.37,13.338999999999942,-1.0210660469300592,69.58333333333333,4139.002,False,sl,breakout
cmpv115_breakout_2026-07-06__M15sig,2026-07-06,M15sig,2026-07-07 16:00:00,BUY,4139.163,4127.715,2026-07-07 18:49:14,4135.665,sl 4135.886,-3.49,405.88,11.44799999999941,-0.30485674353600456,169.23333333333332,4135.886,True,sl,breakout
cmpv115_breakout_2026-07-06__M15sig,2026-07-06,M15sig,2026-07-07 19:00:00,BUY,4127.217,4120.46,2026-07-07 19:01:06,4120.25,sl 4120.460,-6.97,398.91,6.756999999999607,-1.0315228651769135,1.1,4120.46,False,sl,breakout
cmpv115_breakout_2026-07-06__M15sig,2026-07-06,M15sig,2026-07-07 19:30:00,SELL,4103.567,4111.793,2026-07-07 19:34:09,4112.02,sl 4111.793,-8.45,390.46,8.225999999999658,-1.0272307318259604,4.15,4111.793,False,sl,breakout
cmpv115_breakout_2026-07-06__M15sig,2026-07-06,M15sig,2026-07-07 19:45:00,SELL,4109.334,4117.925,2026-07-08 00:27:06,4108.211,sl 4108.171,1.12,391.58,8.59100000000035,0.13036899080432482,282.1,4108.171,True,sl,breakout
cmpv115_breakout_2026-07-06__M15sig,2026-07-06,M15sig,2026-07-08 00:30:00,SELL,4105.612,4112.438,2026-07-08 00:37:44,4112.515,sl 4112.438,-6.91,384.67,6.826000000000022,-1.0123058892469936,7.733333333333333,4112.438,False,sl,breakout
cmpv115_breakout_2026-07-06__M15sig,2026-07-06,M15sig,2026-07-08 00:45:00,BUY,4123.618,4115.41,2026-07-08 00:54:34,4115.404,sl 4115.410,-8.22,376.45,8.208000000000538,-1.0014619883040279,9.566666666666666,4115.41,False,sl,breakout
cmpv115_breakout_2026-07-06__M15sig,2026-07-06,M15sig,2026-07-08 01:15:00,SELL,4108.459,4118.109,2026-07-08 01:46:19,4111.681,sl 4111.620,-3.22,373.23,9.650000000000546,-0.33367875647666506,31.316666666666666,4111.62,True,sl,breakout
cmpv115_breakout_2026-07-06__M15sig,2026-07-06,M15sig,2026-07-08 02:00:00,SELL,4111.103,4121.325,2026-07-08 02:23:11,4121.38,sl 4121.325,-10.28,362.95,10.221999999999753,-1.0056740363921197,23.183333333333334,4121.325,False,sl,breakout
cmpv115_breakout_2026-07-06__M15sig,2026-07-06,M15sig,2026-07-08 02:30:00,BUY,4119.18,4107.859,2026-07-08 05:30:01,4121.078,sl 4121.143,1.9,364.85,11.320999999999913,0.16782969702323244,180.01666666666668,4121.143,True,sl,breakout
cmpv115_breakout_2026-07-06__M15sig,2026-07-06,M15sig,2026-07-08 06:30:00,BUY,4129.702,4122.118,2026-07-08 07:02:31,4122.042,sl 4122.118,-7.66,357.19,7.583999999999833,-1.0100210970464358,32.516666666666666,4122.118,False,sl,breakout
cmpv115_breakout_2026-07-06__M15sig,2026-07-06,M15sig,2026-07-08 07:15:00,BUY,4118.236,4111.414,2026-07-08 08:01:45,4116.558,sl 4116.571,-1.68,355.51,6.822000000000116,-0.24626209322778822,46.75,4116.571,True,sl,breakout
cmpv115_breakout_2026-07-06__M15sig,2026-07-06,M15sig,2026-07-08 10:00:00,SELL,4043.429,4056.459,2026-07-08 10:33:37,4056.517,sl 4056.459,-13.09,342.42,13.029999999999745,-1.0046047582502116,33.61666666666667,4056.459,False,sl,breakout
cmpv115_breakout_2026-07-06__M15sig,2026-07-06,M15sig,2026-07-08 11:00:00,SELL,4053.036,4066.768,2026-07-08 11:44:01,4062.21,sl 4062.178,-9.17,333.25,13.731999999999971,-0.6677832799300917,44.016666666666666,4062.178,True,sl,breakout
cmpv115_breakout_2026-07-06__M15sig,2026-07-06,M15sig,2026-07-08 11:45:00,SELL,4064.081,4079.109,2026-07-08 12:44:57,4078.601,sl 4078.555,-14.52,318.73,15.027999999999793,-0.9661964333244744,59.95,4078.555,True,sl,breakout
cmpv115_breakout_2026-07-06__M15sig,2026-07-06,M15sig,2026-07-08 12:45:00,SELL,4078.054,4089.432,2026-07-08 14:44:28,4038.413,,39.64,358.37,11.377999999999702,3.4839163297592757,119.46666666666667,,False,other,breakout
cmpv115_breakout_2026-07-06__M15sig,2026-07-06,M15sig,2026-07-08 15:00:00,SELL,4040.955,4055.828,2026-07-08 16:11:06,4042.69,sl 4042.541,-1.73,356.64,14.873000000000047,-0.1163181604249307,71.1,4042.541,True,sl,breakout
cmpv115_breakout_2026-07-06__M15sig,2026-07-06,M15sig,2026-07-08 17:00:00,SELL,4063.679,4076.547,2026-07-08 17:30:54,4076.556,sl 4076.547,-12.88,343.76,12.867999999999938,-1.0009325458501759,30.9,4076.547,False,sl,breakout
cmpv115_breakout_2026-07-06__M15sig,2026-07-06,M15sig,2026-07-08 18:15:00,SELL,4075.13,4085.699,2026-07-08 18:46:22,4082.963,sl 4082.950,-7.83,335.93,10.56899999999996,-0.7408458699971643,31.366666666666667,4082.95,True,sl,breakout
cmpv115_breakout_2026-07-06__M15sig,2026-07-06,M15sig,2026-07-08 19:00:00,SELL,4084.234,4094.822,2026-07-09 00:00:37,4080.369,sl 4080.347,3.86,339.79,10.588000000000193,0.36456365697014825,300.6166666666667,4080.347,True,sl,breakout
cmpv115_breakout_2026-07-06__M15sig,2026-07-06,M15sig,2026-07-09 00:30:00,SELL,4078.005,4084.617,2026-07-09 01:12:15,4076.271,sl 4076.031,1.74,341.53,6.61200000000008,0.2631578947368389,42.25,4076.031,True,sl,breakout
cmpv115_breakout_2026-07-06__M15sig,2026-07-06,M15sig,2026-07-09 01:15:00,SELL,4074.284,4081.536,2026-07-09 01:42:02,4074.496,sl 4074.370,-0.22,341.31,7.251999999999953,-0.03033645890788768,27.033333333333335,4074.37,True,sl,breakout
cmpv115_breakout_2026-07-06__M15sig,2026-07-06,M15sig,2026-07-09 02:00:00,SELL,4073.06,4081.177,2026-07-09 02:18:44,4081.212,sl 4081.177,-8.15,333.16,8.11700000000019,-1.0040655414561797,18.733333333333334,4081.177,False,sl,breakout
cmpv115_breakout_2026-07-06__M15sig,2026-07-06,M15sig,2026-07-09 03:30:00,SELL,4058.121,4068.176,2026-07-09 05:01:11,4068.239,sl 4068.176,-10.12,323.04,10.054999999999836,-1.0064644455494942,91.18333333333334,4068.176,False,sl,breakout
cmpv115_breakout_2026-07-06__M15sig,2026-07-06,M15sig,2026-07-09 05:30:00,SELL,4072.194,4079.911,2026-07-09 05:39:35,4076.665,sl 4076.618,-4.48,318.56,7.717000000000098,-0.5805364779059147,9.583333333333334,4076.618,True,sl,breakout
cmpv115_breakout_2026-07-06__M15sig,2026-07-06,M15sig,2026-07-09 05:45:00,SELL,4075.458,4083.528,2026-07-09 05:57:26,4083.533,sl 4083.528,-8.07,310.49,8.069999999999709,-1.0000000000000362,12.433333333333334,4083.528,False,sl,breakout
cmpv115_breakout_2026-07-06__M15sig,2026-07-06,M15sig,2026-07-09 06:00:00,SELL,4081.94,4090.321,2026-07-09 06:00:17,4090.397,sl 4090.321,-8.46,302.03,8.380999999999858,-1.0094260828063648,0.2833333333333333,4090.321,False,sl,breakout
cmpv115_breakout_2026-07-06__M15sig,2026-07-06,M15sig,2026-07-09 06:45:00,SELL,4102.746,4111.835,2026-07-09 08:17:21,4111.842,sl 4111.835,-9.09,292.94,9.088999999999942,-1.0001100231048583,92.35,4111.835,False,sl,breakout
cmpv115_breakout_2026-07-06__M15sig,2026-07-06,M15sig,2026-07-09 09:15:00,BUY,4108.733,4100.0,2026-07-09 10:48:46,4099.953,sl 4100.000,-8.78,284.16,8.733000000000175,-1.0053818848047433,93.76666666666667,4100.0,False,sl,breakout
cmpv115_breakout_2026-07-06__M15sig,2026-07-06,M15sig,2026-07-09 11:00:00,SELL,4099.011,4105.15,2026-07-09 11:13:07,4105.316,sl 4105.150,-6.31,277.85,6.138999999999214,-1.0278546994625846,13.116666666666667,4105.15,False,sl,breakout
cmpv115_breakout_2026-07-06__M15sig,2026-07-06,M15sig,2026-07-09 11:15:00,SELL,4105.035,4111.202,2026-07-09 11:41:29,4108.646,sl 4108.624,-3.61,274.24,6.167000000000371,-0.5853737635803118,26.483333333333334,4108.624,True,sl,breakout
cmpv115_breakout_2026-07-06__M15sig,2026-07-06,M15sig,2026-07-09 11:45:00,BUY,4106.464,4099.802,2026-07-09 12:17:37,4110.218,sl 4110.316,3.76,278.0,6.662000000000262,0.5643950765535652,32.61666666666667,4110.316,True,sl,breakout
cmpv115_breakout_2026-07-06__M15sig,2026-07-06,M15sig,2026-07-09 12:30:00,BUY,4107.234,4100.127,2026-07-09 12:45:11,4111.764,sl 4111.891,4.53,282.53,7.106999999999971,0.6373997467285801,15.183333333333334,4111.891,True,sl,breakout
cmpv115_breakout_2026-07-06__M15sig,2026-07-06,M15sig,2026-07-09 13:00:00,BUY,4107.986,4099.876,2026-07-09 14:10:55,4121.666,sl 4121.668,13.68,296.21,8.109999999999673,1.686806411837306,70.91666666666667,4121.668,True,sl,breakout
cmpv115_breakout_2026-07-06__M15sig,2026-07-06,M15sig,2026-07-09 16:00:00,BUY,4126.836,4117.161,2026-07-09 18:10:57,4127.933,sl 4128.213,1.09,297.3,9.675000000000182,0.11266149870800822,130.95,4128.213,True,sl,breakout
cmpv115_breakout_2026-07-06__M15sig,2026-07-06,M15sig,2026-07-09 18:45:00,BUY,4125.434,4119.552,2026-07-09 19:30:35,4119.525,sl 4119.552,-5.9,291.4,5.882000000000517,-1.0030601836109285,45.583333333333336,4119.552,False,sl,breakout
cmpv115_breakout_2026-07-06__M15sig,2026-07-06,M15sig,2026-07-09 19:45:00,BUY,4120.56,4115.2,2026-07-10 00:00:37,4120.547,sl 4120.673,-0.01,290.86,5.360000000000582,-0.0018656716417908422,255.61666666666667,4120.673,True,sl,breakout
cmpv115_breakout_2026-07-06__M15sig,2026-07-06,M15sig,2026-07-10 00:45:00,BUY,4123.307,4119.241,2026-07-10 00:53:15,4121.273,sl 4121.282,-2.04,288.82,4.0659999999998035,-0.5017215937039101,8.25,4121.282,True,sl,breakout
cmpv115_breakout_2026-07-06__M15sig,2026-07-06,M15sig,2026-07-10 01:45:00,BUY,4111.843,4105.818,2026-07-10 03:23:30,4122.476,sl 4122.500,10.64,299.46,6.024999999999636,1.7659751037345466,98.5,4122.5,True,sl,breakout
cmpv115_breakout_2026-07-06__M15sig,2026-07-06,M15sig,2026-07-10 03:30:00,BUY,4125.399,4116.447,2026-07-10 04:21:02,4116.417,sl 4116.447,-8.98,290.48,8.952000000000226,-1.0031277926720035,51.03333333333333,4116.447,False,sl,breakout
cmpv115_breakout_2026-07-06__M15sig,2026-07-06,M15sig,2026-07-10 04:30:00,BUY,4117.642,4109.137,2026-07-10 05:40:00,4109.116,sl 4109.137,-8.52,281.96,8.50500000000011,-1.0017636684303222,70.0,4109.137,False,sl,breakout
cmpv115_breakout_2026-07-06__M15sig,2026-07-06,M15sig,2026-07-10 05:45:00,BUY,4114.06,4108.31,2026-07-10 05:47:36,4108.299,sl 4108.310,-5.76,276.2,5.75,-1.0017391304347825,2.6,4108.31,False,sl,breakout
cmpv115_breakout_2026-07-06__M15sig,2026-07-06,M15sig,2026-07-10 07:00:00,BUY,4112.091,4106.806,2026-07-10 07:43:57,4107.304,sl 4107.321,-4.79,271.41,5.285000000000764,-0.9063386944180336,43.95,4107.321,True,sl,breakout
cmpv115_breakout_2026-07-06__M15sig,2026-07-06,M15sig,2026-07-10 07:45:00,SELL,4106.966,4112.717,2026-07-10 09:43:09,4103.956,sl 4103.785,3.01,274.42,5.750999999999294,0.5233872370023247,118.15,4103.785,True,sl,breakout
cmpv115_breakout_2026-07-06__M15sig,2026-07-06,M15sig,2026-07-10 10:00:00,SELL,4104.207,4109.869,2026-07-10 10:23:13,4109.884,sl 4109.869,-5.67,268.75,5.661999999999352,-1.0014129282940036,23.216666666666665,4109.869,False,sl,breakout
cmpv115_breakout_2026-07-06__M15sig,2026-07-06,M15sig,2026-07-10 10:45:00,BUY,4109.131,4103.308,2026-07-10 11:27:17,4103.052,sl 4103.308,-6.08,262.67,5.82300000000032,-1.044135325433568,42.28333333333333,4103.308,False,sl,breakout
cmpv115_breakout_2026-07-06__M15sig,2026-07-06,M15sig,2026-07-10 12:00:00,SELL,4102.456,4108.402,2026-07-10 12:13:43,4108.447,sl 4108.402,-5.99,256.68,5.945999999999913,-1.007399932727899,13.716666666666667,4108.402,False,sl,breakout
cmpv115_breakout_2026-07-06__M15sig,2026-07-06,M15sig,2026-07-10 13:00:00,SELL,4100.871,4108.476,2026-07-10 13:39:56,4097.463,sl 4097.414,3.41,260.09,7.604999999999563,0.4483892176200126,39.93333333333333,4097.414,True,sl,breakout
cmpv115_breakout_2026-07-06__M15sig,2026-07-06,M15sig,2026-07-10 13:45:00,SELL,4098.587,4108.423,2026-07-10 14:28:41,4108.425,sl 4108.423,-9.84,250.25,9.83599999999933,-1.000406669377864,43.68333333333333,4108.423,False,sl,breakout
cmpv115_breakout_2026-07-06__M15sig,2026-07-06,M15sig,2026-07-10 14:30:00,SELL,4105.529,4116.08,2026-07-10 14:33:14,4073.565,,31.96,282.21,10.550999999999476,3.0290967680790057,3.2333333333333334,,False,other,breakout
cmpv115_breakout_2026-07-06__M15sig,2026-07-06,M15sig,2026-07-10 15:00:00,SELL,4092.914,4106.244,2026-07-10 15:23:49,4106.371,sl 4106.244,-13.46,268.75,13.329999999999472,-1.0097524381095675,23.816666666666666,4106.244,False,sl,breakout
cmpv115_breakout_2026-07-06__M15sig,2026-07-06,M15sig,2026-07-10 15:30:00,SELL,4102.288,4115.828,2026-07-10 19:54:57,4106.311,sl 4106.215,-4.02,264.73,13.540000000000873,-0.296898079763644,264.95,4106.215,True,sl,breakout
cmpv115_breakout_2026-07-06__M15sig,2026-07-06,M15sig,2026-07-10 20:00:00,BUY,4108.452,4104.005,2026-07-10 20:55:09,4121.144,,12.69,277.42,4.447000000000116,2.8536091747244585,55.15,,False,other,breakout
cmpv115_swing_2026-07-06__M15sig,2026-07-06,M15sig,2026-07-06 02:36:01,BUY,4169.753,4166.086,2026-07-06 03:08:34,4165.986,sl 4166.086,-3.76,496.24,3.6669999999994616,-1.0253613307882607,32.55,4166.086,False,sl,swing
cmpv115_swing_2026-07-06__M15sig,2026-07-06,M15sig,2026-07-06 15:29:32,SELL,4150.513,4153.685,2026-07-06 16:50:40,4153.748,sl 4153.685,-3.24,493.0,3.17200000000048,-1.0214375788144734,81.13333333333334,4153.685,False,sl,swing
cmpv115_swing_2026-07-06__M15sig,2026-07-06,M15sig,2026-07-08 18:46:31,SELL,4086.64,4091.821,2026-07-08 18:49:29,4091.836,sl 4091.821,-5.2,487.8,5.18100000000004,-1.0036672457054545,2.966666666666667,4091.821,False,sl,swing
cmpv115_swing_2026-07-06__M15sig,2026-07-06,M15sig,2026-07-08 19:00:15,SELL,4086.606,4091.976,2026-07-09 00:00:49,4080.581,sl 4080.489,6.03,493.83,5.369999999999891,1.1229050279329837,300.56666666666666,4080.489,True,sl,swing
cmpv115_swing_2026-07-06__M15sig,2026-07-06,M15sig,2026-07-09 05:57:25,SELL,4082.852,4085.942,2026-07-09 06:00:10,4086.034,sl 4085.942,-3.18,490.65,3.0900000000001455,-1.0291262135921846,2.75,4085.942,False,sl,swing
cmpv115_swing_2026-07-06__M15sig,2026-07-06,M15sig,2026-07-10 00:27:24,BUY,4118.599,4116.139,2026-07-10 00:32:08,4116.132,sl 4116.139,-2.47,488.18,2.4600000000000364,-1.0040650406503917,4.733333333333333,4116.139,False,sl,swing
cmpv115_swing_2026-07-06__M15sig,2026-07-06,M15sig,2026-07-10 12:13:53,SELL,4112.748,4115.1,2026-07-10 12:13:57,4115.14,sl 4115.100,-2.39,485.79,2.3520000000007713,-1.0161564625847008,0.06666666666666667,4115.1,False,sl,swing
cmpv115_breakout_2026-07-13__M15sig,2026-07-13,M15sig,2026-07-13 00:00:00,SELL,4084.359,4093.635,2026-07-13 00:46:20,4077.043,sl 4076.840,7.32,507.32,9.276000000000295,0.7891332470892376,46.333333333333336,4076.84,True,sl,breakout
cmpv115_breakout_2026-07-13__M15sig,2026-07-13,M15sig,2026-07-13 01:45:00,SELL,4084.413,4094.892,2026-07-13 04:14:24,4053.377,,31.03,538.35,10.478999999999814,2.9611604160702885,149.4,,False,other,breakout
cmpv115_breakout_2026-07-13__M15sig,2026-07-13,M15sig,2026-07-13 04:15:00,SELL,4054.704,4064.599,2026-07-13 05:07:28,4064.83,sl 4064.599,-10.13,528.22,9.894999999999982,-1.0237493683678645,52.46666666666667,4064.599,False,sl,breakout
cmpv115_breakout_2026-07-13__M15sig,2026-07-13,M15sig,2026-07-13 05:30:00,SELL,4058.238,4066.783,2026-07-13 05:37:28,4065.228,sl 4065.197,-6.99,521.23,8.545000000000073,-0.818022235225271,7.466666666666667,4065.197,True,sl,breakout
cmpv115_breakout_2026-07-13__M15sig,2026-07-13,M15sig,2026-07-13 05:45:00,SELL,4063.766,4072.918,2026-07-13 06:25:58,4058.603,sl 4058.544,5.17,526.4,9.152000000000044,0.5649038461538435,40.96666666666667,4058.544,True,sl,breakout
cmpv115_breakout_2026-07-13__M15sig,2026-07-13,M15sig,2026-07-13 06:30:00,SELL,4061.304,4071.131,2026-07-13 07:35:20,4063.19,sl 4063.055,-1.89,524.51,9.82699999999977,-0.19232726162613656,65.33333333333333,4063.055,True,sl,breakout
cmpv115_breakout_2026-07-13__M15sig,2026-07-13,M15sig,2026-07-13 07:45:00,SELL,4057.515,4067.189,2026-07-13 08:00:18,4067.26,sl 4067.189,-9.74,514.77,9.673999999999978,-1.0068224105850756,15.3,4067.189,False,sl,breakout
cmpv115_breakout_2026-07-13__M15sig,2026-07-13,M15sig,2026-07-13 08:15:00,SELL,4073.82,4084.111,2026-07-13 10:41:56,4054.37,,19.45,534.22,10.290999999999713,1.8900009717229174,146.93333333333334,,False,other,breakout
cmpv115_breakout_2026-07-13__M15sig,2026-07-13,M15sig,2026-07-13 11:00:00,SELL,4060.514,4068.33,2026-07-13 11:06:01,4068.403,sl 4068.330,-7.89,526.33,7.8159999999998035,-1.0094677584442424,6.016666666666667,4068.33,False,sl,breakout
cmpv115_breakout_2026-07-13__M15sig,2026-07-13,M15sig,2026-07-13 11:45:00,SELL,4065.488,4073.014,2026-07-13 12:47:41,4065.62,sl 4065.529,-0.13,526.2,7.526000000000295,-0.017273452032951758,62.68333333333333,4065.529,True,sl,breakout
cmpv115_breakout_2026-07-13__M15sig,2026-07-13,M15sig,2026-07-13 13:30:00,SELL,4062.257,4070.857,2026-07-13 14:07:15,4031.914,,30.35,556.55,8.599999999999909,3.529069767441898,37.25,,False,other,breakout
cmpv115_breakout_2026-07-13__M15sig,2026-07-13,M15sig,2026-07-13 14:15:00,SELL,4036.009,4045.716,2026-07-13 14:19:09,4022.433,sl 4022.368,13.58,570.13,9.70699999999988,1.3989904192850693,4.15,4022.368,True,sl,breakout
cmpv115_breakout_2026-07-13__M15sig,2026-07-13,M15sig,2026-07-13 14:30:00,SELL,4017.0,4028.243,2026-07-13 15:00:22,4017.828,sl 4017.783,-0.83,569.3,11.242999999999938,-0.07382371253224268,30.366666666666667,4017.783,True,sl,breakout
cmpv115_breakout_2026-07-13__M15sig,2026-07-13,M15sig,2026-07-13 15:30:00,SELL,4016.47,4028.437,2026-07-13 18:17:53,3990.805,,25.66,594.96,11.967000000000098,2.144229965739098,167.88333333333333,,False,other,breakout
cmpv115_breakout_2026-07-13__M15sig,2026-07-13,M15sig,2026-07-13 18:30:00,SELL,3995.452,4003.766,2026-07-13 18:53:52,4003.983,sl 4003.766,-8.53,586.43,8.31399999999985,-1.0259802742362463,23.866666666666667,4003.766,False,sl,breakout
cmpv115_breakout_2026-07-13__M15sig,2026-07-13,M15sig,2026-07-13 19:00:00,SELL,4001.655,4009.945,2026-07-13 20:06:15,4006.376,sl 4006.342,-4.72,581.71,8.289999999999964,-0.5693606755126683,66.25,4006.342,True,sl,breakout
cmpv115_breakout_2026-07-13__M15sig,2026-07-13,M15sig,2026-07-13 22:00:30,SELL,4004.1,4010.245,2026-07-13 23:53:51,3999.933,sl 3999.914,4.17,585.88,6.144999999999982,0.6786004882017921,113.35,3999.914,True,sl,breakout
cmpv115_breakout_2026-07-13__M15sig,2026-07-13,M15sig,2026-07-14 00:00:00,SELL,4000.97,4005.801,2026-07-14 00:07:32,3986.406,,14.56,600.44,4.831000000000131,3.0138687642309265,7.533333333333333,,False,other,breakout
cmpv115_breakout_2026-07-13__M15sig,2026-07-13,M15sig,2026-07-14 00:15:00,SELL,3995.479,4001.308,2026-07-14 00:28:35,3994.639,sl 3994.572,0.84,601.28,5.829000000000178,0.14410705095213147,13.583333333333334,3994.572,True,sl,breakout
cmpv115_breakout_2026-07-13__M15sig,2026-07-13,M15sig,2026-07-14 00:30:00,SELL,3995.313,4001.571,2026-07-14 00:33:23,4001.585,sl 4001.571,-6.28,595.0,6.257999999999811,-1.003515500159826,3.3833333333333333,4001.571,False,sl,breakout
cmpv115_breakout_2026-07-13__M15sig,2026-07-13,M15sig,2026-07-14 01:00:00,SELL,4004.115,4010.925,2026-07-14 01:17:44,4002.887,sl 4002.706,1.23,596.23,6.8100000000004,0.1806167400880951,17.733333333333334,4002.706,True,sl,breakout
cmpv115_breakout_2026-07-13__M15sig,2026-07-13,M15sig,2026-07-14 01:45:00,SELL,4001.934,4010.22,2026-07-14 01:58:17,4010.316,sl 4010.220,-8.39,587.84,8.285999999999603,-1.01255129133483,13.283333333333333,4010.22,False,sl,breakout
cmpv115_breakout_2026-07-13__M15sig,2026-07-13,M15sig,2026-07-14 02:00:00,SELL,4010.764,4019.846,2026-07-14 04:32:28,4020.029,sl 4019.846,-9.27,578.57,9.08199999999988,-1.0207002862805683,152.46666666666667,4019.846,False,sl,breakout
cmpv115_breakout_2026-07-13__M15sig,2026-07-13,M15sig,2026-07-14 05:15:00,SELL,4022.922,4029.528,2026-07-14 05:33:39,4029.609,sl 4029.528,-6.69,571.88,6.605999999999767,-1.0127157129882283,18.65,4029.528,False,sl,breakout
cmpv115_breakout_2026-07-13__M15sig,2026-07-13,M15sig,2026-07-14 05:45:00,SELL,4032.058,4038.015,2026-07-14 07:24:10,4029.324,sl 4029.294,2.74,574.62,5.95699999999988,0.45996306865873016,99.16666666666667,4029.294,True,sl,breakout
cmpv115_breakout_2026-07-13__M15sig,2026-07-13,M15sig,2026-07-14 08:00:00,SELL,4020.939,4027.099,2026-07-14 08:30:56,4024.006,sl 4024.002,-3.07,571.55,6.160000000000309,-0.4983766233765983,30.933333333333334,4024.002,True,sl,breakout
cmpv115_breakout_2026-07-13__M15sig,2026-07-13,M15sig,2026-07-14 09:15:00,SELL,4020.752,4027.005,2026-07-14 09:49:41,4024.126,sl 4023.949,-3.38,568.17,6.253000000000156,-0.540540540540527,34.68333333333333,4023.949,True,sl,breakout
cmpv115_breakout_2026-07-13__M15sig,2026-07-13,M15sig,2026-07-14 10:15:00,SELL,4018.345,4024.784,2026-07-14 11:20:23,4024.789,sl 4024.784,-6.44,561.73,6.439000000000306,-1.000155303618527,65.38333333333334,4024.784,False,sl,breakout
cmpv115_breakout_2026-07-13__M15sig,2026-07-13,M15sig,2026-07-14 11:30:00,SELL,4025.034,4031.508,2026-07-14 11:56:13,4031.515,sl 4031.508,-6.49,555.24,6.473999999999705,-1.0024714241582169,26.216666666666665,4031.508,False,sl,breakout
cmpv115_breakout_2026-07-13__M15sig,2026-07-13,M15sig,2026-07-14 12:30:00,SELL,4030.146,4037.078,2026-07-14 12:30:01,4054.691,sl 4037.078,-24.54,530.7,6.931999999999789,-3.5401038661282094,0.016666666666666666,4037.078,False,sl,breakout
cmpv115_breakout_2026-07-13__M15sig,2026-07-13,M15sig,2026-07-14 13:15:00,SELL,4075.032,4088.421,2026-07-14 13:39:30,4088.432,sl 4088.421,-13.4,517.3,13.388999999999669,-1.0008215699455023,24.5,4088.421,False,sl,breakout
cmpv115_breakout_2026-07-13__M15sig,2026-07-13,M15sig,2026-07-14 14:00:00,SELL,4076.628,4091.689,2026-07-14 15:04:36,4091.753,sl 4091.689,-15.12,502.18,15.060999999999694,-1.0039174025629312,64.6,4091.689,False,sl,breakout
cmpv115_breakout_2026-07-13__M15sig,2026-07-13,M15sig,2026-07-14 15:15:00,BUY,4090.382,4072.161,2026-07-14 15:41:29,4072.115,sl 4072.161,-18.26,483.92,18.221000000000004,-1.0021403874650128,26.483333333333334,4072.161,False,sl,breakout
cmpv115_breakout_2026-07-13__M15sig,2026-07-13,M15sig,2026-07-14 16:00:00,SELL,4066.449,4085.829,2026-07-14 19:14:39,4057.382,sl 4057.232,9.07,492.99,19.38000000000011,0.4680082559339499,194.65,4057.232,True,sl,breakout
cmpv115_breakout_2026-07-13__M15sig,2026-07-13,M15sig,2026-07-14 19:30:00,SELL,4051.798,4059.292,2026-07-14 23:29:57,4054.037,sl 4054.020,-2.24,490.75,7.494000000000142,-0.2989057912997008,239.95,4054.02,True,sl,breakout
cmpv115_breakout_2026-07-13__M15sig,2026-07-13,M15sig,2026-07-14 23:45:00,SELL,4054.902,4059.178,2026-07-15 00:27:54,4057.791,sl 4057.468,-2.89,487.86,4.27599999999984,-0.6758652946679393,42.9,4057.468,True,sl,breakout
cmpv115_breakout_2026-07-13__M15sig,2026-07-13,M15sig,2026-07-15 00:30:00,SELL,4058.37,4062.549,2026-07-15 00:55:09,4058.649,sl 4058.588,-0.28,487.58,4.179000000000087,-0.06700167504187465,25.15,4058.588,True,sl,breakout
cmpv115_breakout_2026-07-13__M15sig,2026-07-13,M15sig,2026-07-15 01:00:00,SELL,4059.225,4063.972,2026-07-15 01:40:24,4044.165,,15.06,502.64,4.747000000000298,3.1725300189591437,40.4,,False,other,breakout
cmpv115_breakout_2026-07-13__M15sig,2026-07-13,M15sig,2026-07-15 01:45:00,SELL,4038.999,4044.987,2026-07-15 02:42:28,4039.313,sl 4039.307,-0.31,502.33,5.988000000000284,-0.05177020708082587,57.46666666666667,4039.307,True,sl,breakout
cmpv115_breakout_2026-07-13__M15sig,2026-07-13,M15sig,2026-07-15 02:45:00,SELL,4041.647,4049.062,2026-07-15 05:39:56,4032.233,sl 4032.178,9.42,511.75,7.414999999999964,1.2703978422117392,174.93333333333334,4032.178,True,sl,breakout
cmpv115_breakout_2026-07-13__M15sig,2026-07-13,M15sig,2026-07-15 05:45:00,SELL,4029.822,4036.855,2026-07-15 06:43:44,4032.173,sl 4032.078,-2.35,509.4,7.032999999999902,-0.3341390587231669,58.733333333333334,4032.078,True,sl,breakout
cmpv115_breakout_2026-07-13__M15sig,2026-07-13,M15sig,2026-07-15 07:00:00,SELL,4032.037,4039.139,2026-07-15 08:33:34,4029.537,sl 4029.516,2.5,511.9,7.1020000000003165,0.35201351731904934,93.56666666666666,4029.516,True,sl,breakout
cmpv115_breakout_2026-07-13__M15sig,2026-07-13,M15sig,2026-07-15 09:00:00,SELL,4031.285,4039.187,2026-07-15 11:41:15,4036.829,sl 4036.809,-5.54,506.36,7.902000000000044,-0.7010883320678271,161.25,4036.809,True,sl,breakout
cmpv115_breakout_2026-07-13__M15sig,2026-07-13,M15sig,2026-07-15 11:45:00,SELL,4037.569,4043.581,2026-07-15 12:30:01,4043.705,sl 4043.581,-6.14,500.22,6.012000000000171,-1.0212907518296448,45.016666666666666,4043.581,False,sl,breakout
cmpv115_breakout_2026-07-13__M15sig,2026-07-13,M15sig,2026-07-15 12:45:00,SELL,4062.914,4070.179,2026-07-15 12:58:19,4070.182,sl 4070.179,-7.27,492.95,7.264999999999873,-1.000688231245716,13.316666666666666,4070.179,False,sl,breakout
cmpv115_breakout_2026-07-13__M15sig,2026-07-13,M15sig,2026-07-15 14:30:00,SELL,4058.625,4068.083,2026-07-15 16:35:15,4029.544,,29.09,522.04,9.458000000000084,3.075703108479567,125.25,,False,other,breakout
cmpv115_breakout_2026-07-13__M15sig,2026-07-13,M15sig,2026-07-15 16:45:00,SELL,4028.628,4038.129,2026-07-15 16:50:31,4038.188,sl 4038.129,-9.56,512.48,9.500999999999749,-1.0062098726450113,5.516666666666667,4038.129,False,sl,breakout
cmpv115_breakout_2026-07-13__M15sig,2026-07-13,M15sig,2026-07-15 17:00:00,SELL,4033.687,4043.048,2026-07-15 17:29:03,4043.115,sl 4043.048,-9.43,503.05,9.360999999999876,-1.0073710073710207,29.05,4043.048,False,sl,breakout
cmpv115_breakout_2026-07-13__M15sig,2026-07-13,M15sig,2026-07-15 17:45:00,SELL,4062.307,4072.57,2026-07-15 18:25:33,4072.769,sl 4072.570,-10.46,492.59,10.263000000000375,-1.0191951671050978,40.55,4072.57,False,sl,breakout
cmpv115_breakout_2026-07-13__M15sig,2026-07-13,M15sig,2026-07-15 18:30:00,SELL,4074.062,4084.175,2026-07-15 20:39:40,4063.145,sl 4063.133,10.91,503.5,10.113000000000284,1.0788094531790462,129.66666666666666,4063.133,True,sl,breakout
cmpv115_breakout_2026-07-13__M15sig,2026-07-13,M15sig,2026-07-15 22:00:30,SELL,4065.797,4073.668,2026-07-16 00:37:34,4061.523,sl 4061.483,4.28,507.78,7.871000000000095,0.5437682632448163,157.06666666666666,4061.483,True,sl,breakout
cmpv115_breakout_2026-07-13__M15sig,2026-07-13,M15sig,2026-07-16 01:00:00,SELL,4044.711,4049.876,2026-07-16 01:00:30,4050.017,sl 4049.876,-5.31,502.47,5.165000000000418,-1.0280735721199554,0.5,4049.876,False,sl,breakout
cmpv115_breakout_2026-07-13__M15sig,2026-07-13,M15sig,2026-07-16 01:15:00,SELL,4045.292,4050.914,2026-07-16 01:35:13,4042.521,sl 4042.462,2.77,505.24,5.622000000000298,0.49270722162928726,20.216666666666665,4042.462,True,sl,breakout
cmpv115_breakout_2026-07-13__M15sig,2026-07-13,M15sig,2026-07-16 02:00:00,SELL,4039.243,4045.998,2026-07-16 03:42:43,4035.681,sl 4035.415,3.56,508.8,6.755000000000109,0.5270170244263424,102.71666666666667,4035.415,True,sl,breakout
cmpv115_breakout_2026-07-13__M15sig,2026-07-13,M15sig,2026-07-16 03:45:00,SELL,4035.246,4043.558,2026-07-16 06:05:14,4034.259,sl 4034.235,0.99,509.79,8.311999999999898,0.11910490856593024,140.23333333333332,4034.235,True,sl,breakout
cmpv115_breakout_2026-07-13__M15sig,2026-07-13,M15sig,2026-07-16 06:45:00,SELL,4027.108,4032.863,2026-07-16 07:48:49,4031.912,sl 4031.794,-4.8,504.99,5.754999999999654,-0.8340573414422742,63.81666666666667,4031.794,True,sl,breakout
cmpv115_breakout_2026-07-13__M15sig,2026-07-13,M15sig,2026-07-16 08:30:00,SELL,4032.292,4038.85,2026-07-16 11:33:35,4028.772,sl 4028.712,3.52,508.51,6.557999999999993,0.5367490088441604,183.58333333333334,4028.712,True,sl,breakout
cmpv115_breakout_2026-07-13__M15sig,2026-07-13,M15sig,2026-07-16 12:00:00,SELL,4038.559,4044.2,2026-07-16 12:16:15,4019.033,,19.53,528.04,5.640999999999622,3.462152100691599,16.25,,False,other,breakout
cmpv115_breakout_2026-07-13__M15sig,2026-07-13,M15sig,2026-07-16 12:30:00,SELL,4025.501,4033.124,2026-07-16 12:44:05,4002.414,,23.09,551.13,7.6229999999995925,3.0289912108095547,14.083333333333334,,False,other,breakout
cmpv115_breakout_2026-07-13__M15sig,2026-07-13,M15sig,2026-07-16 13:00:00,SELL,3992.18,4002.554,2026-07-16 13:12:35,3989.748,sl 3989.591,2.43,553.56,10.374000000000251,0.2342394447657549,12.583333333333334,3989.591,True,sl,breakout
cmpv115_breakout_2026-07-13__M15sig,2026-07-13,M15sig,2026-07-16 13:15:00,SELL,3992.206,4003.931,2026-07-16 13:27:10,4003.931,sl 4003.931,-11.72,541.84,11.724999999999909,-0.9995735607675984,12.166666666666666,4003.931,False,sl,breakout
cmpv115_breakout_2026-07-13__M15sig,2026-07-13,M15sig,2026-07-16 13:30:00,SELL,4005.418,4017.884,2026-07-16 14:28:57,4000.897,sl 4000.811,4.52,546.36,12.465999999999894,0.36258623455800076,58.95,4000.811,True,sl,breakout
cmpv115_breakout_2026-07-13__M15sig,2026-07-13,M15sig,2026-07-16 14:45:00,SELL,4004.85,4021.063,2026-07-16 15:25:43,4014.773,sl 4014.773,-9.92,536.44,16.213000000000193,-0.611854684512421,40.71666666666667,4014.773,True,sl,breakout
cmpv115_breakout_2026-07-13__M15sig,2026-07-13,M15sig,2026-07-16 15:45:00,SELL,4010.549,4027.272,2026-07-16 18:33:25,3981.766,,28.78,565.22,16.722999999999956,1.7209830771990717,168.41666666666666,,False,other,breakout
cmpv115_breakout_2026-07-13__M15sig,2026-07-13,M15sig,2026-07-16 19:00:00,SELL,3980.539,3988.784,2026-07-16 19:53:32,3981.739,sl 3981.692,-1.2,564.02,8.24499999999989,-0.14554275318374965,53.53333333333333,3981.692,True,sl,breakout
cmpv115_breakout_2026-07-13__M15sig,2026-07-13,M15sig,2026-07-16 20:00:00,SELL,3979.966,3987.448,2026-07-16 23:41:27,3982.113,sl 3982.024,-2.14,561.88,7.481999999999971,-0.2860197808072719,221.45,3982.024,True,sl,breakout
cmpv115_breakout_2026-07-13__M15sig,2026-07-13,M15sig,2026-07-16 23:45:00,SELL,3981.317,3986.444,2026-07-16 23:58:48,3984.79,sl 3984.767,-3.47,558.41,5.126999999999953,-0.676809050126786,13.8,3984.767,True,sl,breakout
cmpv115_breakout_2026-07-13__M15sig,2026-07-13,M15sig,2026-07-17 00:00:00,SELL,3985.83,3991.264,2026-07-17 00:50:49,3988.17,sl 3988.149,-2.34,556.07,5.4340000000001965,-0.4306220095693624,50.81666666666667,3988.149,True,sl,breakout
cmpv115_breakout_2026-07-13__M15sig,2026-07-13,M15sig,2026-07-17 01:45:00,SELL,3991.384,3997.522,2026-07-17 03:02:02,3981.575,sl 3981.477,9.8,565.87,6.13799999999992,1.5966112740306497,77.03333333333333,3981.477,True,sl,breakout
cmpv115_breakout_2026-07-13__M15sig,2026-07-13,M15sig,2026-07-17 03:45:00,SELL,3997.587,4006.889,2026-07-17 05:41:43,3988.677,sl 3988.480,8.91,574.78,9.302000000000135,0.9578585250483629,116.71666666666667,3988.48,True,sl,breakout
cmpv115_breakout_2026-07-13__M15sig,2026-07-13,M15sig,2026-07-17 05:45:00,SELL,3986.866,3995.377,2026-07-17 06:10:56,3994.795,sl 3994.783,-7.93,566.85,8.510999999999967,-0.9317354012454506,25.933333333333334,3994.783,True,sl,breakout
cmpv115_breakout_2026-07-13__M15sig,2026-07-13,M15sig,2026-07-17 06:15:00,SELL,3999.613,4008.65,2026-07-17 09:23:57,4000.902,sl 4000.596,-1.29,565.56,9.037000000000262,-0.14274648666592482,188.95,4000.596,True,sl,breakout
cmpv115_breakout_2026-07-13__M15sig,2026-07-13,M15sig,2026-07-17 09:30:00,SELL,3999.259,4007.029,2026-07-17 11:54:33,3998.689,sl 3998.673,0.57,566.13,7.769999999999982,0.07335907335907352,144.55,3998.673,True,sl,breakout
cmpv115_breakout_2026-07-13__M15sig,2026-07-13,M15sig,2026-07-17 12:00:00,SELL,3994.086,3999.651,2026-07-17 12:40:11,3976.959,,17.13,583.26,5.565000000000055,3.0781671159029345,40.18333333333333,,False,other,breakout
cmpv115_breakout_2026-07-13__M15sig,2026-07-13,M15sig,2026-07-17 13:00:00,SELL,3966.339,3973.429,2026-07-17 13:03:29,3970.267,sl 3970.235,-3.93,579.33,7.0900000000001455,-0.5543018335683948,3.4833333333333334,3970.235,True,sl,breakout
cmpv115_breakout_2026-07-13__M15sig,2026-07-13,M15sig,2026-07-17 13:30:00,SELL,3968.463,3976.693,2026-07-17 13:36:07,3976.214,sl 3976.143,-7.75,571.58,8.230000000000018,-0.9416767922235703,6.116666666666666,3976.143,True,sl,breakout
cmpv115_breakout_2026-07-13__M15sig,2026-07-13,M15sig,2026-07-17 14:00:00,SELL,3997.322,4008.984,2026-07-17 15:04:25,4008.218,sl 4008.184,-10.9,560.68,11.661999999999807,-0.9346595781169765,64.41666666666667,4008.184,True,sl,breakout
cmpv115_breakout_2026-07-13__M15sig,2026-07-13,M15sig,2026-07-17 16:00:00,SELL,4019.037,4032.777,2026-07-17 19:51:11,4012.463,sl 4012.363,6.58,567.26,13.740000000000236,0.4788937409024663,231.18333333333334,4012.363,True,sl,breakout
cmpv115_breakout_2026-07-13__M15sig,2026-07-13,M15sig,2026-07-17 20:45:00,SELL,4013.381,4018.986,2026-07-17 20:57:00,4018.988,sl 4018.986,-5.61,561.65,5.605000000000018,-1.0008920606601217,12.0,4018.986,False,sl,breakout
cmpv115_swing_2026-07-13__M15sig,2026-07-13,M15sig,2026-07-13 08:11:07,SELL,4073.229,4077.106,2026-07-13 08:15:21,4077.236,sl 4077.106,-4.01,495.99,3.8770000000004075,-1.034304874903167,4.233333333333333,4077.106,False,sl,swing
cmpv115_swing_2026-07-13__M15sig,2026-07-13,M15sig,2026-07-15 04:20:00,SELL,4034.195,4036.671,2026-07-15 04:42:09,4029.177,sl 4029.142,5.02,501.01,2.475999999999658,2.0274636510503607,22.15,4029.142,True,sl,swing
cmpv115_swing_2026-07-13__M15sig,2026-07-13,M15sig,2026-07-15 05:00:12,SELL,4034.378,4036.736,2026-07-15 05:11:18,4028.003,sl 4027.823,6.38,507.39,2.35799999999972,2.705682782018981,11.1,4027.823,True,sl,swing
cmpv115_swing_2026-07-13__M15sig,2026-07-13,M15sig,2026-07-15 11:41:15,SELL,4036.589,4039.762,2026-07-15 11:50:35,4039.77,sl 4039.762,-3.18,504.21,3.173000000000229,-1.002206114087542,9.333333333333334,4039.762,False,sl,swing
cmpv115_swing_2026-07-13__M15sig,2026-07-13,M15sig,2026-07-15 12:37:00,SELL,4062.066,4064.978,2026-07-15 12:39:15,4065.047,sl 4064.978,-2.98,501.23,2.912000000000262,-1.0233516483515563,2.25,4064.978,False,sl,swing
cmpv115_swing_2026-07-13__M15sig,2026-07-13,M15sig,2026-07-16 00:59:27,BUY,4047.878,4044.06,2026-07-16 00:59:40,4044.008,sl 4044.060,-3.87,497.36,3.818000000000211,-1.0136196961759525,0.21666666666666667,4044.06,False,sl,swing
cmpv115_swing_2026-07-13__M15sig,2026-07-13,M15sig,2026-07-16 09:00:51,SELL,4036.687,4039.244,2026-07-16 11:33:50,4028.912,sl 4028.892,7.78,505.14,2.5570000000002437,3.0426280797807035,152.98333333333332,4028.892,True,sl,swing
cmpv115_swing_2026-07-13__M15sig,2026-07-13,M15sig,2026-07-17 06:11:05,SELL,3996.224,3999.329,2026-07-17 06:11:30,3999.621,sl 3999.329,-3.4,501.74,3.105000000000018,-1.0950080515297842,0.4166666666666667,3999.329,False,sl,swing
cmpv115_breakout_2026-07-20__M15sig,2026-07-20,M15sig,2026-07-20 00:00:00,SELL,3995.614,4001.994,2026-07-20 00:13:04,3992.453,sl 3992.401,3.16,503.16,6.380000000000109,0.49529780564262477,13.066666666666666,3992.401,True,sl,breakout
cmpv115_breakout_2026-07-20__M15sig,2026-07-20,M15sig,2026-07-20 00:15:00,SELL,3996.181,4003.365,2026-07-20 00:21:10,4003.393,sl 4003.365,-7.21,495.95,7.183999999999742,-1.003619153674869,6.166666666666667,4003.365,False,sl,breakout
cmpv115_breakout_2026-07-20__M15sig,2026-07-20,M15sig,2026-07-20 00:30:00,SELL,4003.793,4011.338,2026-07-20 00:59:54,4010.345,sl 4010.192,-6.56,489.39,7.545000000000073,-0.8694499668654654,29.9,4010.192,True,sl,breakout
cmpv115_breakout_2026-07-20__M15sig,2026-07-20,M15sig,2026-07-20 01:00:00,SELL,4008.525,4017.025,2026-07-20 01:09:26,4017.029,sl 4017.025,-8.5,480.89,8.5,-1.0,9.433333333333334,4017.025,False,sl,breakout
cmpv115_breakout_2026-07-20__M15sig,2026-07-20,M15sig,2026-07-20 01:30:00,SELL,4003.022,4012.634,2026-07-20 02:32:23,4010.504,sl 4010.422,-7.48,473.41,9.61200000000008,-0.7781939242613336,62.38333333333333,4010.422,True,sl,breakout
cmpv115_breakout_2026-07-20__M15sig,2026-07-20,M15sig,2026-07-20 02:45:00,SELL,4014.748,4024.256,2026-07-20 02:48:48,4024.287,sl 4024.256,-9.54,463.87,9.50799999999981,-1.003365586874231,3.8,4024.256,False,sl,breakout
cmpv115_breakout_2026-07-20__M15sig,2026-07-20,M15sig,2026-07-20 03:30:00,SELL,4022.383,4032.688,2026-07-20 06:30:00,4005.072,,17.31,481.18,10.305000000000291,1.6797671033478419,180.0,,False,other,breakout
cmpv115_breakout_2026-07-20__M15sig,2026-07-20,M15sig,2026-07-20 06:45:00,SELL,4005.09,4010.687,2026-07-20 07:30:15,4010.16,sl 4010.157,-5.07,476.11,5.596999999999753,-0.9058424155798149,45.25,4010.157,True,sl,breakout
cmpv115_breakout_2026-07-20__M15sig,2026-07-20,M15sig,2026-07-20 07:45:00,SELL,4020.993,4026.995,2026-07-20 08:04:05,4025.539,sl 4025.481,-4.55,471.56,6.001999999999953,-0.7580806397867437,19.083333333333332,4025.481,True,sl,breakout
cmpv115_breakout_2026-07-20__M15sig,2026-07-20,M15sig,2026-07-20 08:15:00,SELL,4023.933,4030.449,2026-07-20 08:24:56,4030.516,sl 4030.449,-6.59,464.97,6.516000000000076,-1.0113566605279194,9.933333333333334,4030.449,False,sl,breakout
cmpv115_breakout_2026-07-20__M15sig,2026-07-20,M15sig,2026-07-20 08:45:00,SELL,4021.741,4028.319,2026-07-20 10:53:59,4024.963,sl 4024.931,-3.22,461.75,6.5779999999999745,-0.4895104895104914,128.98333333333332,4024.931,True,sl,breakout
cmpv115_breakout_2026-07-20__M15sig,2026-07-20,M15sig,2026-07-20 11:00:00,SELL,4024.073,4030.531,2026-07-20 11:30:15,4029.339,sl 4029.324,-5.27,456.48,6.458000000000084,-0.8160421183028695,30.25,4029.324,True,sl,breakout
cmpv115_breakout_2026-07-20__M15sig,2026-07-20,M15sig,2026-07-20 12:30:00,SELL,4012.874,4020.149,2026-07-20 14:40:29,4010.97,sl 4010.952,1.9,458.38,7.275000000000091,0.2611683848797218,130.48333333333332,4010.952,True,sl,breakout
cmpv115_breakout_2026-07-20__M15sig,2026-07-20,M15sig,2026-07-20 14:45:00,SELL,4007.373,4016.047,2026-07-20 15:09:41,4016.075,sl 4016.047,-8.71,449.67,8.673999999999978,-1.0041503343324905,24.683333333333334,4016.047,False,sl,breakout
cmpv115_breakout_2026-07-20__M15sig,2026-07-20,M15sig,2026-07-20 15:30:00,SELL,4016.369,4024.946,2026-07-20 17:22:06,4012.911,sl 4012.850,3.46,453.13,8.57699999999977,0.40340445377172585,112.1,4012.85,True,sl,breakout
cmpv115_breakout_2026-07-20__M15sig,2026-07-20,M15sig,2026-07-20 17:30:00,SELL,4012.28,4019.257,2026-07-20 19:29:50,4012.835,sl 4012.555,-0.56,452.57,6.976999999999862,-0.08026372366346728,119.83333333333333,4012.555,True,sl,breakout
cmpv115_breakout_2026-07-20__M15sig,2026-07-20,M15sig,2026-07-20 19:30:00,SELL,4012.813,4018.298,2026-07-20 19:30:14,4018.34,sl 4018.298,-5.53,447.04,5.484999999999673,-1.0082041932543901,0.23333333333333334,4018.298,False,sl,breakout
cmpv115_breakout_2026-07-20__M15sig,2026-07-20,M15sig,2026-07-20 20:00:00,SELL,4007.059,4012.997,2026-07-20 23:06:58,4008.075,sl 4007.900,-1.02,446.02,5.937999999999647,-0.17177500842035376,186.96666666666667,4007.9,True,sl,breakout
cmpv115_breakout_2026-07-20__M15sig,2026-07-20,M15sig,2026-07-20 23:45:00,SELL,4007.468,4013.207,2026-07-21 00:13:40,4012.925,sl 4012.664,-5.46,440.56,5.739000000000033,-0.9513852587558754,28.666666666666668,4012.664,True,sl,breakout
cmpv115_breakout_2026-07-20__M15sig,2026-07-20,M15sig,2026-07-21 01:00:00,SELL,4024.965,4031.381,2026-07-21 01:05:24,4028.444,sl 4028.443,-3.47,437.09,6.415999999999713,-0.540835411471346,5.4,4028.443,True,sl,breakout
cmpv115_breakout_2026-07-20__M15sig,2026-07-20,M15sig,2026-07-21 01:15:00,SELL,4029.008,4036.065,2026-07-21 01:19:50,4036.173,sl 4036.065,-7.16,429.93,7.057000000000244,-1.0145954371545634,4.833333333333333,4036.065,False,sl,breakout
cmpv115_breakout_2026-07-20__M15sig,2026-07-20,M15sig,2026-07-21 01:30:00,SELL,4028.319,4035.956,2026-07-21 02:36:04,4033.892,sl 4033.765,-5.57,424.36,7.637000000000171,-0.7293439832394757,66.06666666666666,4033.765,True,sl,breakout
cmpv115_breakout_2026-07-20__M15sig,2026-07-20,M15sig,2026-07-21 02:45:00,SELL,4035.701,4044.029,2026-07-21 03:26:13,4044.198,sl 4044.029,-8.5,415.86,8.327999999999975,-1.0206532180595613,41.21666666666667,4044.029,False,sl,breakout
cmpv115_breakout_2026-07-20__M15sig,2026-07-20,M15sig,2026-07-21 03:30:00,BUY,4047.476,4038.294,2026-07-21 06:11:23,4070.806,,23.33,439.19,9.182000000000244,2.5408407754301217,161.38333333333333,,False,other,breakout
cmpv115_breakout_2026-07-20__M15sig,2026-07-20,M15sig,2026-07-21 06:30:00,BUY,4072.653,4065.443,2026-07-21 07:11:35,4072.759,sl 4072.920,0.11,439.3,7.209999999999582,0.015256588072122938,41.583333333333336,4072.92,True,sl,breakout
cmpv115_breakout_2026-07-20__M15sig,2026-07-20,M15sig,2026-07-21 07:15:00,BUY,4072.423,4065.375,2026-07-21 08:20:20,4065.072,sl 4065.375,-7.35,431.95,7.0479999999997744,-1.0428490351873205,65.33333333333333,4065.375,False,sl,breakout
cmpv115_breakout_2026-07-20__M15sig,2026-07-20,M15sig,2026-07-21 08:30:00,BUY,4063.664,4056.226,2026-07-21 11:00:58,4061.103,sl 4061.238,-2.56,429.39,7.438000000000102,-0.3441785426189789,150.96666666666667,4061.238,True,sl,breakout
cmpv115_breakout_2026-07-20__M15sig,2026-07-20,M15sig,2026-07-21 11:15:00,BUY,4058.632,4053.075,2026-07-21 12:35:37,4057.261,sl 4057.347,-1.37,428.02,5.557000000000244,-0.2465359006658161,80.61666666666666,4057.347,True,sl,breakout
cmpv115_breakout_2026-07-20__M15sig,2026-07-20,M15sig,2026-07-21 13:00:00,BUY,4054.104,4047.394,2026-07-21 13:28:32,4051.152,sl 4051.218,-2.95,425.07,6.710000000000036,-0.4396423248882242,28.533333333333335,4051.218,True,sl,breakout
cmpv115_breakout_2026-07-20__M15sig,2026-07-20,M15sig,2026-07-21 13:45:00,BUY,4046.671,4039.179,2026-07-21 14:30:42,4073.26,,26.59,451.66,7.491999999999734,3.5491190603311455,45.7,,False,other,breakout
cmpv115_breakout_2026-07-20__M15sig,2026-07-20,M15sig,2026-07-21 15:00:00,BUY,4068.647,4059.607,2026-07-21 17:03:02,4069.404,sl 4069.409,0.75,452.41,9.039999999999964,0.08296460176991184,123.03333333333333,4069.409,True,sl,breakout
cmpv115_breakout_2026-07-20__M15sig,2026-07-20,M15sig,2026-07-21 17:15:00,BUY,4070.781,4063.659,2026-07-21 18:27:07,4086.298,,15.52,467.93,7.121999999999844,2.179163156416785,72.11666666666666,,False,other,breakout
cmpv115_breakout_2026-07-20__M15sig,2026-07-20,M15sig,2026-07-21 18:30:00,BUY,4083.949,4077.922,2026-07-21 20:49:13,4078.464,sl 4078.509,-5.49,462.44,6.027000000000044,-0.9109009457441447,139.21666666666667,4078.509,True,sl,breakout
cmpv115_breakout_2026-07-20__M15sig,2026-07-20,M15sig,2026-07-21 22:15:00,BUY,4079.076,4074.277,2026-07-22 00:00:42,4077.166,sl 4077.198,-1.91,460.0,4.798999999999978,-0.39799958324651147,105.7,4077.198,True,sl,breakout
cmpv115_breakout_2026-07-20__M15sig,2026-07-20,M15sig,2026-07-22 00:30:00,BUY,4098.32,4093.53,2026-07-22 00:31:00,4095.203,sl 4095.220,-3.12,456.88,4.789999999999509,-0.6513569937370188,1.0,4095.22,True,sl,breakout
cmpv115_breakout_2026-07-20__M15sig,2026-07-20,M15sig,2026-07-22 01:15:00,BUY,4121.251,4113.921,2026-07-22 01:17:15,4113.862,sl 4113.921,-7.39,449.49,7.329999999999927,-1.0081855388813197,2.25,4113.921,False,sl,breakout
cmpv115_breakout_2026-07-20__M15sig,2026-07-20,M15sig,2026-07-22 01:30:00,BUY,4115.554,4107.805,2026-07-22 04:04:03,4126.919,sl 4126.944,11.37,460.86,7.748999999999796,1.4672861014324814,154.05,4126.944,True,sl,breakout
cmpv115_breakout_2026-07-20__M15sig,2026-07-20,M15sig,2026-07-22 04:15:00,BUY,4127.221,4118.957,2026-07-22 06:23:45,4126.517,sl 4126.518,-0.7,460.16,8.263999999999214,-0.08470474346564212,128.75,4126.518,True,sl,breakout
cmpv115_breakout_2026-07-20__M15sig,2026-07-20,M15sig,2026-07-22 06:45:00,BUY,4119.043,4112.904,2026-07-22 07:04:48,4112.879,sl 4112.904,-6.16,454.0,6.138999999999214,-1.0034207525656929,19.8,4112.904,False,sl,breakout
cmpv115_breakout_2026-07-20__M15sig,2026-07-20,M15sig,2026-07-22 07:15:00,BUY,4116.42,4110.14,2026-07-22 07:41:00,4113.147,sl 4113.224,-3.27,450.73,6.279999999999745,-0.5207006369426963,26.0,4113.224,True,sl,breakout
cmpv115_breakout_2026-07-20__M15sig,2026-07-20,M15sig,2026-07-22 08:00:00,BUY,4110.711,4103.578,2026-07-22 11:41:14,4114.943,sl 4115.080,4.23,454.96,7.132999999999811,0.5930183653441907,221.23333333333332,4115.08,True,sl,breakout
cmpv115_breakout_2026-07-20__M15sig,2026-07-20,M15sig,2026-07-22 11:45:00,BUY,4115.249,4109.857,2026-07-22 12:28:52,4132.448,,17.2,472.16,5.391999999999825,3.18991097922859,43.86666666666667,,False,other,breakout
cmpv115_breakout_2026-07-20__M15sig,2026-07-20,M15sig,2026-07-22 12:30:00,BUY,4132.648,4126.829,2026-07-22 12:35:05,4126.78,sl 4126.829,-5.87,466.29,5.819000000000415,-1.0087643925072318,5.083333333333333,4126.829,False,sl,breakout
cmpv115_breakout_2026-07-20__M15sig,2026-07-20,M15sig,2026-07-22 13:15:00,BUY,4125.826,4117.995,2026-07-22 13:58:53,4152.821,,26.99,493.28,7.831000000000131,3.446558549355069,43.88333333333333,,False,other,breakout
cmpv115_breakout_2026-07-20__M15sig,2026-07-20,M15sig,2026-07-22 14:15:00,BUY,4156.621,4146.612,2026-07-22 14:26:22,4146.578,sl 4146.612,-10.04,483.24,10.009000000000015,-1.0030972125087405,11.366666666666667,4146.612,False,sl,breakout
cmpv115_breakout_2026-07-20__M15sig,2026-07-20,M15sig,2026-07-22 14:30:00,BUY,4146.482,4135.902,2026-07-22 16:26:05,4149.163,sl 4149.243,2.68,485.92,10.579999999999927,0.2533081285444252,116.08333333333333,4149.243,True,sl,breakout
cmpv115_breakout_2026-07-20__M15sig,2026-07-20,M15sig,2026-07-22 18:00:00,BUY,4142.642,4135.816,2026-07-22 18:22:30,4135.635,sl 4135.816,-7.0,478.92,6.826000000000022,-1.0254907705830614,22.5,4135.816,False,sl,breakout
cmpv115_breakout_2026-07-20__M15sig,2026-07-20,M15sig,2026-07-22 18:45:00,BUY,4136.063,4129.96,2026-07-22 19:54:12,4129.694,sl 4129.960,-6.37,472.55,6.1030000000000655,-1.043748975913474,69.2,4129.96,False,sl,breakout
cmpv115_breakout_2026-07-20__M15sig,2026-07-20,M15sig,2026-07-22 20:00:00,BUY,4131.817,4126.689,2026-07-22 20:45:13,4129.765,sl 4129.879,-2.05,470.5,5.127999999999702,-0.3997659906396488,45.21666666666667,4129.879,True,sl,breakout
cmpv115_breakout_2026-07-20__M15sig,2026-07-20,M15sig,2026-07-22 22:30:00,BUY,4128.798,4123.121,2026-07-22 22:40:37,4123.061,sl 4123.121,-5.74,464.76,5.67699999999968,-1.0110974106042494,10.616666666666667,4123.121,False,sl,breakout
cmpv115_breakout_2026-07-20__M15sig,2026-07-20,M15sig,2026-07-22 22:45:00,BUY,4121.943,4115.991,2026-07-22 23:03:51,4117.271,sl 4117.282,-4.67,460.09,5.9520000000002256,-0.7846102150537337,18.85,4117.282,True,sl,breakout
cmpv115_breakout_2026-07-20__M15sig,2026-07-20,M15sig,2026-07-22 23:15:00,BUY,4124.034,4117.776,2026-07-23 01:36:15,4128.652,sl 4128.727,4.62,463.11,6.257999999999811,0.7382550335570693,141.25,4128.727,True,sl,breakout
cmpv115_breakout_2026-07-20__M15sig,2026-07-20,M15sig,2026-07-23 01:45:00,BUY,4121.735,4113.23,2026-07-23 02:04:04,4113.184,sl 4113.230,-8.56,454.55,8.50500000000011,-1.0064667842445492,19.066666666666666,4113.23,False,sl,breakout
cmpv115_breakout_2026-07-20__M15sig,2026-07-20,M15sig,2026-07-23 02:30:00,BUY,4116.693,4108.376,2026-07-23 04:52:59,4120.458,sl 4120.468,3.77,458.32,8.317000000000007,0.45328844535289126,142.98333333333332,4120.468,True,sl,breakout
cmpv115_breakout_2026-07-20__M15sig,2026-07-20,M15sig,2026-07-23 05:00:00,BUY,4121.558,4114.448,2026-07-23 05:56:07,4121.506,sl 4121.507,-0.05,458.27,7.109999999999673,-0.007032348804501027,56.11666666666667,4121.507,True,sl,breakout
cmpv115_breakout_2026-07-20__M15sig,2026-07-20,M15sig,2026-07-23 06:15:00,BUY,4123.215,4117.096,2026-07-23 06:40:58,4118.06,sl 4118.141,-5.16,453.11,6.119000000000597,-0.8432750449419018,25.966666666666665,4118.141,True,sl,breakout
cmpv115_breakout_2026-07-20__M15sig,2026-07-20,M15sig,2026-07-23 06:45:00,BUY,4120.289,4114.119,2026-07-23 07:01:52,4114.052,sl 4114.119,-6.24,446.87,6.170000000000073,-1.0113452188006364,16.866666666666667,4114.119,False,sl,breakout
cmpv115_breakout_2026-07-20__M15sig,2026-07-20,M15sig,2026-07-23 07:15:00,BUY,4106.763,4099.868,2026-07-23 07:38:48,4100.937,sl 4100.998,-5.82,441.05,6.894999999999527,-0.8440899202321102,23.8,4100.998,True,sl,breakout
cmpv115_breakout_2026-07-20__M15sig,2026-07-20,M15sig,2026-07-23 08:00:00,BUY,4095.717,4087.688,2026-07-23 08:48:44,4087.538,sl 4087.688,-8.18,432.87,8.028999999999996,-1.0188068252584386,48.733333333333334,4087.688,False,sl,breakout
cmpv115_breakout_2026-07-20__M15sig,2026-07-20,M15sig,2026-07-23 09:00:00,BUY,4093.46,4085.315,2026-07-23 10:21:04,4086.937,sl 4086.970,-6.52,426.35,8.144999999999982,-0.800491098833642,81.06666666666666,4086.97,True,sl,breakout
cmpv115_breakout_2026-07-20__M15sig,2026-07-20,M15sig,2026-07-23 10:30:00,BUY,4090.077,4082.32,2026-07-23 11:16:18,4084.963,sl 4084.987,-5.12,421.23,7.757000000000062,-0.6600489880108237,46.3,4084.987,True,sl,breakout
cmpv115_breakout_2026-07-20__M15sig,2026-07-20,M15sig,2026-07-23 11:30:00,BUY,4084.333,4077.906,2026-07-23 11:40:24,4077.619,sl 4077.906,-6.71,414.52,6.427000000000135,-1.0440329858409614,10.4,4077.906,False,sl,breakout
cmpv115_breakout_2026-07-20__M15sig,2026-07-20,M15sig,2026-07-23 11:45:00,BUY,4079.044,4072.346,2026-07-23 12:16:16,4079.12,sl 4079.227,0.08,414.6,6.697999999999865,0.011943863839952464,31.266666666666666,4079.227,True,sl,breakout
cmpv115_breakout_2026-07-20__M15sig,2026-07-20,M15sig,2026-07-23 12:30:00,BUY,4075.046,4067.461,2026-07-23 12:36:40,4067.383,sl 4067.461,-7.67,406.93,7.585000000000036,-1.011206328279494,6.666666666666667,4067.461,False,sl,breakout
cmpv115_breakout_2026-07-20__M15sig,2026-07-20,M15sig,2026-07-23 13:15:00,SELL,4041.077,4050.4,2026-07-23 13:20:25,4050.405,sl 4050.400,-9.33,397.6,9.322999999999865,-1.0007508312775002,5.416666666666667,4050.4,False,sl,breakout
cmpv115_breakout_2026-07-20__M15sig,2026-07-20,M15sig,2026-07-23 13:45:00,SELL,4056.393,4067.224,2026-07-23 14:30:01,4057.939,sl 4057.837,-1.55,396.05,10.831000000000131,-0.14310774628381326,45.016666666666666,4057.837,True,sl,breakout
cmpv115_breakout_2026-07-20__M15sig,2026-07-20,M15sig,2026-07-23 14:45:00,SELL,4057.07,4069.585,2026-07-23 19:30:33,4050.457,sl 4050.360,6.61,402.66,12.514999999999873,0.5281662005593342,285.55,4050.36,True,sl,breakout
cmpv115_breakout_2026-07-20__M15sig,2026-07-20,M15sig,2026-07-23 19:45:00,SELL,4045.766,4050.71,2026-07-23 19:55:00,4050.983,sl 4050.710,-5.21,397.45,4.94399999999996,-1.0538025889967724,10.0,4050.71,False,sl,breakout
cmpv115_breakout_2026-07-20__M15sig,2026-07-20,M15sig,2026-07-23 20:00:00,SELL,4049.956,4054.94,2026-07-24 00:22:57,4046.443,sl 4046.400,3.52,400.97,4.983999999999924,0.7062600321027396,262.95,4046.4,True,sl,breakout
cmpv115_breakout_2026-07-20__M15sig,2026-07-20,M15sig,2026-07-24 00:30:00,SELL,4046.882,4050.193,2026-07-24 00:39:10,4050.246,sl 4050.193,-3.37,397.6,3.311000000000149,-1.0178193899123673,9.166666666666666,4050.193,False,sl,breakout
cmpv115_breakout_2026-07-20__M15sig,2026-07-20,M15sig,2026-07-24 00:45:00,SELL,4049.382,4052.859,2026-07-24 01:16:19,4045.961,sl 4045.960,3.42,401.02,3.4769999999998618,0.9836065573770882,31.316666666666666,4045.96,True,sl,breakout
cmpv115_breakout_2026-07-20__M15sig,2026-07-20,M15sig,2026-07-24 02:30:00,SELL,4046.735,4052.415,2026-07-24 02:48:48,4028.738,,18.0,419.02,5.679999999999836,3.1690140845071335,18.8,,False,other,breakout
cmpv115_breakout_2026-07-20__M15sig,2026-07-20,M15sig,2026-07-24 03:00:00,SELL,4024.493,4031.602,2026-07-24 03:13:22,4031.655,sl 4031.602,-7.17,411.85,7.108999999999924,-1.0085806723871258,13.366666666666667,4031.602,False,sl,breakout
cmpv115_breakout_2026-07-20__M15sig,2026-07-20,M15sig,2026-07-24 03:30:00,SELL,4030.257,4037.915,2026-07-24 06:15:23,4031.846,sl 4031.777,-1.59,410.26,7.657999999999902,-0.20762601201358324,165.38333333333333,4031.777,True,sl,breakout
cmpv115_breakout_2026-07-20__M15sig,2026-07-20,M15sig,2026-07-24 07:15:00,SELL,4045.577,4051.952,2026-07-24 07:34:05,4052.007,sl 4051.952,-6.43,403.83,6.375,-1.008627450980392,19.083333333333332,4051.952,False,sl,breakout
cmpv115_breakout_2026-07-20__M15sig,2026-07-20,M15sig,2026-07-24 07:45:00,SELL,4048.369,4055.295,2026-07-24 08:43:56,4055.349,sl 4055.295,-6.98,396.85,6.925999999999931,-1.0077967080566084,58.93333333333333,4055.295,False,sl,breakout
cmpv115_breakout_2026-07-20__M15sig,2026-07-20,M15sig,2026-07-24 08:45:00,SELL,4054.672,4061.916,2026-07-24 10:18:15,4062.017,sl 4061.916,-7.35,389.5,7.244000000000142,-1.0146327995582352,93.25,4061.916,False,sl,breakout
cmpv115_breakout_2026-07-20__M15sig,2026-07-20,M15sig,2026-07-24 10:30:00,SELL,4062.008,4068.297,2026-07-24 11:59:07,4060.013,sl 4059.963,2.0,391.5,6.289000000000215,0.3180155827635446,89.11666666666666,4059.963,True,sl,breakout
cmpv115_breakout_2026-07-20__M15sig,2026-07-20,M15sig,2026-07-24 13:00:00,SELL,4056.005,4061.535,2026-07-24 13:37:06,4053.218,sl 4053.100,2.79,394.29,5.529999999999745,0.5045207956600594,37.1,4053.1,True,sl,breakout
cmpv115_breakout_2026-07-20__M15sig,2026-07-20,M15sig,2026-07-24 13:45:00,SELL,4052.003,4058.742,2026-07-24 13:48:34,4058.749,sl 4058.742,-6.75,387.54,6.739000000000033,-1.0016322896572143,3.566666666666667,4058.742,False,sl,breakout
cmpv115_breakout_2026-07-20__M15sig,2026-07-20,M15sig,2026-07-24 14:00:00,BUY,4067.548,4059.81,2026-07-24 14:07:04,4059.761,sl 4059.810,-7.79,379.75,7.737999999999829,-1.0067200827087326,7.066666666666666,4059.81,False,sl,breakout
cmpv115_breakout_2026-07-20__M15sig,2026-07-20,M15sig,2026-07-24 14:15:00,SELL,4058.939,4067.176,2026-07-24 14:26:19,4067.424,sl 4067.176,-8.48,371.27,8.23700000000008,-1.0295010319290905,11.316666666666666,4067.176,False,sl,breakout
cmpv115_breakout_2026-07-20__M15sig,2026-07-20,M15sig,2026-07-24 14:45:00,SELL,4060.556,4069.802,2026-07-24 15:10:55,4069.972,sl 4069.802,-9.41,361.86,9.246000000000095,-1.0177373999567276,25.916666666666668,4069.802,False,sl,breakout
cmpv115_breakout_2026-07-20__M15sig,2026-07-20,M15sig,2026-07-24 15:15:00,BUY,4074.686,4064.413,2026-07-24 16:45:44,4066.305,sl 4066.349,-8.38,353.48,10.273000000000138,-0.8157305558259407,90.73333333333333,4066.349,True,sl,breakout
cmpv115_breakout_2026-07-20__M15sig,2026-07-20,M15sig,2026-07-24 17:15:00,BUY,4064.348,4055.148,2026-07-24 18:22:57,4057.11,sl 4057.332,-7.24,346.24,9.199999999999818,-0.786956521739146,67.95,4057.332,True,sl,breakout
cmpv115_breakout_2026-07-20__M15sig,2026-07-20,M15sig,2026-07-24 18:30:00,SELL,4055.442,4061.996,2026-07-24 19:40:40,4057.626,sl 4057.471,-2.19,344.05,6.554000000000087,-0.33414708574915636,70.66666666666667,4057.471,True,sl,breakout
cmpv115_breakout_2026-07-20__M15sig,2026-07-20,M15sig,2026-07-24 19:45:00,SELL,4056.847,4062.046,2026-07-24 20:57:59,4053.172,end of test,3.68,347.73,5.198999999999614,0.7078284285440033,72.98333333333333,,False,end,breakout
cmpv115_swing_2026-07-20__M15sig,2026-07-20,M15sig,2026-07-20 12:02:31,BUY,4014.523,4012.21,2026-07-20 12:03:50,4012.181,sl 4012.210,-2.34,497.66,2.313000000000102,-1.011673151750928,1.3166666666666667,4012.21,False,sl,swing
cmpv115_swing_2026-07-20__M15sig,2026-07-20,M15sig,2026-07-21 11:04:21,BUY,4058.777,4056.153,2026-07-21 11:07:17,4055.878,sl 4056.153,-2.9,494.76,2.624000000000251,-1.1051829268291626,2.933333333333333,4056.153,False,sl,swing
cmpv115_swing_2026-07-20__M15sig,2026-07-20,M15sig,2026-07-23 01:56:22,BUY,4115.425,4113.023,2026-07-23 02:04:04,4112.983,sl 4113.023,-2.45,492.31,2.4020000000000437,-1.0199833472106392,7.7,4113.023,False,sl,swing
cmpv115_swing_2026-07-20__M15sig,2026-07-20,M15sig,2026-07-23 07:01:27,BUY,4115.681,4112.415,2026-07-23 07:07:36,4112.083,sl 4112.415,-3.6,488.71,3.2659999999996217,-1.1022657685243162,6.15,4112.415,False,sl,swing
cmpv115_breakout_2026-07-27__M15sig,2026-07-27,M15sig,2026-07-27 00:30:00,BUY,4094.527,4083.995,2026-07-27 02:42:49,4095.909,sl 4095.993,1.38,501.38,10.532000000000153,0.1310292442081257,132.81666666666666,4095.993,True,sl,breakout
cmpv115_breakout_2026-07-27__M15sig,2026-07-27,M15sig,2026-07-27 02:45:00,BUY,4096.788,4086.758,2026-07-27 03:26:38,4086.733,sl 4086.758,-10.06,491.32,10.029999999999745,-1.002991026919268,41.63333333333333,4086.758,False,sl,breakout
cmpv115_breakout_2026-07-27__M15sig,2026-07-27,M15sig,2026-07-27 03:30:00,BUY,4085.849,4075.552,2026-07-27 05:25:36,4086.709,sl 4086.743,0.86,492.18,10.297000000000025,0.08351947169078351,115.6,4086.743,True,sl,breakout
cmpv115_breakout_2026-07-27__M15sig,2026-07-27,M15sig,2026-07-27 05:30:00,BUY,4087.285,4081.898,2026-07-27 07:16:30,4102.506,,15.22,507.4,5.386999999999716,2.8253202153333583,106.5,,False,other,breakout
cmpv115_breakout_2026-07-27__M15sig,2026-07-27,M15sig,2026-07-27 07:30:00,BUY,4103.445,4098.132,2026-07-27 07:41:18,4098.113,sl 4098.132,-5.34,502.06,5.313000000000102,-1.0050818746470727,11.3,4098.132,False,sl,breakout
cmpv115_breakout_2026-07-27__M15sig,2026-07-27,M15sig,2026-07-27 08:15:00,BUY,4091.361,4085.096,2026-07-27 10:10:25,4091.144,sl 4091.152,-0.22,501.84,6.264999999999873,-0.03511572226656097,115.41666666666667,4091.152,True,sl,breakout
cmpv115_breakout_2026-07-27__M15sig,2026-07-27,M15sig,2026-07-27 10:15:00,BUY,4090.843,4084.495,2026-07-27 11:46:38,4093.996,sl 4094.085,3.16,505.0,6.347999999999956,0.4977945809703878,91.63333333333334,4094.085,True,sl,breakout
cmpv115_breakout_2026-07-27__M15sig,2026-07-27,M15sig,2026-07-27 12:15:00,BUY,4087.949,4081.501,2026-07-27 13:10:45,4081.484,sl 4081.501,-6.47,498.53,6.447999999999865,-1.0034119106699961,55.75,4081.501,False,sl,breakout
cmpv115_breakout_2026-07-27__M15sig,2026-07-27,M15sig,2026-07-27 16:00:00,BUY,4078.753,4070.138,2026-07-27 17:00:30,4080.408,sl 4080.423,1.66,500.19,8.615000000000236,0.1926871735345275,60.5,4080.423,True,sl,breakout
cmpv115_breakout_2026-07-27__M15sig,2026-07-27,M15sig,2026-07-27 17:30:00,BUY,4074.974,4067.528,2026-07-27 20:20:18,4079.874,sl 4079.906,4.9,505.09,7.446000000000367,0.6580714477571526,170.3,4079.906,True,sl,breakout
cmpv115_breakout_2026-07-27__M15sig,2026-07-27,M15sig,2026-07-27 20:45:00,BUY,4077.401,4072.714,2026-07-27 22:21:15,4075.237,sl 4075.282,-2.16,502.93,4.686999999999898,-0.4608491572434493,96.25,4075.282,True,sl,breakout
cmpv115_breakout_2026-07-27__M15sig,2026-07-27,M15sig,2026-07-27 22:45:00,BUY,4075.124,4070.346,2026-07-27 23:48:41,4070.205,sl 4070.346,-4.91,498.02,4.777999999999793,-1.0276266220176251,63.68333333333333,4070.346,False,sl,breakout
cmpv115_breakout_2026-07-27__M15sig,2026-07-27,M15sig,2026-07-28 00:00:00,BUY,4073.386,4069.768,2026-07-28 00:03:06,4069.726,sl 4069.768,-3.66,494.36,3.617999999999938,-1.0116086235489394,3.1,4069.768,False,sl,breakout
cmpv115_breakout_2026-07-27__M15sig,2026-07-27,M15sig,2026-07-28 00:30:00,SELL,4061.956,4066.318,2026-07-28 01:26:33,4046.692,,15.27,509.63,4.36200000000008,3.5006877579091515,56.55,,False,other,breakout
cmpv115_breakout_2026-07-27__M15sig,2026-07-27,M15sig,2026-07-28 01:45:00,SELL,4049.032,4055.001,2026-07-28 03:33:14,4050.907,sl 4050.848,-1.88,507.75,5.969000000000051,-0.3149606299212571,108.23333333333333,4050.848,True,sl,breakout
cmpv115_breakout_2026-07-27__M15sig,2026-07-27,M15sig,2026-07-28 03:45:00,SELL,4048.284,4054.793,2026-07-28 05:45:01,4042.271,sl 4042.108,6.01,513.76,6.5090000000000146,0.9233369181133794,120.01666666666667,4042.108,True,sl,breakout
cmpv115_breakout_2026-07-27__M15sig,2026-07-27,M15sig,2026-07-28 06:15:00,SELL,4044.339,4049.636,2026-07-28 06:32:27,4049.778,sl 4049.636,-5.44,508.32,5.2970000000000255,-1.0269964130639937,17.45,4049.636,False,sl,breakout
cmpv115_breakout_2026-07-27__M15sig,2026-07-27,M15sig,2026-07-28 07:00:00,SELL,4048.438,4053.607,2026-07-28 08:06:37,4053.654,sl 4053.607,-5.21,503.11,5.168999999999869,-1.0079319017218287,66.61666666666666,4053.607,False,sl,breakout
cmpv115_breakout_2026-07-27__M15sig,2026-07-27,M15sig,2026-07-28 08:30:00,SELL,4049.495,4055.086,2026-07-28 09:35:25,4033.18,,16.32,519.43,5.5909999999998945,2.9189769272044908,65.41666666666667,,False,other,breakout
cmpv115_breakout_2026-07-27__M15sig,2026-07-27,M15sig,2026-07-28 10:15:00,SELL,4024.276,4030.945,2026-07-28 10:53:33,4027.107,sl 4027.090,-2.83,516.6,6.669000000000324,-0.4243514769830353,38.55,4027.09,True,sl,breakout
cmpv115_breakout_2026-07-27__M15sig,2026-07-27,M15sig,2026-07-28 11:00:00,SELL,4026.691,4034.122,2026-07-28 12:23:27,4034.144,sl 4034.122,-7.45,509.15,7.43100000000004,-1.0025568564123213,83.45,4034.122,False,sl,breakout
cmpv115_breakout_2026-07-27__M15sig,2026-07-27,M15sig,2026-07-28 12:30:00,SELL,4034.444,4041.923,2026-07-28 12:48:31,4037.152,sl 4037.113,-2.71,506.44,7.4789999999998145,-0.36234790747427026,18.516666666666666,4037.113,True,sl,breakout
cmpv115_breakout_2026-07-27__M15sig,2026-07-27,M15sig,2026-07-28 13:15:00,SELL,4032.772,4040.521,2026-07-28 14:12:01,4031.67,sl 4031.642,1.1,507.54,7.749000000000251,0.14195380049038128,57.016666666666666,4031.642,True,sl,breakout
cmpv115_breakout_2026-07-27__M15sig,2026-07-27,M15sig,2026-07-28 14:45:00,SELL,4022.824,4031.453,2026-07-28 15:10:00,4031.556,sl 4031.453,-8.74,498.8,8.628999999999905,-1.0128635994901027,25.0,4031.453,False,sl,breakout
cmpv115_breakout_2026-07-27__M15sig,2026-07-27,M15sig,2026-07-28 15:15:00,SELL,4033.617,4042.884,2026-07-28 15:46:38,4042.891,sl 4042.884,-9.27,489.53,9.266999999999825,-1.000323729362272,31.633333333333333,4042.884,False,sl,breakout
cmpv115_breakout_2026-07-27__M15sig,2026-07-27,M15sig,2026-07-28 16:00:00,SELL,4046.281,4055.959,2026-07-28 18:27:20,4025.969,,20.31,509.84,9.677999999999884,2.0985740855548918,147.33333333333334,,False,other,breakout
cmpv115_breakout_2026-07-27__M15sig,2026-07-27,M15sig,2026-07-28 18:30:00,SELL,4027.158,4033.63,2026-07-28 20:36:49,4029.627,sl 4029.579,-2.47,507.37,6.472000000000207,-0.38164400494436357,126.81666666666666,4029.579,True,sl,breakout
cmpv115_breakout_2026-07-27__M15sig,2026-07-27,M15sig,2026-07-28 22:15:00,SELL,4024.615,4028.52,2026-07-28 23:11:50,4021.0,sl 4020.779,3.62,510.99,3.9050000000002,0.927016645326457,56.833333333333336,4020.779,True,sl,breakout
cmpv115_breakout_2026-07-27__M15sig,2026-07-27,M15sig,2026-07-28 23:15:00,SELL,4022.072,4026.653,2026-07-28 23:44:21,4022.631,sl 4022.404,-0.56,510.43,4.580999999999676,-0.12224405151714465,29.35,4022.404,True,sl,breakout
cmpv115_breakout_2026-07-27__M15sig,2026-07-27,M15sig,2026-07-29 00:45:00,SELL,4025.817,4032.02,2026-07-29 01:29:00,4020.01,sl 4019.993,5.81,516.24,6.2029999999999745,0.9366435595679548,44.0,4019.993,True,sl,breakout
cmpv115_breakout_2026-07-27__M15sig,2026-07-27,M15sig,2026-07-29 01:45:00,SELL,4027.683,4035.743,2026-07-29 02:24:36,4034.629,sl 4034.629,-6.95,509.29,8.059999999999945,-0.8622828784119165,39.6,4034.629,True,sl,breakout
cmpv115_breakout_2026-07-27__M15sig,2026-07-27,M15sig,2026-07-29 02:30:00,SELL,4032.972,4041.2,2026-07-29 05:11:57,4031.687,sl 4031.569,1.28,510.57,8.22799999999961,0.15556635877492228,161.95,4031.569,True,sl,breakout
cmpv115_breakout_2026-07-27__M15sig,2026-07-27,M15sig,2026-07-29 05:15:00,SELL,4030.411,4035.766,2026-07-29 05:43:04,4035.351,sl 4035.180,-4.94,505.63,5.355000000000018,-0.9225023342670371,28.066666666666666,4035.18,True,sl,breakout
cmpv115_breakout_2026-07-27__M15sig,2026-07-27,M15sig,2026-07-29 05:45:00,SELL,4039.018,4044.495,2026-07-29 06:24:32,4040.481,sl 4040.466,-1.46,504.17,5.476999999999862,-0.26656928975717303,39.53333333333333,4040.466,True,sl,breakout
cmpv115_breakout_2026-07-27__M15sig,2026-07-27,M15sig,2026-07-29 06:45:00,SELL,4042.601,4047.9,2026-07-29 07:22:39,4048.015,sl 4047.900,-5.42,498.75,5.298999999999978,-1.022834497074924,37.65,4047.9,False,sl,breakout
cmpv115_breakout_2026-07-27__M15sig,2026-07-27,M15sig,2026-07-29 07:30:00,SELL,4045.908,4051.217,2026-07-29 09:30:34,4032.27,,13.64,512.39,5.3090000000001965,2.5692220757203796,120.56666666666666,,False,other,breakout
cmpv115_breakout_2026-07-27__M15sig,2026-07-27,M15sig,2026-07-29 10:15:00,SELL,4031.797,4035.87,2026-07-29 11:18:25,4031.571,sl 4031.524,0.23,512.62,4.072999999999865,0.05646943285048063,63.416666666666664,4031.524,True,sl,breakout
cmpv115_breakout_2026-07-27__M15sig,2026-07-27,M15sig,2026-07-29 11:30:00,SELL,4032.716,4037.139,2026-07-29 12:19:59,4019.152,,13.57,526.19,4.423000000000229,3.0680533574495357,49.983333333333334,,False,other,breakout
cmpv115_breakout_2026-07-27__M15sig,2026-07-27,M15sig,2026-07-29 12:45:00,SELL,4020.89,4026.988,2026-07-29 14:13:05,3996.401,,24.49,550.68,6.097999999999956,4.01607084289934,88.08333333333333,,False,other,breakout
cmpv115_breakout_2026-07-27__M15sig,2026-07-27,M15sig,2026-07-29 14:15:00,SELL,3999.323,4007.809,2026-07-29 14:18:43,4007.849,sl 4007.809,-8.53,542.15,8.486000000000331,-1.0051850106056641,3.716666666666667,4007.809,False,sl,breakout
cmpv115_breakout_2026-07-27__M15sig,2026-07-27,M15sig,2026-07-29 15:00:00,SELL,4004.819,4014.511,2026-07-29 16:08:53,4014.533,sl 4014.511,-9.71,532.44,9.692000000000007,-1.00185720181593,68.88333333333334,4014.511,False,sl,breakout
cmpv115_breakout_2026-07-27__M15sig,2026-07-27,M15sig,2026-07-29 17:00:00,SELL,4027.414,4036.793,2026-07-29 17:04:51,4037.023,sl 4036.793,-9.61,522.83,9.378999999999905,-1.0246294914170058,4.85,4036.793,False,sl,breakout
cmpv115_breakout_2026-07-27__M15sig,2026-07-27,M15sig,2026-07-29 18:00:00,SELL,4044.205,4054.201,2026-07-29 18:00:01,4054.48,sl 4054.201,-10.27,512.56,9.996000000000095,-1.0274109643857445,0.016666666666666666,4054.201,False,sl,breakout
cmpv115_breakout_2026-07-27__M15sig,2026-07-27,M15sig,2026-07-29 18:30:00,BUY,4067.977,4054.745,2026-07-29 18:32:08,4054.498,sl 4054.745,-13.48,499.08,13.231999999999971,-1.0187424425634848,2.1333333333333333,4054.745,False,sl,breakout
cmpv115_breakout_2026-07-27__M15sig,2026-07-27,M15sig,2026-07-29 19:30:00,BUY,4084.403,4064.972,2026-07-29 19:51:32,4064.952,sl 4064.972,-19.45,479.63,19.430999999999585,-1.0009778189491232,21.533333333333335,4064.972,False,sl,breakout
cmpv115_breakout_2026-07-27__M15sig,2026-07-27,M15sig,2026-07-29 20:00:00,SELL,4044.842,4066.64,2026-07-29 20:43:08,4066.67,sl 4066.640,-21.83,457.8,21.797999999999774,-1.001468024589422,43.13333333333333,4066.64,False,sl,breakout
cmpv115_breakout_2026-07-27__M15sig,2026-07-27,M15sig,2026-07-29 20:45:00,BUY,4067.242,4045.638,2026-07-30 00:27:12,4073.187,sl 4073.194,5.95,462.15,21.60400000000027,0.2754119607480062,222.2,4073.194,True,sl,breakout
cmpv115_breakout_2026-07-27__M15sig,2026-07-27,M15sig,2026-07-30 01:15:00,BUY,4075.708,4065.957,2026-07-30 02:33:16,4075.838,sl 4075.884,0.13,462.28,9.751000000000204,0.013331965952209751,78.26666666666667,4075.884,True,sl,breakout
cmpv115_breakout_2026-07-27__M15sig,2026-07-27,M15sig,2026-07-30 05:00:00,SELL,4046.19,4054.224,2026-07-30 05:30:27,4049.407,sl 4049.365,-3.22,459.06,8.034000000000106,-0.4007966143888422,30.45,4049.365,True,sl,breakout
cmpv115_breakout_2026-07-27__M15sig,2026-07-27,M15sig,2026-07-30 07:30:00,SELL,4045.742,4054.672,2026-07-30 08:06:38,4050.3,sl 4050.160,-4.56,454.5,8.929999999999836,-0.5106382978723497,36.63333333333333,4050.16,True,sl,breakout
cmpv115_breakout_2026-07-27__M15sig,2026-07-27,M15sig,2026-07-30 08:15:00,SELL,4053.326,4063.721,2026-07-30 08:24:01,4063.721,sl 4063.721,-10.39,444.11,10.394999999999982,-0.9995189995190014,9.016666666666667,4063.721,False,sl,breakout
cmpv115_breakout_2026-07-27__M15sig,2026-07-27,M15sig,2026-07-30 08:30:00,BUY,4064.837,4053.83,2026-07-30 12:31:25,4074.899,sl 4074.956,10.06,454.17,11.007000000000062,0.9139638411919636,241.41666666666666,4074.956,True,sl,breakout
cmpv115_breakout_2026-07-27__M15sig,2026-07-27,M15sig,2026-07-30 13:30:00,BUY,4080.333,4071.495,2026-07-30 13:40:18,4085.453,sl 4085.483,5.12,459.29,8.838000000000193,0.5793165874632143,10.3,4085.483,True,sl,breakout
cmpv115_breakout_2026-07-27__M15sig,2026-07-27,M15sig,2026-07-30 14:15:00,BUY,4098.144,4085.914,2026-07-30 15:07:58,4092.307,sl 4092.402,-5.83,453.46,12.230000000000018,-0.4766966475878979,52.96666666666667,4092.402,True,sl,breakout
cmpv115_breakout_2026-07-27__M15sig,2026-07-27,M15sig,2026-07-30 15:15:00,BUY,4085.771,4070.322,2026-07-30 19:16:16,4106.09,,20.32,473.78,15.44900000000007,1.3152954883811192,241.26666666666668,,False,other,breakout
cmpv115_breakout_2026-07-27__M15sig,2026-07-27,M15sig,2026-07-30 22:15:00,BUY,4107.063,4100.806,2026-07-30 23:31:13,4103.24,sl 4103.342,-3.82,469.96,6.257000000000517,-0.6105162218314982,76.21666666666667,4103.342,True,sl,breakout
cmpv115_breakout_2026-07-27__M15sig,2026-07-27,M15sig,2026-07-30 23:45:00,BUY,4106.438,4101.185,2026-07-31 00:00:45,4101.73,sl 4101.789,-4.71,464.72,5.252999999999702,-0.8966304968589887,15.75,4101.789,True,sl,breakout
cmpv115_breakout_2026-07-27__M15sig,2026-07-27,M15sig,2026-07-31 00:15:00,BUY,4101.336,4096.42,2026-07-31 00:29:00,4096.396,sl 4096.420,-4.94,459.78,4.916000000000167,-1.004882017900698,14.0,4096.42,False,sl,breakout
cmpv115_breakout_2026-07-27__M15sig,2026-07-27,M15sig,2026-07-31 00:30:00,BUY,4096.608,4091.409,2026-07-31 00:40:52,4091.392,sl 4091.409,-5.22,454.56,5.199000000000069,-1.0040392383150472,10.866666666666667,4091.409,False,sl,breakout
cmpv115_breakout_2026-07-27__M15sig,2026-07-27,M15sig,2026-07-31 00:45:00,BUY,4093.031,4087.856,2026-07-31 01:12:20,4093.22,sl 4093.244,0.19,454.75,5.174999999999727,0.03671497584541256,27.333333333333332,4093.244,True,sl,breakout
cmpv115_breakout_2026-07-27__M15sig,2026-07-27,M15sig,2026-07-31 01:45:00,BUY,4085.877,4079.854,2026-07-31 02:41:42,4080.419,sl 4080.450,-5.46,449.29,6.023000000000138,-0.9065249875477128,56.7,4080.45,True,sl,breakout
cmpv115_breakout_2026-07-27__M15sig,2026-07-27,M15sig,2026-07-31 03:00:00,BUY,4076.422,4069.168,2026-07-31 05:46:02,4074.923,sl 4074.934,-1.5,447.79,7.253999999999905,-0.20678246484698368,166.03333333333333,4074.934,True,sl,breakout
cmpv115_breakout_2026-07-27__M15sig,2026-07-27,M15sig,2026-07-31 07:00:00,BUY,4077.879,4072.73,2026-07-31 07:29:46,4072.705,sl 4072.730,-5.17,442.62,5.148999999999887,-1.004078461837272,29.766666666666666,4072.73,False,sl,breakout
cmpv115_breakout_2026-07-27__M15sig,2026-07-27,M15sig,2026-07-31 08:00:00,BUY,4067.987,4062.37,2026-07-31 08:12:44,4062.168,sl 4062.370,-5.82,436.8,5.617000000000189,-1.0361402884101485,12.733333333333333,4062.37,False,sl,breakout
cmpv115_breakout_2026-07-27__M15sig,2026-07-27,M15sig,2026-07-31 08:15:00,SELL,4062.335,4068.285,2026-07-31 08:57:34,4063.763,sl 4063.755,-1.42,435.38,5.949999999999818,-0.23865546218488123,42.56666666666667,4063.755,True,sl,breakout
cmpv115_breakout_2026-07-27__M15sig,2026-07-27,M15sig,2026-07-31 09:15:00,SELL,4056.897,4063.807,2026-07-31 11:24:56,4061.079,sl 4061.065,-4.18,431.2,6.9099999999998545,-0.6049204052098535,129.93333333333334,4061.065,True,sl,breakout
cmpv115_breakout_2026-07-27__M15sig,2026-07-27,M15sig,2026-07-31 11:45:00,SELL,4052.11,4058.357,2026-07-31 12:05:00,4058.415,sl 4058.357,-6.31,424.89,6.246999999999844,-1.0100848407235725,20.0,4058.357,False,sl,breakout
cmpv115_breakout_2026-07-27__M15sig,2026-07-27,M15sig,2026-07-31 12:30:00,SELL,4047.533,4053.801,2026-07-31 13:22:17,4045.034,sl 4044.367,2.5,427.39,6.268000000000029,0.39885130823228915,52.28333333333333,4044.367,True,sl,breakout
cmpv115_breakout_2026-07-27__M15sig,2026-07-27,M15sig,2026-07-31 13:45:00,SELL,4025.253,4033.446,2026-07-31 14:16:58,4033.544,sl 4033.446,-8.29,419.1,8.192999999999756,-1.0118393750763146,31.966666666666665,4033.446,False,sl,breakout
cmpv115_breakout_2026-07-27__M15sig,2026-07-27,M15sig,2026-07-31 15:00:00,SELL,4049.1,4058.886,2026-07-31 17:29:07,4052.3,sl 4052.298,-3.2,415.9,9.786000000000058,-0.3269977518904538,149.11666666666667,4052.298,True,sl,breakout
cmpv115_breakout_2026-07-27__M15sig,2026-07-27,M15sig,2026-07-31 17:30:00,SELL,4050.521,4058.389,2026-07-31 19:45:08,4055.866,sl 4055.668,-5.35,410.55,7.867999999999938,-0.6799694966954807,135.13333333333333,4055.668,True,sl,breakout
cmpv115_breakout_2026-07-27__M15sig,2026-07-27,M15sig,2026-07-31 20:30:00,SELL,4047.938,4053.212,2026-07-31 20:36:11,4053.255,sl 4053.212,-5.32,405.23,5.273999999999887,-1.0087220326128392,6.183333333333334,4053.212,False,sl,breakout
cmpv115_swing_2026-07-27__M15sig,2026-07-27,M15sig,2026-07-27 05:45:52,BUY,4085.182,4081.226,2026-07-27 07:41:18,4098.113,sl 4098.177,12.93,512.93,3.955999999999676,3.2684529828111875,115.43333333333334,4098.177,True,sl,swing
cmpv115_swing_2026-07-27__M15sig,2026-07-27,M15sig,2026-07-29 01:39:43,SELL,4030.49,4032.635,2026-07-29 02:22:31,4032.847,sl 4032.635,-2.36,510.57,2.1450000000004366,-1.1002331002328762,42.8,4032.635,False,sl,swing
cmpv115_swing_2026-07-27__M15sig,2026-07-27,M15sig,2026-07-29 03:00:01,SELL,4030.086,4032.657,2026-07-29 03:08:36,4032.907,sl 4032.657,-2.82,507.75,2.5710000000003674,-1.0968494749123285,8.583333333333334,4032.657,False,sl,swing
cmpv115_swing_2026-07-27__M15sig,2026-07-27,M15sig,2026-07-29 12:17:17,BUY,4020.479,4018.047,2026-07-29 12:20:20,4017.997,sl 4018.047,-2.48,505.27,2.431999999999789,-1.0197368421053516,3.05,4018.047,False,sl,swing
cmpv115_swing_2026-07-27__M15sig,2026-07-27,M15sig,2026-07-29 17:04:51,SELL,4036.19,4039.204,2026-07-29 17:06:40,4039.234,sl 4039.204,-3.04,502.23,3.0140000000001237,-1.0086264100862228,1.8166666666666667,4039.204,False,sl,swing
cmpv115_swing_2026-07-27__M15sig,2026-07-27,M15sig,2026-07-30 05:01:50,BUY,4042.441,4035.413,2026-07-30 05:37:03,4039.172,sl 4039.369,-3.27,498.96,7.027999999999793,-0.465281730221983,35.21666666666667,4039.369,True,sl,swing
cmpv115_swing_2026-07-27__M15sig,2026-07-27,M15sig,2026-07-30 08:05:47,SELL,4047.785,4051.831,2026-07-30 08:07:21,4051.965,sl 4051.831,-4.18,494.78,4.0460000000002765,-1.0331191300048725,1.5666666666666667,4051.831,False,sl,swing
cmpv115_swing_2026-07-27__M15sig,2026-07-27,M15sig,2026-07-31 00:21:27,BUY,4098.927,4095.825,2026-07-31 00:29:01,4096.338,sl 4096.376,-2.59,492.19,3.1019999999998618,-0.8349451966473614,7.566666666666666,4096.376,True,sl,swing
cmpv115_swing_2026-07-27__M15sig,2026-07-27,M15sig,2026-07-31 17:29:12,SELL,4052.883,4056.178,2026-07-31 19:45:08,4055.866,sl 4055.668,-2.99,489.2,3.2950000000000728,-0.9074355083459588,135.93333333333334,4055.668,True,sl,swing
cmpv115_breakout_2026-08-03__M15sig,2026-08-03,M15sig,2026-08-03 00:15:00,BUY,4072.059,4063.581,2026-08-03 00:26:15,4063.395,sl 4063.581,-8.66,491.34,8.478000000000065,-1.0214673271998034,11.25,4063.581,False,sl,breakout
cmpv115_breakout_2026-08-03__M15sig,2026-08-03,M15sig,2026-08-03 00:45:00,SELL,4058.398,4067.791,2026-08-03 02:48:29,4062.41,sl 4062.318,-4.01,487.33,9.393000000000029,-0.4269136591078449,123.48333333333333,4062.318,True,sl,breakout
cmpv115_breakout_2026-08-03__M15sig,2026-08-03,M15sig,2026-08-03 03:00:00,BUY,4062.417,4053.728,2026-08-03 05:05:19,4061.655,sl 4061.752,-0.76,486.57,8.68899999999985,-0.0874669121878252,125.31666666666666,4061.752,True,sl,breakout
cmpv115_breakout_2026-08-03__M15sig,2026-08-03,M15sig,2026-08-03 05:15:00,SELL,4057.474,4064.165,2026-08-03 05:42:51,4064.453,sl 4064.165,-6.98,479.59,6.6909999999998035,-1.043192347930086,27.85,4064.165,False,sl,breakout
cmpv115_breakout_2026-08-03__M15sig,2026-08-03,M15sig,2026-08-03 06:30:00,BUY,4068.549,4061.839,2026-08-03 06:34:34,4061.767,sl 4061.839,-6.78,472.81,6.710000000000036,-1.0104321907600542,4.566666666666666,4061.839,False,sl,breakout
cmpv115_breakout_2026-08-03__M15sig,2026-08-03,M15sig,2026-08-03 07:30:00,SELL,4057.935,4065.028,2026-08-03 09:49:42,4056.473,sl 4056.457,1.47,474.28,7.092999999999847,0.20724658113633607,139.7,4056.457,True,sl,breakout
cmpv115_breakout_2026-08-03__M15sig,2026-08-03,M15sig,2026-08-03 10:00:00,SELL,4055.424,4061.677,2026-08-03 11:42:49,4054.356,sl 4054.283,1.06,475.34,6.253000000000156,0.16951863105708836,102.81666666666666,4054.283,True,sl,breakout
cmpv115_breakout_2026-08-03__M15sig,2026-08-03,M15sig,2026-08-03 12:00:00,BUY,4062.652,4056.625,2026-08-03 12:13:06,4056.586,sl 4056.625,-6.06,469.28,6.027000000000044,-1.0054753608760505,13.1,4056.625,False,sl,breakout
cmpv115_breakout_2026-08-03__M15sig,2026-08-03,M15sig,2026-08-03 12:15:00,SELL,4056.007,4062.328,2026-08-03 13:00:11,4052.696,sl 4052.613,3.31,472.59,6.320999999999913,0.523651320993521,45.18333333333333,4052.613,True,sl,breakout
cmpv115_breakout_2026-08-03__M15sig,2026-08-03,M15sig,2026-08-03 13:15:00,SELL,4038.885,4046.175,2026-08-03 13:41:38,4030.766,sl 4030.541,8.12,480.71,7.289999999999964,1.1138545953360823,26.633333333333333,4030.541,True,sl,breakout
cmpv115_breakout_2026-08-03__M15sig,2026-08-03,M15sig,2026-08-03 14:00:00,SELL,4032.385,4041.026,2026-08-03 15:46:33,4040.001,sl 4039.955,-7.61,473.1,8.640999999999622,-0.8806851058905605,106.55,4039.955,True,sl,breakout
cmpv115_breakout_2026-08-03__M15sig,2026-08-03,M15sig,2026-08-03 16:00:00,SELL,4036.209,4044.902,2026-08-03 18:10:17,4037.828,sl 4037.611,-1.62,471.48,8.693000000000211,-0.18635683883584042,130.28333333333333,4037.611,True,sl,breakout
cmpv115_breakout_2026-08-03__M15sig,2026-08-03,M15sig,2026-08-03 18:15:01,SELL,4035.108,4040.446,2026-08-03 18:44:50,4040.611,sl 4040.446,-5.5,465.98,5.337999999999738,-1.0303484451105789,29.816666666666666,4040.446,False,sl,breakout
cmpv115_breakout_2026-08-03__M15sig,2026-08-03,M15sig,2026-08-03 19:00:00,SELL,4043.382,4048.261,2026-08-03 19:01:20,4048.261,sl 4048.261,-4.88,461.1,4.878999999999905,-1.000204960032813,1.3333333333333333,4048.261,False,sl,breakout
cmpv115_breakout_2026-08-03__M15sig,2026-08-03,M15sig,2026-08-03 19:15:00,SELL,4046.116,4050.848,2026-08-03 19:21:56,4050.863,sl 4050.848,-4.74,456.36,4.731999999999971,-1.0016906170752387,6.933333333333334,4050.848,False,sl,breakout
cmpv115_breakout_2026-08-03__M15sig,2026-08-03,M15sig,2026-08-03 19:30:00,SELL,4053.112,4058.024,2026-08-03 20:33:14,4058.411,sl 4058.024,-5.3,451.06,4.911999999999807,-1.0789902280130717,63.233333333333334,4058.024,False,sl,breakout
cmpv115_breakout_2026-08-03__M15sig,2026-08-03,M15sig,2026-08-03 20:45:00,SELL,4056.374,4061.429,2026-08-04 00:00:41,4056.883,sl 4056.841,-0.51,450.55,5.055000000000291,-0.10089020771512773,195.68333333333334,4056.841,True,sl,breakout
cmpv115_breakout_2026-08-03__M15sig,2026-08-03,M15sig,2026-08-04 00:15:00,BUY,4064.011,4059.6,2026-08-04 00:23:25,4059.563,sl 4059.600,-4.45,446.1,4.411000000000058,-1.0088415325322924,8.416666666666666,4059.6,False,sl,breakout
cmpv115_breakout_2026-08-03__M15sig,2026-08-03,M15sig,2026-08-04 00:30:00,SELL,4059.197,4063.79,2026-08-04 01:06:39,4043.855,,15.34,461.44,4.592999999999847,3.3398650119748554,36.65,,False,other,breakout
cmpv115_breakout_2026-08-03__M15sig,2026-08-03,M15sig,2026-08-04 01:30:00,SELL,4049.082,4054.653,2026-08-04 01:36:28,4054.667,sl 4054.653,-5.59,455.85,5.570999999999913,-1.0034105187578688,6.466666666666667,4054.653,False,sl,breakout
cmpv115_breakout_2026-08-03__M15sig,2026-08-03,M15sig,2026-08-04 02:00:00,SELL,4058.819,4065.046,2026-08-04 02:39:16,4065.211,sl 4065.046,-6.39,449.46,6.226999999999862,-1.0261763288903392,39.266666666666666,4065.046,False,sl,breakout
cmpv115_breakout_2026-08-03__M15sig,2026-08-03,M15sig,2026-08-04 03:30:00,SELL,4058.015,4065.226,2026-08-04 04:28:35,4061.061,sl 4061.022,-3.04,446.42,7.21100000000024,-0.4215781445014421,58.583333333333336,4061.022,True,sl,breakout
cmpv115_breakout_2026-08-03__M15sig,2026-08-03,M15sig,2026-08-04 06:00:00,BUY,4062.188,4056.479,2026-08-04 06:31:01,4057.336,sl 4057.501,-4.85,441.57,5.709000000000287,-0.8495358206340436,31.016666666666666,4057.501,True,sl,breakout
cmpv115_breakout_2026-08-03__M15sig,2026-08-03,M15sig,2026-08-04 06:45:00,BUY,4060.158,4054.726,2026-08-04 08:22:38,4064.633,sl 4064.636,4.47,446.04,5.431999999999789,0.822901325478677,97.63333333333334,4064.636,True,sl,breakout
cmpv115_breakout_2026-08-03__M15sig,2026-08-03,M15sig,2026-08-04 08:30:00,BUY,4063.431,4057.412,2026-08-04 08:46:37,4057.4,sl 4057.412,-6.03,440.01,6.019000000000233,-1.0018275461039652,16.616666666666667,4057.412,False,sl,breakout
cmpv115_breakout_2026-08-03__M15sig,2026-08-03,M15sig,2026-08-04 10:00:00,SELL,4049.616,4055.111,2026-08-04 10:44:42,4054.079,sl 4054.037,-4.46,435.55,5.494999999999891,-0.8116469517743564,44.7,4054.037,True,sl,breakout
cmpv115_breakout_2026-08-03__M15sig,2026-08-03,M15sig,2026-08-04 10:45:00,SELL,4052.633,4058.169,2026-08-04 10:45:30,4058.226,sl 4058.169,-5.6,429.95,5.536000000000058,-1.0115606936416077,0.5,4058.169,False,sl,breakout
cmpv115_breakout_2026-08-03__M15sig,2026-08-03,M15sig,2026-08-04 11:00:00,SELL,4053.963,4059.746,2026-08-04 11:25:19,4059.777,sl 4059.746,-5.82,424.13,5.782999999999902,-1.0063980632889675,25.316666666666666,4059.746,False,sl,breakout
cmpv115_breakout_2026-08-03__M15sig,2026-08-03,M15sig,2026-08-04 13:15:00,BUY,4064.106,4054.894,2026-08-04 13:31:42,4077.161,sl 4077.242,13.05,437.18,9.212000000000444,1.4166304819799578,16.7,4077.242,True,sl,breakout
cmpv115_breakout_2026-08-03__M15sig,2026-08-03,M15sig,2026-08-04 14:15:00,BUY,4090.221,4077.648,2026-08-04 14:34:52,4077.51,sl 4077.648,-12.71,424.47,12.572999999999865,-1.0108963652270848,19.866666666666667,4077.648,False,sl,breakout
cmpv115_breakout_2026-08-03__M15sig,2026-08-03,M15sig,2026-08-04 14:45:00,BUY,4080.221,4067.016,2026-08-04 17:06:18,4106.177,,25.96,450.43,13.204999999999927,1.965921999242722,141.3,,False,other,breakout
cmpv115_breakout_2026-08-03__M15sig,2026-08-03,M15sig,2026-08-04 17:30:00,BUY,4094.969,4086.808,2026-08-04 17:59:16,4086.743,sl 4086.808,-8.23,442.2,8.161000000000058,-1.0084548462198188,29.266666666666666,4086.808,False,sl,breakout
cmpv115_breakout_2026-08-03__M15sig,2026-08-03,M15sig,2026-08-04 18:00:00,BUY,4086.331,4078.496,2026-08-04 18:39:47,4078.486,sl 4078.496,-7.84,434.36,7.835000000000036,-1.000638162093167,39.78333333333333,4078.496,False,sl,breakout
cmpv115_breakout_2026-08-03__M15sig,2026-08-03,M15sig,2026-08-04 19:00:00,BUY,4079.918,4072.851,2026-08-04 20:22:52,4074.633,sl 4074.646,-5.29,429.07,7.067000000000007,-0.7485495967171352,82.86666666666666,4074.646,True,sl,breakout
cmpv115_breakout_2026-08-03__M15sig,2026-08-03,M15sig,2026-08-04 20:30:00,BUY,4075.685,4069.327,2026-08-04 22:56:53,4078.766,sl 4078.798,3.08,432.15,6.35799999999972,0.484429065743966,146.88333333333333,4078.798,True,sl,breakout
cmpv115_breakout_2026-08-03__M15sig,2026-08-03,M15sig,2026-08-04 23:15:00,BUY,4073.446,4068.412,2026-08-04 23:24:49,4068.381,sl 4068.412,-5.07,427.08,5.0340000000001055,-1.0071513706793591,9.816666666666666,4068.412,False,sl,breakout
cmpv115_breakout_2026-08-03__M15sig,2026-08-03,M15sig,2026-08-04 23:45:00,BUY,4069.581,4064.427,2026-08-05 01:11:16,4086.126,,16.55,443.1,5.153999999999996,3.2110981761738477,86.26666666666667,,False,other,breakout
cmpv115_breakout_2026-08-03__M15sig,2026-08-03,M15sig,2026-08-05 01:30:00,BUY,4084.713,4078.496,2026-08-05 02:25:50,4107.07,,22.36,465.46,6.217000000000098,3.5965899951744644,55.833333333333336,,False,other,breakout
cmpv115_breakout_2026-08-03__M15sig,2026-08-03,M15sig,2026-08-05 03:00:00,BUY,4129.49,4120.329,2026-08-05 05:44:16,4154.786,,25.3,490.76,9.161000000000058,2.7617072372011613,164.26666666666668,,False,other,breakout
cmpv115_breakout_2026-08-03__M15sig,2026-08-03,M15sig,2026-08-05 06:00:00,BUY,4161.735,4152.121,2026-08-05 07:13:11,4166.209,sl 4166.209,4.47,495.23,9.613999999999578,0.4649469523611604,73.18333333333334,4166.209,True,sl,breakout
cmpv115_breakout_2026-08-03__M15sig,2026-08-03,M15sig,2026-08-05 08:00:00,BUY,4170.814,4161.253,2026-08-05 08:41:12,4161.22,sl 4161.253,-9.59,485.64,9.561000000000604,-1.003033155527601,41.2,4161.253,False,sl,breakout
cmpv115_breakout_2026-08-03__M15sig,2026-08-03,M15sig,2026-08-05 09:15:00,BUY,4163.242,4154.071,2026-08-05 09:56:51,4153.879,sl 4154.071,-9.36,476.28,9.171000000000276,-1.0206084396466817,41.85,4154.071,False,sl,breakout
cmpv115_breakout_2026-08-03__M15sig,2026-08-03,M15sig,2026-08-05 10:30:00,BUY,4156.834,4149.544,2026-08-05 11:28:02,4178.201,,21.37,497.65,7.289999999999964,2.931412894375872,58.03333333333333,,False,other,breakout
cmpv115_breakout_2026-08-03__M15sig,2026-08-03,M15sig,2026-08-05 11:30:00,BUY,4176.314,4168.935,2026-08-05 12:16:44,4201.858,,25.55,523.2,7.378999999999905,3.462528797940145,46.733333333333334,,False,other,breakout
cmpv115_breakout_2026-08-03__M15sig,2026-08-03,M15sig,2026-08-05 13:00:00,BUY,4184.192,4174.063,2026-08-05 14:07:49,4220.824,,36.63,559.83,10.128999999999905,3.616349096653208,67.81666666666666,,False,other,breakout
cmpv115_breakout_2026-08-03__M15sig,2026-08-03,M15sig,2026-08-05 14:15:00,BUY,4229.69,4215.551,2026-08-05 15:52:34,4241.909,sl 4241.948,12.22,572.05,14.138999999999214,0.8642761157083726,97.56666666666666,4241.948,True,sl,breakout
cmpv115_breakout_2026-08-03__M15sig,2026-08-03,M15sig,2026-08-05 16:15:00,BUY,4234.356,4218.602,2026-08-05 19:19:42,4250.515,sl 4250.613,16.16,588.21,15.753999999999905,1.025771232702812,184.7,4250.613,True,sl,breakout
cmpv115_breakout_2026-08-03__M15sig,2026-08-03,M15sig,2026-08-05 19:45:00,BUY,4253.259,4244.98,2026-08-05 20:44:49,4244.932,sl 4244.980,-8.33,579.88,8.279000000000451,-1.0061601642709923,59.81666666666667,4244.98,False,sl,breakout
cmpv115_breakout_2026-08-03__M15sig,2026-08-03,M15sig,2026-08-05 22:15:00,BUY,4247.865,4241.035,2026-08-05 23:29:25,4263.673,,15.8,595.68,6.829999999999927,2.3133235724744026,74.41666666666667,,False,other,breakout
cmpv115_breakout_2026-08-03__M15sig,2026-08-03,M15sig,2026-08-05 23:45:00,BUY,4280.888,4274.387,2026-08-05 23:47:34,4274.337,sl 4274.387,-6.55,589.13,6.501000000000204,-1.007537301953514,2.566666666666667,4274.387,False,sl,breakout
cmpv115_breakout_2026-08-03__M15sig,2026-08-03,M15sig,2026-08-06 00:30:00,BUY,4274.323,4266.695,2026-08-06 00:55:56,4300.288,,25.97,615.1,7.628000000000611,3.4045621394858308,25.933333333333334,,False,other,breakout
cmpv115_breakout_2026-08-03__M15sig,2026-08-03,M15sig,2026-08-06 01:00:00,BUY,4294.956,4285.611,2026-08-06 01:05:58,4288.861,sl 4288.873,-6.1,609.0,9.345000000000255,-0.6527554842161406,5.966666666666667,4288.873,True,sl,breakout
cmpv115_breakout_2026-08-03__M15sig,2026-08-03,M15sig,2026-08-06 01:15:00,BUY,4284.913,4274.281,2026-08-06 01:22:14,4274.237,sl 4274.281,-10.67,598.33,10.631999999999607,-1.003574115876636,7.233333333333333,4274.281,False,sl,breakout
cmpv115_breakout_2026-08-03__M15sig,2026-08-03,M15sig,2026-08-06 01:30:00,BUY,4276.322,4264.882,2026-08-06 02:30:20,4283.987,sl 4284.081,7.67,606.0,11.44000000000051,0.6704545454545155,60.333333333333336,4284.081,True,sl,breakout
cmpv115_breakout_2026-08-03__M15sig,2026-08-03,M15sig,2026-08-06 02:45:00,BUY,4286.187,4270.999,2026-08-06 03:15:47,4270.999,sl 4270.999,-15.19,590.81,15.188000000000102,-1.000131682907552,30.783333333333335,4270.999,False,sl,breakout
cmpv115_breakout_2026-08-03__M15sig,2026-08-03,M15sig,2026-08-06 03:30:00,BUY,4266.352,4251.551,2026-08-06 05:30:01,4251.487,sl 4251.551,-14.86,575.95,14.800999999999476,-1.0039862171475256,120.01666666666667,4251.551,False,sl,breakout
cmpv115_breakout_2026-08-03__M15sig,2026-08-03,M15sig,2026-08-06 06:00:00,BUY,4267.25,4258.426,2026-08-06 06:12:28,4258.401,sl 4258.426,-8.85,567.1,8.823999999999614,-1.002946509519536,12.466666666666667,4258.426,False,sl,breakout
cmpv115_breakout_2026-08-03__M15sig,2026-08-03,M15sig,2026-08-06 06:45:00,BUY,4257.103,4248.519,2026-08-06 07:52:44,4252.454,sl 4252.538,-4.65,562.45,8.583999999999833,-0.541705498602061,67.73333333333333,4252.538,True,sl,breakout
cmpv115_breakout_2026-08-03__M15sig,2026-08-03,M15sig,2026-08-06 08:15:00,BUY,4268.99,4260.021,2026-08-06 09:44:57,4271.766,sl 4271.930,2.78,565.23,8.969000000000051,0.30995651689151343,89.95,4271.93,True,sl,breakout
cmpv115_breakout_2026-08-03__M15sig,2026-08-03,M15sig,2026-08-06 10:15:00,BUY,4269.606,4261.487,2026-08-06 11:23:30,4262.049,sl 4262.152,-7.56,557.67,8.118999999999687,-0.9311491563000728,68.5,4262.152,True,sl,breakout
cmpv115_breakout_2026-08-03__M15sig,2026-08-03,M15sig,2026-08-06 12:00:00,BUY,4263.334,4255.746,2026-08-06 12:11:40,4255.704,sl 4255.746,-7.63,550.04,7.587999999999738,-1.0055350553505882,11.666666666666666,4255.746,False,sl,breakout
cmpv115_breakout_2026-08-03__M15sig,2026-08-03,M15sig,2026-08-06 13:00:00,BUY,4250.471,4241.411,2026-08-06 13:08:25,4242.354,sl 4242.471,-8.12,541.92,9.05999999999949,-0.8962472406181519,8.416666666666666,4242.471,True,sl,breakout
cmpv115_breakout_2026-08-03__M15sig,2026-08-03,M15sig,2026-08-06 13:15:00,BUY,4238.396,4228.391,2026-08-06 13:42:35,4270.036,,31.64,573.56,10.00500000000011,3.1624187906046632,27.583333333333332,,False,other,breakout
cmpv115_breakout_2026-08-03__M15sig,2026-08-03,M15sig,2026-08-06 13:45:00,BUY,4270.599,4258.404,2026-08-06 15:17:13,4258.395,sl 4258.404,-12.2,561.36,12.194999999999709,-1.0004100041000648,92.21666666666667,4258.404,False,sl,breakout
cmpv115_breakout_2026-08-03__M15sig,2026-08-03,M15sig,2026-08-06 15:45:00,BUY,4251.595,4237.634,2026-08-06 15:54:25,4237.596,sl 4237.634,-14.0,547.36,13.96100000000024,-1.002793496167879,9.416666666666666,4237.634,False,sl,breakout
cmpv115_breakout_2026-08-03__M15sig,2026-08-03,M15sig,2026-08-06 16:15:00,BUY,4232.885,4218.05,2026-08-06 19:25:04,4238.75,sl 4238.790,5.86,553.22,14.835000000000036,0.3950117964273668,190.06666666666666,4238.79,True,sl,breakout
cmpv115_breakout_2026-08-03__M15sig,2026-08-03,M15sig,2026-08-06 19:30:00,BUY,4237.434,4229.904,2026-08-06 20:27:22,4239.944,sl 4239.968,2.51,555.73,7.529999999999745,0.3333333333333446,57.36666666666667,4239.968,True,sl,breakout
cmpv115_breakout_2026-08-03__M15sig,2026-08-03,M15sig,2026-08-06 22:00:31,BUY,4240.127,4232.427,2026-08-07 00:16:28,4242.667,sl 4242.888,2.54,557.74,7.700000000000728,0.3298701298700987,135.95,4242.888,True,sl,breakout
cmpv115_breakout_2026-08-03__M15sig,2026-08-03,M15sig,2026-08-07 01:00:00,BUY,4232.784,4226.226,2026-08-07 01:30:59,4239.444,sl 4239.475,6.66,564.4,6.557999999999993,1.0155535224153718,30.983333333333334,4239.475,True,sl,breakout
cmpv115_breakout_2026-08-03__M15sig,2026-08-03,M15sig,2026-08-07 02:00:00,BUY,4256.94,4248.291,2026-08-07 02:45:25,4248.266,sl 4248.291,-8.67,555.73,8.648999999999432,-1.0024280263614949,45.416666666666664,4248.291,False,sl,breakout
cmpv115_breakout_2026-08-03__M15sig,2026-08-03,M15sig,2026-08-07 03:00:00,BUY,4250.438,4240.848,2026-08-07 05:33:12,4272.203,,21.76,577.49,9.590000000000146,2.2690302398331252,153.2,,False,other,breakout
cmpv115_breakout_2026-08-03__M15sig,2026-08-03,M15sig,2026-08-07 05:45:01,BUY,4271.759,4264.092,2026-08-07 06:57:21,4297.237,,25.48,602.97,7.667000000000371,3.3233337680968784,72.33333333333333,,False,other,breakout
cmpv115_breakout_2026-08-03__M15sig,2026-08-03,M15sig,2026-08-07 07:30:00,BUY,4285.729,4276.664,2026-08-07 08:34:10,4314.184,,28.45,631.42,9.06500000000051,3.138444567015819,64.16666666666667,,False,other,breakout
cmpv115_breakout_2026-08-03__M15sig,2026-08-03,M15sig,2026-08-07 08:45:00,BUY,4309.231,4298.812,2026-08-07 12:15:16,4313.878,sl 4313.900,4.65,636.07,10.418999999999869,0.4463000287935559,210.26666666666668,4313.9,True,sl,breakout
cmpv115_breakout_2026-08-03__M15sig,2026-08-03,M15sig,2026-08-07 13:45:00,BUY,4358.92,4343.708,2026-08-07 13:57:05,4343.685,sl 4343.708,-15.23,620.84,15.212000000000444,-1.0011832763607387,12.083333333333334,4343.708,False,sl,breakout
cmpv115_breakout_2026-08-03__M15sig,2026-08-03,M15sig,2026-08-07 14:00:00,BUY,4348.373,4332.364,2026-08-07 14:05:01,4332.284,sl 4332.364,-16.09,604.75,16.009000000000015,-1.0050596539446552,5.016666666666667,4332.364,False,sl,breakout
cmpv115_breakout_2026-08-03__M15sig,2026-08-03,M15sig,2026-08-07 15:00:00,BUY,4341.878,4323.612,2026-08-07 16:56:51,4329.964,sl 4330.156,-11.92,592.83,18.26599999999962,-0.6525785612613734,116.85,4330.156,True,sl,breakout
cmpv115_breakout_2026-08-03__M15sig,2026-08-03,M15sig,2026-08-07 17:00:00,BUY,4329.229,4315.699,2026-08-07 20:30:16,4336.181,sl 4336.268,6.95,599.78,13.530000000000655,0.5136733185513425,210.26666666666668,4336.268,True,sl,breakout
cmpv115_swing_2026-08-03__M15sig,2026-08-03,M15sig,2026-08-03 18:44:51,SELL,4041.091,4044.202,2026-08-03 18:54:12,4044.217,sl 4044.202,-3.13,496.87,3.111000000000331,-1.0061073609770708,9.35,4044.202,False,sl,swing
cmpv115_swing_2026-08-03__M15sig,2026-08-03,M15sig,2026-08-04 00:09:10,SELL,4064.741,4067.71,2026-08-04 00:09:18,4067.971,sl 4067.710,-3.23,493.64,2.969000000000051,-1.087908386662157,0.13333333333333333,4067.71,False,sl,swing
cmpv115_swing_2026-08-03__M15sig,2026-08-03,M15sig,2026-08-04 09:07:03,BUY,4050.953,4048.344,2026-08-04 09:35:27,4048.316,sl 4048.344,-2.63,491.01,2.6089999999999236,-1.0080490609429196,28.4,4048.344,False,sl,swing
cmpv115_swing_2026-08-03__M15sig,2026-08-03,M15sig,2026-08-06 06:40:01,BUY,4252.701,4247.373,2026-08-06 07:52:44,4252.454,sl 4252.538,-0.25,490.76,5.328000000000429,-0.046921921921918144,72.71666666666667,4252.538,True,sl,swing
cmpv115_breakout_2026-08-10__M15sig,2026-08-10,M15sig,2026-08-10 00:00:00,BUY,4332.84,4325.683,2026-08-10 00:33:39,4335.774,sl 4335.799,2.93,502.93,7.157000000000153,0.4093894089702302,33.65,4335.799,True,sl,breakout
cmpv115_breakout_2026-08-10__M15sig,2026-08-10,M15sig,2026-08-10 00:45:00,BUY,4334.808,4327.093,2026-08-10 01:00:11,4327.04,sl 4327.093,-7.77,495.16,7.7150000000001455,-1.0071289695398384,15.183333333333334,4327.093,False,sl,breakout
cmpv115_breakout_2026-08-10__M15sig,2026-08-10,M15sig,2026-08-10 01:30:00,BUY,4316.666,4307.409,2026-08-10 03:00:56,4318.439,sl 4318.443,1.77,496.93,9.257000000000517,0.19120665442366871,90.93333333333334,4318.443,True,sl,breakout
cmpv115_breakout_2026-08-10__M15sig,2026-08-10,M15sig,2026-08-10 03:15:00,BUY,4320.183,4310.69,2026-08-10 05:34:50,4340.965,,20.79,517.72,9.493000000000393,2.190034762456456,139.83333333333334,,False,other,breakout
cmpv115_breakout_2026-08-10__M15sig,2026-08-10,M15sig,2026-08-10 05:45:00,BUY,4343.681,4336.334,2026-08-10 08:33:45,4349.615,sl 4349.799,5.94,523.66,7.346999999999753,0.8084932625561726,168.75,4349.799,True,sl,breakout
cmpv115_breakout_2026-08-10__M15sig,2026-08-10,M15sig,2026-08-10 09:30:00,BUY,4347.294,4340.312,2026-08-10 09:36:21,4340.261,sl 4340.312,-7.03,516.63,6.981999999999971,-1.0068748209682081,6.35,4340.312,False,sl,breakout
cmpv115_breakout_2026-08-10__M15sig,2026-08-10,M15sig,2026-08-10 10:00:00,BUY,4341.23,4334.53,2026-08-10 11:04:55,4334.391,sl 4334.530,-6.84,509.79,6.699999999999818,-1.0208955223880873,64.91666666666667,4334.53,False,sl,breakout
cmpv115_breakout_2026-08-10__M15sig,2026-08-10,M15sig,2026-08-10 11:30:00,BUY,4334.777,4329.039,2026-08-10 12:16:05,4330.426,sl 4330.596,-4.35,505.44,5.738000000000284,-0.7581038689438453,46.083333333333336,4330.596,True,sl,breakout
cmpv115_breakout_2026-08-10__M15sig,2026-08-10,M15sig,2026-08-10 13:30:00,BUY,4335.139,4328.464,2026-08-10 13:46:00,4329.452,sl 4329.523,-5.69,499.75,6.675000000000182,-0.8524344569288158,16.0,4329.523,True,sl,breakout
cmpv115_breakout_2026-08-10__M15sig,2026-08-10,M15sig,2026-08-10 14:00:00,BUY,4318.337,4310.369,2026-08-10 14:26:04,4343.73,,25.39,525.14,7.968000000000757,3.1864959839354405,26.066666666666666,,False,other,breakout
cmpv115_breakout_2026-08-10__M15sig,2026-08-10,M15sig,2026-08-10 15:15:00,BUY,4347.129,4337.256,2026-08-10 16:32:01,4349.823,sl 4349.865,2.69,527.83,9.872999999999593,0.27246024511294553,77.01666666666667,4349.865,True,sl,breakout
cmpv115_breakout_2026-08-10__M15sig,2026-08-10,M15sig,2026-08-10 17:15:00,BUY,4357.104,4347.56,2026-08-10 18:31:25,4377.669,,20.57,548.4,9.543999999999869,2.1552808046940783,76.41666666666667,,False,other,breakout
cmpv115_breakout_2026-08-10__M15sig,2026-08-10,M15sig,2026-08-10 18:45:00,BUY,4379.8,4372.314,2026-08-10 22:51:37,4399.089,,19.29,567.69,7.485999999999876,2.5768100454181564,246.61666666666667,,False,other,breakout
cmpv115_breakout_2026-08-10__M15sig,2026-08-10,M15sig,2026-08-10 23:30:00,BUY,4395.575,4390.239,2026-08-11 00:23:44,4411.134,,15.55,582.71,5.33600000000024,2.914167916041848,53.733333333333334,,False,other,breakout
cmpv115_breakout_2026-08-10__M15sig,2026-08-10,M15sig,2026-08-11 01:15:00,BUY,4414.664,4407.294,2026-08-11 02:09:57,4421.752,sl 4421.793,7.09,589.8,7.369999999999891,0.962008141112633,54.95,4421.793,True,sl,breakout
cmpv115_breakout_2026-08-10__M15sig,2026-08-10,M15sig,2026-08-11 02:15:00,BUY,4433.964,4424.103,2026-08-11 02:33:23,4424.057,sl 4424.103,-9.9,579.9,9.860999999999876,-1.0039549741405662,18.383333333333333,4424.103,False,sl,breakout
cmpv115_breakout_2026-08-10__M15sig,2026-08-10,M15sig,2026-08-11 03:15:00,BUY,4413.475,4401.955,2026-08-11 04:55:24,4404.685,sl 4404.723,-8.79,571.11,11.520000000000437,-0.7630208333333044,100.4,4404.723,True,sl,breakout
cmpv115_breakout_2026-08-10__M15sig,2026-08-10,M15sig,2026-08-11 05:00:00,BUY,4408.968,4399.309,2026-08-11 05:12:12,4399.203,sl 4399.309,-9.77,561.34,9.65899999999965,-1.0114918728647224,12.2,4399.309,False,sl,breakout
cmpv115_breakout_2026-08-10__M15sig,2026-08-10,M15sig,2026-08-11 05:15:00,BUY,4402.458,4392.646,2026-08-11 05:26:02,4392.598,sl 4392.646,-9.86,551.48,9.811999999999898,-1.00489196901754,11.033333333333333,4392.646,False,sl,breakout
cmpv115_breakout_2026-08-10__M15sig,2026-08-10,M15sig,2026-08-11 05:30:00,BUY,4392.718,4383.499,2026-08-11 05:30:04,4383.466,sl 4383.499,-9.25,542.23,9.219000000000051,-1.003362620674688,0.06666666666666667,4383.499,False,sl,breakout
cmpv115_breakout_2026-08-10__M15sig,2026-08-10,M15sig,2026-08-11 05:45:00,BUY,4377.092,4367.338,2026-08-11 05:56:03,4367.301,sl 4367.338,-9.79,532.44,9.753999999999905,-1.0036907935206165,11.05,4367.338,False,sl,breakout
cmpv115_breakout_2026-08-10__M15sig,2026-08-10,M15sig,2026-08-11 06:00:00,BUY,4375.442,4365.563,2026-08-11 06:28:29,4367.107,sl 4367.143,-8.33,524.11,9.878999999999905,-0.843202753315121,28.483333333333334,4367.143,True,sl,breakout
cmpv115_breakout_2026-08-10__M15sig,2026-08-10,M15sig,2026-08-11 06:30:00,BUY,4363.764,4354.008,2026-08-11 11:01:06,4383.682,,19.92,544.03,9.756000000000313,2.0418204182041166,271.1,,False,other,breakout
cmpv115_breakout_2026-08-10__M15sig,2026-08-10,M15sig,2026-08-11 11:15:00,BUY,4391.407,4384.465,2026-08-11 11:38:20,4384.246,sl 4384.465,-7.16,536.87,6.942000000000007,-1.031403053874963,23.333333333333332,4384.465,False,sl,breakout
cmpv115_breakout_2026-08-10__M15sig,2026-08-10,M15sig,2026-08-11 12:00:00,BUY,4387.815,4381.446,2026-08-11 12:23:56,4388.815,sl 4389.123,1.0,537.87,6.368999999999687,0.15701051970482793,23.933333333333334,4389.123,True,sl,breakout
cmpv115_breakout_2026-08-10__M15sig,2026-08-10,M15sig,2026-08-11 12:45:00,BUY,4398.612,4391.146,2026-08-11 13:15:14,4391.092,sl 4391.146,-7.52,530.35,7.466000000000349,-1.0072327886417958,30.233333333333334,4391.146,False,sl,breakout
cmpv115_breakout_2026-08-10__M15sig,2026-08-10,M15sig,2026-08-11 13:30:00,BUY,4398.043,4389.577,2026-08-11 13:35:37,4389.531,sl 4389.577,-8.51,521.84,8.46599999999944,-1.0051972596268088,5.616666666666666,4389.577,False,sl,breakout
cmpv115_breakout_2026-08-10__M15sig,2026-08-10,M15sig,2026-08-11 15:15:00,BUY,4392.315,4381.746,2026-08-11 15:34:26,4381.67,sl 4381.746,-10.65,511.19,10.568999999999505,-1.0076639227931212,19.433333333333334,4381.746,False,sl,breakout
cmpv115_breakout_2026-08-10__M15sig,2026-08-10,M15sig,2026-08-11 15:45:00,BUY,4375.957,4364.715,2026-08-11 17:57:05,4370.444,sl 4370.468,-5.52,505.67,11.24200000000019,-0.4910158334815786,132.08333333333334,4370.468,True,sl,breakout
cmpv115_breakout_2026-08-10__M15sig,2026-08-10,M15sig,2026-08-11 18:15:00,BUY,4363.763,4355.721,2026-08-11 22:56:59,4369.433,sl 4369.446,5.67,511.34,8.042000000000371,0.7050484953991218,281.98333333333335,4369.446,True,sl,breakout
cmpv115_breakout_2026-08-10__M15sig,2026-08-10,M15sig,2026-08-11 23:15:00,BUY,4366.841,4361.063,2026-08-12 01:05:52,4385.706,,18.87,529.68,5.778000000000247,3.2658359293871917,110.86666666666666,,False,other,breakout
cmpv115_breakout_2026-08-10__M15sig,2026-08-10,M15sig,2026-08-12 01:30:00,BUY,4390.678,4383.345,2026-08-12 02:53:27,4414.344,,23.66,553.34,7.332999999999629,3.226510295922705,83.45,,False,other,breakout
cmpv115_breakout_2026-08-10__M15sig,2026-08-10,M15sig,2026-08-12 03:00:00,BUY,4411.448,4403.569,2026-08-12 03:37:33,4403.973,sl 4404.085,-7.48,545.86,7.878999999999905,-0.9493590557177422,37.55,4404.085,True,sl,breakout
cmpv115_breakout_2026-08-10__M15sig,2026-08-10,M15sig,2026-08-12 03:45:00,BUY,4401.787,4394.037,2026-08-12 05:22:33,4394.496,sl 4394.677,-7.29,538.57,7.75,-0.9406451612903226,97.55,4394.677,True,sl,breakout
cmpv115_breakout_2026-08-10__M15sig,2026-08-10,M15sig,2026-08-12 06:00:00,BUY,4391.292,4384.361,2026-08-12 09:10:30,4411.268,,19.98,558.55,6.931000000000495,2.8827009089595403,190.5,,False,other,breakout
cmpv115_breakout_2026-08-10__M15sig,2026-08-10,M15sig,2026-08-12 09:30:00,BUY,4413.464,4406.51,2026-08-12 10:48:59,4410.582,sl 4411.028,-2.88,555.67,6.9539999999997235,-0.4141501294219319,78.98333333333333,4411.028,True,sl,breakout
cmpv115_breakout_2026-08-10__M15sig,2026-08-10,M15sig,2026-08-12 11:30:01,BUY,4415.193,4408.604,2026-08-12 12:04:04,4408.422,sl 4408.604,-6.77,548.9,6.588999999999942,-1.0274700258005858,34.05,4408.604,False,sl,breakout
cmpv115_breakout_2026-08-10__M15sig,2026-08-10,M15sig,2026-08-12 12:15:00,BUY,4409.009,4402.102,2026-08-12 12:30:05,4419.621,sl 4420.062,10.61,559.51,6.907000000000153,1.53612277399736,15.083333333333334,4420.062,True,sl,breakout
cmpv115_breakout_2026-08-10__M15sig,2026-08-10,M15sig,2026-08-12 12:45:00,BUY,4428.602,4417.196,2026-08-12 12:47:28,4416.567,sl 4417.196,-12.03,547.48,11.405999999999949,-1.054708048395586,2.466666666666667,4417.196,False,sl,breakout
cmpv115_breakout_2026-08-10__M15sig,2026-08-10,M15sig,2026-08-12 13:00:00,BUY,4437.437,4425.331,2026-08-12 13:12:54,4425.189,sl 4425.331,-12.25,535.23,12.105999999999767,-1.0118949281348286,12.9,4425.331,False,sl,breakout
cmpv115_breakout_2026-08-10__M15sig,2026-08-10,M15sig,2026-08-12 13:15:00,BUY,4422.323,4409.111,2026-08-12 13:40:06,4408.958,sl 4409.111,-13.36,521.87,13.212000000000444,-1.0112019376324213,25.1,4409.111,False,sl,breakout
cmpv115_breakout_2026-08-10__M15sig,2026-08-10,M15sig,2026-08-12 14:15:00,BUY,4431.969,4416.029,2026-08-12 15:04:16,4415.879,sl 4416.029,-16.09,505.78,15.9399999999996,-1.0094102885822085,49.266666666666666,4416.029,False,sl,breakout
cmpv115_breakout_2026-08-10__M15sig,2026-08-10,M15sig,2026-08-12 16:30:00,BUY,4423.195,4410.066,2026-08-12 16:44:11,4410.016,sl 4410.066,-13.18,492.6,13.128999999999905,-1.0038845304288289,14.183333333333334,4410.066,False,sl,breakout
cmpv115_breakout_2026-08-10__M15sig,2026-08-10,M15sig,2026-08-12 17:00:00,BUY,4401.664,4388.922,2026-08-12 22:05:03,4404.605,sl 4404.628,2.95,495.55,12.74200000000019,0.23151781509966696,305.05,4404.628,True,sl,breakout
cmpv115_breakout_2026-08-10__M15sig,2026-08-10,M15sig,2026-08-12 22:45:00,BUY,4400.286,4395.455,2026-08-12 23:59:33,4412.985,,12.7,508.25,4.831000000000131,2.628855309459668,74.55,,False,other,breakout
cmpv115_breakout_2026-08-10__M15sig,2026-08-10,M15sig,2026-08-13 00:30:00,BUY,4428.613,4422.902,2026-08-13 00:34:12,4445.751,,17.14,525.39,5.71100000000024,3.0012257047801225,4.2,,False,other,breakout
cmpv115_breakout_2026-08-10__M15sig,2026-08-10,M15sig,2026-08-13 00:45:00,BUY,4440.275,4433.155,2026-08-13 00:49:46,4433.113,sl 4433.155,-7.17,518.22,7.119999999999891,-1.0070224719101277,4.766666666666667,4433.155,False,sl,breakout
cmpv115_breakout_2026-08-10__M15sig,2026-08-10,M15sig,2026-08-13 01:15:00,BUY,4430.339,4421.552,2026-08-13 01:21:03,4422.061,sl 4422.061,-8.28,509.94,8.787000000000262,-0.9423011266643624,6.05,4422.061,True,sl,breakout
cmpv115_breakout_2026-08-10__M15sig,2026-08-10,M15sig,2026-08-13 01:30:00,BUY,4419.429,4409.639,2026-08-13 01:46:15,4415.249,sl 4415.302,-4.18,505.76,9.789999999999964,-0.426966292134833,16.25,4415.302,True,sl,breakout
cmpv115_breakout_2026-08-10__M15sig,2026-08-10,M15sig,2026-08-13 02:00:00,BUY,4408.699,4397.954,2026-08-13 04:00:28,4397.851,sl 4397.954,-10.85,494.91,10.74499999999989,-1.0097719869706943,120.46666666666667,4397.954,False,sl,breakout
cmpv115_breakout_2026-08-10__M15sig,2026-08-10,M15sig,2026-08-13 04:30:00,BUY,4398.221,4388.955,2026-08-13 05:32:12,4395.919,sl 4395.920,-2.3,492.61,9.265999999999622,-0.24821929635226567,62.2,4395.92,True,sl,breakout
cmpv115_breakout_2026-08-10__M15sig,2026-08-10,M15sig,2026-08-13 05:45:00,BUY,4387.934,4379.83,2026-08-13 06:04:10,4379.792,sl 4379.830,-8.14,484.47,8.10400000000027,-1.0044422507403419,19.166666666666668,4379.83,False,sl,breakout
cmpv115_breakout_2026-08-10__M15sig,2026-08-10,M15sig,2026-08-13 06:15:00,BUY,4376.102,4367.903,2026-08-13 08:00:19,4368.887,sl 4368.989,-7.21,477.26,8.198999999999614,-0.8793755336017001,105.31666666666666,4368.989,True,sl,breakout
cmpv115_breakout_2026-08-10__M15sig,2026-08-10,M15sig,2026-08-13 08:15:00,BUY,4366.186,4357.685,2026-08-13 10:18:40,4384.828,,18.64,495.9,8.500999999999294,2.192683213739742,123.66666666666667,,False,other,breakout
cmpv115_breakout_2026-08-10__M15sig,2026-08-10,M15sig,2026-08-13 11:00:00,BUY,4392.369,4386.276,2026-08-13 11:33:33,4387.377,sl 4387.442,-4.99,490.91,6.092999999999847,-0.8189725914984614,33.55,4387.442,True,sl,breakout
cmpv115_breakout_2026-08-10__M15sig,2026-08-10,M15sig,2026-08-13 11:45:00,BUY,4384.063,4378.168,2026-08-13 12:30:25,4392.191,sl 4392.242,8.13,499.04,5.895000000000437,1.3791348600507887,45.416666666666664,4392.242,True,sl,breakout
cmpv115_breakout_2026-08-10__M15sig,2026-08-10,M15sig,2026-08-13 12:45:00,BUY,4392.115,4385.017,2026-08-13 13:12:26,4391.278,sl 4391.308,-0.84,498.2,7.097999999999956,-0.11834319526627292,27.433333333333334,4391.308,True,sl,breakout
cmpv115_breakout_2026-08-10__M15sig,2026-08-10,M15sig,2026-08-13 13:15:00,BUY,4394.002,4385.998,2026-08-13 13:25:46,4385.959,sl 4385.998,-8.04,490.16,8.004000000000815,-1.0044977511243354,10.766666666666667,4385.998,False,sl,breakout
cmpv115_breakout_2026-08-10__M15sig,2026-08-10,M15sig,2026-08-13 13:30:00,BUY,4385.475,4377.125,2026-08-13 13:34:19,4377.11,sl 4377.125,-8.37,481.79,8.350000000000364,-1.0023952095807946,4.316666666666666,4377.125,False,sl,breakout
cmpv115_breakout_2026-08-10__M15sig,2026-08-10,M15sig,2026-08-13 14:30:00,BUY,4367.96,4357.57,2026-08-13 14:30:15,4357.454,sl 4357.570,-10.51,471.28,10.390000000000327,-1.0115495668912098,0.25,4357.57,False,sl,breakout
cmpv115_breakout_2026-08-10__M15sig,2026-08-10,M15sig,2026-08-13 15:30:00,BUY,4365.593,4352.862,2026-08-13 16:17:52,4352.789,sl 4352.862,-12.8,458.48,12.730999999999767,-1.0054198413321997,47.86666666666667,4352.862,False,sl,breakout
cmpv115_breakout_2026-08-10__M15sig,2026-08-10,M15sig,2026-08-13 17:00:00,BUY,4367.326,4355.503,2026-08-13 18:25:52,4355.265,sl 4355.503,-12.06,446.42,11.82300000000032,-1.020045673686854,85.86666666666666,4355.503,False,sl,breakout
cmpv115_breakout_2026-08-10__M15sig,2026-08-10,M15sig,2026-08-13 18:30:00,BUY,4357.874,4348.445,2026-08-13 19:13:57,4348.373,sl 4348.445,-9.5,436.92,9.429000000000087,-1.0075299607593502,43.95,4348.445,False,sl,breakout
cmpv115_breakout_2026-08-10__M15sig,2026-08-10,M15sig,2026-08-13 19:15:00,BUY,4347.096,4339.222,2026-08-13 22:51:53,4354.41,sl 4354.447,7.31,444.23,7.873999999999796,0.9283718567437375,216.88333333333333,4354.447,True,sl,breakout
cmpv115_breakout_2026-08-10__M15sig,2026-08-10,M15sig,2026-08-13 23:15:00,BUY,4360.601,4354.543,2026-08-14 00:00:23,4355.504,sl 4355.597,-5.1,438.6,6.057999999999993,-0.8418620006602848,45.38333333333333,4355.597,True,sl,breakout
cmpv115_breakout_2026-08-10__M15sig,2026-08-10,M15sig,2026-08-14 00:30:00,BUY,4339.608,4332.783,2026-08-14 00:38:49,4336.3,sl 4336.351,-3.31,435.29,6.824999999999818,-0.4849816849816979,8.816666666666666,4336.351,True,sl,breakout
cmpv115_breakout_2026-08-10__M15sig,2026-08-10,M15sig,2026-08-14 01:00:00,BUY,4340.994,4332.8,2026-08-14 01:02:05,4332.794,sl 4332.800,-8.2,427.09,8.193999999999505,-1.0007322431047712,2.0833333333333335,4332.8,False,sl,breakout
cmpv115_breakout_2026-08-10__M15sig,2026-08-10,M15sig,2026-08-14 02:00:00,BUY,4318.236,4307.714,2026-08-14 05:30:01,4316.497,sl 4316.555,-1.74,425.35,10.521999999999935,-0.16536780079832833,210.01666666666668,4316.555,True,sl,breakout
cmpv115_breakout_2026-08-10__M15sig,2026-08-10,M15sig,2026-08-14 05:45:00,BUY,4317.898,4311.535,2026-08-14 07:00:00,4335.702,,17.8,443.15,6.363000000000284,2.797422599402673,75.0,,False,other,breakout
cmpv115_breakout_2026-08-10__M15sig,2026-08-10,M15sig,2026-08-14 08:45:00,BUY,4343.762,4336.594,2026-08-14 10:31:15,4349.94,sl 4350.003,6.18,449.33,7.167999999999665,0.8621651785714688,106.25,4350.003,True,sl,breakout
cmpv115_breakout_2026-08-10__M15sig,2026-08-10,M15sig,2026-08-14 10:45:00,BUY,4352.03,4346.272,2026-08-14 11:53:18,4368.24,,16.21,465.54,5.757999999999811,2.8152136158389256,68.3,,False,other,breakout
cmpv115_breakout_2026-08-10__M15sig,2026-08-10,M15sig,2026-08-14 12:00:00,BUY,4369.371,4363.792,2026-08-14 12:13:31,4367.768,sl 4368.401,-1.6,463.94,5.5789999999997235,-0.28678974726654943,13.516666666666667,4368.401,True,sl,breakout
cmpv115_breakout_2026-08-10__M15sig,2026-08-10,M15sig,2026-08-14 12:30:00,BUY,4380.249,4373.945,2026-08-14 12:38:41,4377.236,sl 4377.308,-3.01,460.93,6.304000000000087,-0.47747461928933344,8.683333333333334,4377.308,True,sl,breakout
cmpv115_breakout_2026-08-10__M15sig,2026-08-10,M15sig,2026-08-14 13:30:00,BUY,4384.681,4376.659,2026-08-14 13:51:20,4384.914,sl 4384.974,0.23,461.16,8.021999999999935,0.02867115432560482,21.333333333333332,4384.974,True,sl,breakout
cmpv115_breakout_2026-08-10__M15sig,2026-08-10,M15sig,2026-08-14 14:00:00,BUY,4384.895,4375.761,2026-08-14 14:46:42,4380.112,sl 4380.151,-4.79,456.37,9.134000000000015,-0.524414276330194,46.7,4380.151,True,sl,breakout
cmpv115_breakout_2026-08-10__M15sig,2026-08-10,M15sig,2026-08-14 15:00:00,BUY,4381.611,4371.37,2026-08-14 16:33:13,4381.113,sl 4381.131,-0.5,455.87,10.240999999999985,-0.048823357094033855,93.21666666666667,4381.131,True,sl,breakout
cmpv115_breakout_2026-08-10__M15sig,2026-08-10,M15sig,2026-08-14 17:00:00,BUY,4386.005,4376.979,2026-08-14 17:43:54,4376.966,sl 4376.979,-9.04,446.83,9.02599999999984,-1.0015510746731842,43.9,4376.979,False,sl,breakout
cmpv115_breakout_2026-08-10__M15sig,2026-08-10,M15sig,2026-08-14 17:45:00,BUY,4377.823,4369.963,2026-08-14 18:45:40,4372.311,sl 4372.324,-5.51,441.32,7.860000000000582,-0.7010178117047826,60.666666666666664,4372.324,True,sl,breakout
cmpv115_breakout_2026-08-10__M15sig,2026-08-10,M15sig,2026-08-14 19:00:00,BUY,4373.749,4367.973,2026-08-14 20:09:57,4371.725,sl 4371.754,-2.02,439.3,5.77599999999984,-0.3497229916897604,69.95,4371.754,True,sl,breakout
cmpv115_breakout_2026-08-10__M15sig,2026-08-10,M15sig,2026-08-14 20:30:00,BUY,4374.78,4369.928,2026-08-14 20:57:59,4375.883,end of test,1.1,440.4,4.851999999999862,0.2267106347897839,27.983333333333334,,False,end,breakout
cmpv115_swing_2026-08-10__M15sig,2026-08-10,M15sig,2026-08-10 00:00:00,BUY,4332.713,4329.347,2026-08-10 00:33:39,4335.774,sl 4335.799,3.06,503.06,3.3659999999999854,0.9090909090909131,33.65,4335.799,True,sl,swing
cmpv115_swing_2026-08-10__M15sig,2026-08-10,M15sig,2026-08-10 13:58:58,BUY,4317.372,4314.165,2026-08-10 16:32:01,4349.823,sl 4349.865,32.45,535.51,3.2070000000003347,10.118490801370944,153.05,4349.865,True,sl,swing
cmpv115_swing_2026-08-10__M15sig,2026-08-10,M15sig,2026-08-11 04:49:55,BUY,4407.78,4404.177,2026-08-11 04:56:10,4403.985,sl 4404.177,-3.79,531.72,3.6030000000000655,-1.0519011934498836,6.25,4404.177,False,sl,swing
cmpv115_swing_2026-08-10__M15sig,2026-08-10,M15sig,2026-08-11 05:00:21,BUY,4407.833,4403.81,2026-08-11 05:05:21,4403.794,sl 4403.810,-4.04,527.68,4.022999999999229,-1.0042257022124719,5.0,4403.81,False,sl,swing
cmpv115_swing_2026-08-10__M15sig,2026-08-10,M15sig,2026-08-12 03:17:14,BUY,4407.828,4404.812,2026-08-12 03:23:01,4404.704,sl 4404.812,-3.13,524.55,3.016000000000531,-1.0377984084878809,5.783333333333333,4404.812,False,sl,swing
cmpv115_swing_2026-08-10__M15sig,2026-08-10,M15sig,2026-08-12 10:49:00,BUY,4407.731,4404.738,2026-08-12 12:05:04,4407.338,sl 4407.397,-0.39,524.16,2.9929999999994834,-0.13030404276647756,76.06666666666666,4407.397,True,sl,swing
cmpv115_swing_2026-08-10__M15sig,2026-08-10,M15sig,2026-08-13 04:00:28,BUY,4398.111,4394.502,2026-08-13 04:10:34,4394.461,sl 4394.502,-3.65,520.51,3.608999999999469,-1.0113604876698634,10.1,4394.502,False,sl,swing
cmpv115_swing_2026-08-10__M15sig,2026-08-10,M15sig,2026-08-14 05:51:14,SELL,4328.12,4331.67,2026-08-14 05:55:56,4331.71,sl 4331.670,-3.59,516.92,3.550000000000182,-1.011267605633751,4.7,4331.67,False,sl,swing
cmpv115_swing_2026-08-10__M15sig,2026-08-10,M15sig,2026-08-14 11:50:39,SELL,4364.443,4368.143,2026-08-14 11:53:04,4368.154,sl 4368.143,-3.71,513.21,3.699999999999818,-1.002702702702752,2.4166666666666665,4368.143,False,sl,swing
cmpv115_swing_2026-08-10__M15sig,2026-08-10,M15sig,2026-08-14 17:42:37,BUY,4378.639,4375.162,2026-08-14 18:45:26,4375.114,sl 4375.162,-3.53,509.68,3.4769999999998618,-1.0152430255968192,62.81666666666667,4375.162,False,sl,swing
cmpv115_breakout_2026-08-17__M15sig,2026-08-17,M15sig,2026-08-17 02:00:00,BUY,4395.954,4386.537,2026-08-17 05:14:45,4387.018,sl 4387.047,-8.93,491.07,9.416999999999462,-0.9482850164596486,194.75,4387.047,True,sl,breakout
cmpv115_breakout_2026-08-17__M15sig,2026-08-17,M15sig,2026-08-17 05:15:00,BUY,4387.934,4380.958,2026-08-17 07:37:45,4410.946,,23.02,514.09,6.9760000000005675,3.299885321100649,142.75,,False,other,breakout
cmpv115_breakout_2026-08-17__M15sig,2026-08-17,M15sig,2026-08-17 09:15:00,BUY,4399.208,4392.648,2026-08-17 09:46:10,4392.532,sl 4392.648,-6.68,507.41,6.559999999999491,-1.0182926829269083,31.166666666666668,4392.648,False,sl,breakout
cmpv115_breakout_2026-08-17__M15sig,2026-08-17,M15sig,2026-08-17 10:15:00,BUY,4396.086,4390.089,2026-08-17 10:36:52,4396.163,sl 4396.396,0.07,507.48,5.997000000000298,0.01167250291812515,21.866666666666667,4396.396,True,sl,breakout
cmpv115_breakout_2026-08-17__M15sig,2026-08-17,M15sig,2026-08-17 10:45:00,BUY,4398.302,4391.733,2026-08-17 12:01:06,4395.143,sl 4395.296,-3.16,504.32,6.568999999999505,-0.4810473435835345,76.1,4395.296,True,sl,breakout
cmpv115_breakout_2026-08-17__M15sig,2026-08-17,M15sig,2026-08-17 12:30:00,BUY,4386.074,4379.012,2026-08-17 12:42:13,4379.722,sl 4379.727,-6.35,497.97,7.061999999999898,-0.8991787029170336,12.216666666666667,4379.727,True,sl,breakout
cmpv115_breakout_2026-08-17__M15sig,2026-08-17,M15sig,2026-08-17 13:15:00,BUY,4386.546,4378.529,2026-08-17 13:57:08,4412.227,,25.68,523.65,8.016999999999825,3.2031932144194286,42.13333333333333,,False,other,breakout
cmpv115_breakout_2026-08-17__M15sig,2026-08-17,M15sig,2026-08-17 14:15:00,BUY,4412.525,4402.817,2026-08-17 17:39:23,4412.768,sl 4412.775,0.24,523.89,9.707999999999629,0.024721878862794516,204.38333333333333,4412.775,True,sl,breakout
cmpv115_breakout_2026-08-17__M15sig,2026-08-17,M15sig,2026-08-17 17:45:00,BUY,4417.529,4410.096,2026-08-17 18:24:29,4410.026,sl 4410.096,-7.5,516.39,7.433000000000902,-1.0090138571235154,39.483333333333334,4410.096,False,sl,breakout
cmpv115_breakout_2026-08-17__M15sig,2026-08-17,M15sig,2026-08-17 19:00:00,BUY,4406.606,4399.567,2026-08-17 23:00:17,4409.939,sl 4410.250,3.33,519.72,7.03899999999976,0.4730785622957968,240.28333333333333,4410.25,True,sl,breakout
cmpv115_breakout_2026-08-17__M15sig,2026-08-17,M15sig,2026-08-17 23:30:00,BUY,4420.381,4415.243,2026-08-18 00:00:26,4423.311,sl 4423.331,2.93,522.12,5.13799999999992,0.5702608018684402,30.433333333333334,4423.331,True,sl,breakout
cmpv115_breakout_2026-08-17__M15sig,2026-08-17,M15sig,2026-08-18 00:15:00,BUY,4421.82,4417.064,2026-08-18 01:16:39,4427.917,sl 4428.002,6.1,528.22,4.755999999999403,1.2825904121111784,61.65,4428.002,True,sl,breakout
cmpv115_breakout_2026-08-17__M15sig,2026-08-17,M15sig,2026-08-18 01:30:00,BUY,4425.251,4418.705,2026-08-18 01:41:50,4418.655,sl 4418.705,-6.59,521.63,6.5460000000002765,-1.0067216620836728,11.833333333333334,4418.705,False,sl,breakout
cmpv115_breakout_2026-08-17__M15sig,2026-08-17,M15sig,2026-08-18 01:45:00,BUY,4412.136,4404.827,2026-08-18 01:47:33,4404.821,sl 4404.827,-7.32,514.31,7.3090000000001965,-1.0015049938431801,2.55,4404.827,False,sl,breakout
cmpv115_breakout_2026-08-17__M15sig,2026-08-17,M15sig,2026-08-18 02:00:00,BUY,4408.182,4400.678,2026-08-18 02:06:44,4400.666,sl 4400.678,-7.51,506.8,7.503999999999905,-1.0007995735607802,6.733333333333333,4400.678,False,sl,breakout
cmpv115_breakout_2026-08-17__M15sig,2026-08-17,M15sig,2026-08-18 03:00:00,BUY,4399.895,4391.859,2026-08-18 03:51:56,4391.839,sl 4391.859,-8.06,498.74,8.036000000000058,-1.0029865604778425,51.93333333333333,4391.859,False,sl,breakout
cmpv115_breakout_2026-08-17__M15sig,2026-08-17,M15sig,2026-08-18 04:00:00,BUY,4392.167,4384.76,2026-08-18 05:30:56,4387.527,sl 4387.649,-4.64,494.1,7.407000000000153,-0.6264344538949512,90.93333333333334,4387.649,True,sl,breakout
cmpv115_breakout_2026-08-17__M15sig,2026-08-17,M15sig,2026-08-18 06:00:00,BUY,4394.423,4389.252,2026-08-18 06:04:21,4389.231,sl 4389.252,-5.19,488.91,5.170999999999367,-1.0036743376524146,4.35,4389.252,False,sl,breakout
cmpv115_breakout_2026-08-17__M15sig,2026-08-17,M15sig,2026-08-18 06:15:00,BUY,4395.292,4390.182,2026-08-18 07:57:18,4395.956,sl 4396.044,0.67,489.58,5.110000000000582,0.13111545988256823,102.3,4396.044,True,sl,breakout
cmpv115_breakout_2026-08-17__M15sig,2026-08-17,M15sig,2026-08-18 08:00:00,BUY,4395.826,4390.326,2026-08-18 08:07:50,4390.243,sl 4390.326,-5.59,483.99,5.5,-1.0163636363636364,7.833333333333333,4390.326,False,sl,breakout
cmpv115_breakout_2026-08-17__M15sig,2026-08-17,M15sig,2026-08-18 08:15:00,BUY,4392.935,4387.248,2026-08-18 08:23:30,4387.152,sl 4387.248,-5.79,478.2,5.687000000000808,-1.0181114823279722,8.5,4387.248,False,sl,breakout
cmpv115_breakout_2026-08-17__M15sig,2026-08-17,M15sig,2026-08-18 08:30:00,BUY,4389.493,4383.555,2026-08-18 09:22:36,4389.397,sl 4389.401,-0.09,478.11,5.938000000000102,-0.015156618390030052,52.6,4389.401,True,sl,breakout
cmpv115_breakout_2026-08-17__M15sig,2026-08-17,M15sig,2026-08-18 09:30:00,BUY,4389.457,4383.435,2026-08-18 11:34:51,4389.224,sl 4389.234,-0.24,477.87,6.0219999999999345,-0.039853869146463404,124.85,4389.234,True,sl,breakout
cmpv115_breakout_2026-08-17__M15sig,2026-08-17,M15sig,2026-08-18 13:00:00,BUY,4394.276,4387.749,2026-08-18 13:30:17,4387.747,sl 4387.749,-6.53,471.34,6.527000000000044,-1.0004596292324126,30.283333333333335,4387.749,False,sl,breakout
cmpv115_breakout_2026-08-17__M15sig,2026-08-17,M15sig,2026-08-18 15:15:00,BUY,4360.221,4346.564,2026-08-18 19:44:57,4350.526,sl 4350.536,-9.69,461.65,13.656999999999243,-0.7095262502746238,269.95,4350.536,True,sl,breakout
cmpv115_breakout_2026-08-17__M15sig,2026-08-17,M15sig,2026-08-18 20:15:00,BUY,4342.32,4336.015,2026-08-18 20:21:23,4336.015,sl 4336.015,-6.3,455.35,6.3049999999993815,-0.9992069785885199,6.383333333333334,4336.015,False,sl,breakout
cmpv115_breakout_2026-08-17__M15sig,2026-08-17,M15sig,2026-08-18 20:30:00,SELL,4338.095,4344.639,2026-08-18 22:04:32,4340.613,sl 4339.773,-2.51,452.84,6.543999999999869,-0.38355745721272155,94.53333333333333,4339.773,True,sl,breakout
cmpv115_breakout_2026-08-17__M15sig,2026-08-17,M15sig,2026-08-18 22:15:00,BUY,4340.292,4333.285,2026-08-18 22:39:44,4333.219,sl 4333.285,-7.07,445.77,7.007000000000517,-1.0089910089909346,24.733333333333334,4333.285,False,sl,breakout
cmpv115_breakout_2026-08-17__M15sig,2026-08-17,M15sig,2026-08-18 23:00:00,SELL,4333.996,4340.929,2026-08-19 00:02:05,4338.309,sl 4338.124,-4.31,441.46,6.932999999999993,-0.6216645031011112,62.083333333333336,4338.124,True,sl,breakout
cmpv115_breakout_2026-08-17__M15sig,2026-08-17,M15sig,2026-08-19 00:15:00,BUY,4343.19,4335.79,2026-08-19 01:00:01,4336.698,sl 4336.814,-6.49,434.97,7.399999999999636,-0.8770270270270701,45.016666666666666,4336.814,True,sl,breakout
cmpv115_breakout_2026-08-17__M15sig,2026-08-17,M15sig,2026-08-19 02:30:00,BUY,4359.94,4350.717,2026-08-19 04:17:47,4350.622,sl 4350.717,-9.32,425.65,9.222999999999956,-1.0105171852976302,107.78333333333333,4350.717,False,sl,breakout
cmpv115_breakout_2026-08-17__M15sig,2026-08-17,M15sig,2026-08-19 05:15:00,SELL,4338.996,4345.048,2026-08-19 05:29:28,4345.081,sl 4345.048,-6.08,419.57,6.05199999999968,-1.0046265697290684,14.466666666666667,4345.048,False,sl,breakout
cmpv115_breakout_2026-08-17__M15sig,2026-08-17,M15sig,2026-08-19 06:00:00,SELL,4335.657,4341.955,2026-08-19 06:16:53,4341.955,sl 4341.955,-6.3,413.27,6.2979999999997744,-1.0003175611305535,16.883333333333333,4341.955,False,sl,breakout
cmpv115_breakout_2026-08-17__M15sig,2026-08-17,M15sig,2026-08-19 07:15:00,BUY,4350.749,4343.438,2026-08-19 08:02:18,4351.372,sl 4351.420,0.62,413.89,7.310999999999694,0.08480372042128655,47.3,4351.42,True,sl,breakout
cmpv115_breakout_2026-08-17__M15sig,2026-08-17,M15sig,2026-08-19 08:15:00,BUY,4361.715,4353.286,2026-08-19 09:19:08,4353.279,sl 4353.286,-8.44,405.45,8.429000000000087,-1.001305018388885,64.13333333333334,4353.286,False,sl,breakout
cmpv115_breakout_2026-08-17__M15sig,2026-08-17,M15sig,2026-08-19 09:30:00,BUY,4356.834,4349.263,2026-08-19 11:15:10,4373.854,,17.02,422.47,7.570999999999913,2.248051776515678,105.16666666666667,,False,other,breakout
cmpv115_breakout_2026-08-17__M15sig,2026-08-17,M15sig,2026-08-19 11:45:00,BUY,4363.832,4358.285,2026-08-19 12:34:05,4380.632,,16.8,439.27,5.54700000000048,3.028664142779619,49.083333333333336,,False,other,breakout
cmpv115_breakout_2026-08-17__M15sig,2026-08-17,M15sig,2026-08-19 12:45:00,BUY,4417.724,4408.746,2026-08-19 13:03:33,4428.907,sl 4428.930,11.19,450.46,8.978000000000065,1.2463800400980083,18.55,4428.93,True,sl,breakout
cmpv115_breakout_2026-08-17__M15sig,2026-08-17,M15sig,2026-08-19 13:15:00,BUY,4456.353,4443.215,2026-08-19 13:36:17,4446.056,sl 4446.056,-10.29,440.17,13.13799999999992,-0.7832242350433903,21.283333333333335,4446.056,True,sl,breakout
cmpv115_breakout_2026-08-17__M15sig,2026-08-17,M15sig,2026-08-19 13:45:00,BUY,4461.009,4446.095,2026-08-19 13:51:05,4445.959,sl 4446.095,-15.05,425.12,14.91399999999976,-1.0091189486388792,6.083333333333333,4446.095,False,sl,breakout
cmpv115_breakout_2026-08-17__M15sig,2026-08-17,M15sig,2026-08-19 14:00:00,BUY,4459.712,4443.908,2026-08-19 16:52:54,4497.611,,37.9,463.02,15.804000000000087,2.398127056441394,172.9,,False,other,breakout
cmpv115_breakout_2026-08-17__M15sig,2026-08-17,M15sig,2026-08-19 17:00:00,BUY,4493.391,4481.166,2026-08-19 18:17:16,4483.443,sl 4483.535,-9.95,453.07,12.224999999999454,-0.813905930470384,77.26666666666667,4483.535,True,sl,breakout
cmpv115_breakout_2026-08-17__M15sig,2026-08-17,M15sig,2026-08-19 19:15:00,BUY,4503.516,4494.374,2026-08-19 23:53:34,4512.902,sl 4513.035,9.38,462.45,9.141999999999825,1.026033690658519,278.56666666666666,4513.035,True,sl,breakout
cmpv115_breakout_2026-08-17__M15sig,2026-08-17,M15sig,2026-08-20 00:30:00,BUY,4510.582,4503.493,2026-08-20 01:01:13,4503.471,sl 4503.493,-7.11,455.34,7.088999999999942,-1.0029623360135504,31.216666666666665,4503.493,False,sl,breakout
cmpv115_breakout_2026-08-17__M15sig,2026-08-17,M15sig,2026-08-20 01:15:00,BUY,4493.61,4486.102,2026-08-20 01:49:31,4491.626,sl 4491.682,-1.98,453.36,7.507999999999811,-0.26371870005328313,34.516666666666666,4491.682,True,sl,breakout
cmpv115_breakout_2026-08-17__M15sig,2026-08-17,M15sig,2026-08-20 02:15:00,BUY,4497.948,4489.048,2026-08-20 02:49:56,4488.981,sl 4489.048,-8.97,444.39,8.900000000000546,-1.0078651685392641,34.93333333333333,4489.048,False,sl,breakout
cmpv115_breakout_2026-08-17__M15sig,2026-08-17,M15sig,2026-08-20 03:15:00,BUY,4492.767,4483.445,2026-08-20 04:33:10,4486.982,sl 4487.302,-5.79,438.6,9.322000000000116,-0.6211113494958086,78.16666666666667,4487.302,True,sl,breakout
cmpv115_breakout_2026-08-17__M15sig,2026-08-17,M15sig,2026-08-20 04:45:00,BUY,4487.195,4479.954,2026-08-20 05:28:15,4483.357,sl 4483.391,-3.84,434.76,7.2409999999999854,-0.5303134926115188,43.25,4483.391,True,sl,breakout
cmpv115_breakout_2026-08-17__M15sig,2026-08-17,M15sig,2026-08-20 06:00:00,BUY,4481.263,4475.17,2026-08-20 07:23:22,4485.888,sl 4486.038,4.63,439.39,6.092999999999847,0.7598883965206165,83.36666666666666,4486.038,True,sl,breakout
cmpv115_breakout_2026-08-17__M15sig,2026-08-17,M15sig,2026-08-20 07:30:00,BUY,4484.296,4477.975,2026-08-20 08:31:11,4488.74,sl 4488.742,4.44,443.83,6.320999999999913,0.7024205030849647,61.18333333333333,4488.742,True,sl,breakout
cmpv115_breakout_2026-08-17__M15sig,2026-08-17,M15sig,2026-08-20 08:45:00,BUY,4490.821,4484.03,2026-08-20 09:51:23,4483.94,sl 4484.030,-6.88,436.95,6.791000000000167,-1.013105580915893,66.38333333333334,4484.03,False,sl,breakout
cmpv115_breakout_2026-08-17__M15sig,2026-08-17,M15sig,2026-08-20 10:00:00,BUY,4482.658,4476.269,2026-08-20 11:14:27,4483.497,sl 4483.659,0.84,437.79,6.389000000000124,0.13147597433087865,74.45,4483.659,True,sl,breakout
cmpv115_breakout_2026-08-17__M15sig,2026-08-17,M15sig,2026-08-20 11:15:00,BUY,4485.353,4478.636,2026-08-20 11:38:21,4479.682,sl 4479.690,-5.67,432.12,6.7169999999996435,-0.8441268423403753,23.35,4479.69,True,sl,breakout
cmpv115_breakout_2026-08-17__M15sig,2026-08-17,M15sig,2026-08-20 12:15:00,BUY,4462.616,4454.399,2026-08-20 12:31:11,4455.472,sl 4455.652,-7.15,424.97,8.216999999999643,-0.8701472556894622,16.183333333333334,4455.652,True,sl,breakout
cmpv115_breakout_2026-08-17__M15sig,2026-08-17,M15sig,2026-08-20 12:45:00,BUY,4466.694,4457.251,2026-08-20 13:32:09,4469.224,sl 4469.278,2.53,427.5,9.443000000000211,0.2679233294503805,47.15,4469.278,True,sl,breakout
cmpv115_breakout_2026-08-17__M15sig,2026-08-17,M15sig,2026-08-20 13:45:00,BUY,4486.859,4475.887,2026-08-20 15:01:28,4525.559,,38.7,466.2,10.972000000000662,3.527160043747509,76.46666666666667,,False,other,breakout
cmpv115_breakout_2026-08-17__M15sig,2026-08-17,M15sig,2026-08-20 15:15:00,BUY,4535.13,4521.655,2026-08-20 15:36:00,4521.323,sl 4521.655,-13.81,452.39,13.475000000000364,-1.0248608534322543,21.0,4521.655,False,sl,breakout
cmpv115_breakout_2026-08-17__M15sig,2026-08-17,M15sig,2026-08-20 16:15:00,BUY,4511.479,4496.901,2026-08-20 20:30:08,4520.038,sl 4520.092,8.56,460.95,14.57800000000043,0.5871861709424988,255.13333333333333,4520.092,True,sl,breakout
cmpv115_breakout_2026-08-17__M15sig,2026-08-17,M15sig,2026-08-20 23:00:00,BUY,4524.385,4518.689,2026-08-20 23:28:31,4523.284,sl 4523.895,-1.11,459.84,5.695999999999913,-0.19487359550562097,28.516666666666666,4523.895,True,sl,breakout
cmpv115_breakout_2026-08-17__M15sig,2026-08-17,M15sig,2026-08-20 23:45:00,BUY,4524.659,4518.654,2026-08-21 00:13:02,4519.166,sl 4519.193,-5.49,453.82,6.0049999999992,-0.9142381348877155,28.033333333333335,4519.193,True,sl,breakout
cmpv115_breakout_2026-08-17__M15sig,2026-08-17,M15sig,2026-08-21 00:15:00,BUY,4518.888,4512.817,2026-08-21 00:36:35,4512.752,sl 4512.817,-6.14,447.68,6.070999999999913,-1.011365508153531,21.583333333333332,4512.817,False,sl,breakout
cmpv115_breakout_2026-08-17__M15sig,2026-08-17,M15sig,2026-08-21 00:45:00,BUY,4513.911,4507.919,2026-08-21 01:33:19,4535.528,,21.62,469.3,5.992000000000189,3.608144192256228,48.31666666666667,,False,other,breakout
cmpv115_breakout_2026-08-17__M15sig,2026-08-17,M15sig,2026-08-21 01:45:00,BUY,4526.077,4517.736,2026-08-21 02:10:51,4520.481,sl 4520.540,-5.6,463.7,8.34100000000035,-0.6713823282579745,25.85,4520.54,True,sl,breakout
cmpv115_breakout_2026-08-17__M15sig,2026-08-17,M15sig,2026-08-21 02:45:00,BUY,4538.259,4528.397,2026-08-21 03:40:45,4528.261,sl 4528.397,-10.0,453.7,9.86200000000008,-1.0139931048468789,55.75,4528.397,False,sl,breakout
cmpv115_breakout_2026-08-17__M15sig,2026-08-17,M15sig,2026-08-21 04:15:00,BUY,4540.279,4530.435,2026-08-21 05:17:11,4532.349,sl 4532.484,-7.93,445.77,9.844000000000051,-0.8055668427468466,62.18333333333333,4532.484,True,sl,breakout
cmpv115_breakout_2026-08-17__M15sig,2026-08-17,M15sig,2026-08-21 05:45:00,BUY,4543.243,4534.835,2026-08-21 08:17:28,4569.541,,26.3,472.07,8.408000000000357,3.127973358705862,152.46666666666667,,False,other,breakout
cmpv115_breakout_2026-08-17__M15sig,2026-08-17,M15sig,2026-08-21 09:30:00,BUY,4582.421,4572.006,2026-08-21 12:18:03,4588.681,sl 4588.783,6.26,478.33,10.414999999999964,0.60105616898704,168.05,4588.783,True,sl,breakout
cmpv115_breakout_2026-08-17__M15sig,2026-08-17,M15sig,2026-08-21 12:30:00,BUY,4585.002,4574.333,2026-08-21 12:35:28,4574.23,sl 4574.333,-10.77,467.56,10.669000000000779,-1.0094666791638591,5.466666666666667,4574.333,False,sl,breakout
cmpv115_breakout_2026-08-17__M15sig,2026-08-17,M15sig,2026-08-21 14:00:00,BUY,4581.329,4569.857,2026-08-21 14:37:59,4585.629,sl 4585.639,4.3,471.86,11.471999999999753,0.3748256624825743,37.983333333333334,4585.639,True,sl,breakout
cmpv115_breakout_2026-08-17__M15sig,2026-08-17,M15sig,2026-08-21 14:45:00,BUY,4582.729,4569.248,2026-08-21 16:45:00,4621.878,,39.15,511.01,13.481000000000677,2.9040872338845807,120.0,,False,other,breakout
cmpv115_breakout_2026-08-17__M15sig,2026-08-17,M15sig,2026-08-21 17:45:00,BUY,4619.677,4607.952,2026-08-21 20:18:36,4613.132,sl 4613.143,-6.55,504.46,11.724999999999454,-0.5586353944563159,153.6,4613.143,True,sl,breakout
cmpv115_swing_2026-08-17__M15sig,2026-08-17,M15sig,2026-08-18 01:45:41,BUY,4409.716,4407.012,2026-08-18 01:47:30,4407.008,sl 4407.012,-2.71,497.29,2.704000000000633,-1.002218934911008,1.8166666666666667,4407.012,False,sl,swing
cmpv115_swing_2026-08-17__M15sig,2026-08-17,M15sig,2026-08-18 02:33:59,BUY,4397.768,4394.765,2026-08-18 02:40:42,4394.754,sl 4394.765,-3.02,494.27,3.0029999999997017,-1.0056610056611055,6.716666666666667,4394.765,False,sl,swing
cmpv115_swing_2026-08-17__M15sig,2026-08-17,M15sig,2026-08-19 07:32:14,SELL,4360.552,4363.333,2026-08-19 07:36:25,4363.335,sl 4363.333,-2.79,491.48,2.780999999999949,-1.0032362459547108,4.183333333333334,4363.333,False,sl,swing
cmpv115_swing_2026-08-17__M15sig,2026-08-17,M15sig,2026-08-20 05:14:10,BUY,4484.451,4481.215,2026-08-20 05:34:06,4481.085,sl 4481.215,-3.36,488.12,3.2359999999998763,-1.0383189122373697,19.933333333333334,4481.215,False,sl,swing
cmpv115_swing_2026-08-17__M15sig,2026-08-17,M15sig,2026-08-21 12:32:48,BUY,4577.749,4573.866,2026-08-21 12:35:29,4573.763,sl 4573.866,-3.99,484.13,3.882999999999811,-1.0275560133917576,2.683333333333333,4573.866,False,sl,swing
cmpv115_swing_2026-08-17__M15sig,2026-08-17,M15sig,2026-08-21 13:00:02,BUY,4577.82,4573.792,2026-08-21 13:34:57,4573.713,sl 4573.792,-4.11,480.02,4.027999999999338,-1.0203574975175462,34.916666666666664,4573.792,False,sl,swing
cmpv115_breakout_2026-08-24__M15sig,2026-08-24,M15sig,2026-08-24 00:30:00,BUY,4605.197,4592.929,2026-08-24 01:21:17,4614.743,sl 4614.923,9.54,509.54,12.268000000000029,0.777632865992825,51.28333333333333,4614.923,True,sl,breakout
cmpv115_breakout_2026-08-24__M15sig,2026-08-24,M15sig,2026-08-24 01:30:00,BUY,4614.651,4599.673,2026-08-24 02:47:33,4631.419,sl 4631.437,16.77,526.31,14.978000000000065,1.11964214180798,77.55,4631.437,True,sl,breakout
cmpv115_breakout_2026-08-24__M15sig,2026-08-24,M15sig,2026-08-24 03:15:00,BUY,4637.498,4619.086,2026-08-24 06:26:25,4645.195,sl 4645.197,7.7,534.01,18.411999999999352,0.41820551814035795,191.41666666666666,4645.197,True,sl,breakout
cmpv115_breakout_2026-08-24__M15sig,2026-08-24,M15sig,2026-08-24 07:15:00,BUY,4648.635,4638.498,2026-08-24 07:42:50,4638.415,sl 4638.498,-10.22,523.79,10.137000000000626,-1.008187826773145,27.833333333333332,4638.498,False,sl,breakout
cmpv115_breakout_2026-08-24__M15sig,2026-08-24,M15sig,2026-08-24 09:00:00,BUY,4638.21,4625.789,2026-08-24 11:36:55,4663.614,,25.4,549.19,12.421000000000276,2.0449239191691033,156.91666666666666,,False,other,breakout
cmpv115_breakout_2026-08-24__M15sig,2026-08-24,M15sig,2026-08-24 13:00:00,BUY,4663.107,4652.179,2026-08-24 13:44:26,4662.967,sl 4663.210,-0.14,549.05,10.927999999999884,-0.012811127379209508,44.43333333333333,4663.21,True,sl,breakout
cmpv115_breakout_2026-08-24__M15sig,2026-08-24,M15sig,2026-08-24 13:45:00,BUY,4658.972,4645.988,2026-08-24 14:16:22,4658.189,sl 4658.219,-0.78,548.27,12.983999999999469,-0.060073937153422054,31.366666666666667,4658.219,True,sl,breakout
cmpv115_breakout_2026-08-24__M15sig,2026-08-24,M15sig,2026-08-24 15:00:00,BUY,4670.622,4654.184,2026-08-24 15:45:58,4656.052,sl 4656.090,-14.57,533.7,16.438000000000102,-0.8863608711522029,45.96666666666667,4656.09,True,sl,breakout
cmpv115_breakout_2026-08-24__M15sig,2026-08-24,M15sig,2026-08-24 16:00:00,BUY,4649.203,4632.578,2026-08-24 17:20:59,4638.75,sl 4638.752,-10.45,523.25,16.625,-0.6285714285714286,80.98333333333333,4638.752,True,sl,breakout
cmpv115_breakout_2026-08-24__M15sig,2026-08-24,M15sig,2026-08-24 17:30:00,BUY,4638.877,4624.224,2026-08-24 22:45:00,4661.661,,22.78,546.03,14.653000000000247,1.5546304511021372,315.0,,False,other,breakout
cmpv115_breakout_2026-08-24__M15sig,2026-08-24,M15sig,2026-08-24 23:30:01,BUY,4669.319,4663.104,2026-08-25 00:00:53,4688.771,,19.45,564.95,6.2150000000001455,3.129525341914649,30.866666666666667,,False,other,breakout
cmpv115_breakout_2026-08-24__M15sig,2026-08-24,M15sig,2026-08-25 00:30:00,BUY,4682.838,4675.353,2026-08-25 00:59:00,4685.625,sl 4685.634,2.79,567.74,7.484999999999673,0.37274549098198023,29.0,4685.634,True,sl,breakout
cmpv115_breakout_2026-08-24__M15sig,2026-08-24,M15sig,2026-08-25 01:45:00,BUY,4670.915,4660.53,2026-08-25 01:58:37,4660.522,sl 4660.530,-10.4,557.34,10.385000000000218,-1.0014443909484623,13.616666666666667,4660.53,False,sl,breakout
cmpv115_breakout_2026-08-24__M15sig,2026-08-24,M15sig,2026-08-25 02:00:00,BUY,4658.313,4646.758,2026-08-25 02:05:27,4646.745,sl 4646.758,-11.56,545.78,11.555000000000291,-1.000432713111182,5.45,4646.758,False,sl,breakout
cmpv115_breakout_2026-08-24__M15sig,2026-08-24,M15sig,2026-08-25 02:30:00,BUY,4656.327,4642.831,2026-08-25 02:33:56,4642.824,sl 4642.831,-13.51,532.27,13.496000000000095,-1.0010373443983331,3.933333333333333,4642.831,False,sl,breakout
cmpv115_breakout_2026-08-24__M15sig,2026-08-24,M15sig,2026-08-25 02:45:00,BUY,4631.882,4616.936,2026-08-25 06:56:23,4639.552,sl 4639.622,7.67,539.94,14.945999999999913,0.513180784156299,251.38333333333333,4639.622,True,sl,breakout
cmpv115_breakout_2026-08-24__M15sig,2026-08-24,M15sig,2026-08-25 07:15:00,BUY,4639.976,4631.333,2026-08-25 07:53:21,4631.303,sl 4631.333,-8.68,531.26,8.643000000000029,-1.0042809209765093,38.35,4631.333,False,sl,breakout
cmpv115_breakout_2026-08-24__M15sig,2026-08-24,M15sig,2026-08-25 08:00:00,BUY,4630.438,4621.325,2026-08-25 08:08:55,4621.301,sl 4621.325,-9.14,522.12,9.113000000000284,-1.0029628003950088,8.916666666666666,4621.325,False,sl,breakout
cmpv115_breakout_2026-08-24__M15sig,2026-08-24,M15sig,2026-08-25 08:15:00,BUY,4626.678,4617.423,2026-08-25 08:38:29,4631.243,sl 4631.325,4.56,526.68,9.25500000000011,0.49270664505672024,23.483333333333334,4631.325,True,sl,breakout
cmpv115_breakout_2026-08-24__M15sig,2026-08-24,M15sig,2026-08-25 08:45:00,BUY,4632.332,4622.436,2026-08-25 12:18:40,4633.999,sl 4634.143,1.67,528.35,9.89600000000064,0.1687550525464725,213.66666666666666,4634.143,True,sl,breakout
cmpv115_breakout_2026-08-24__M15sig,2026-08-24,M15sig,2026-08-25 12:45:00,BUY,4638.547,4630.826,2026-08-25 13:00:39,4632.39,sl 4632.559,-6.16,522.19,7.720999999999549,-0.7978241160471908,15.65,4632.559,True,sl,breakout
cmpv115_breakout_2026-08-24__M15sig,2026-08-24,M15sig,2026-08-25 13:15:00,BUY,4623.402,4615.523,2026-08-25 13:23:01,4616.069,sl 4616.091,-7.33,514.86,7.878999999999905,-0.9303211067394451,8.016666666666667,4616.091,True,sl,breakout
cmpv115_breakout_2026-08-24__M15sig,2026-08-24,M15sig,2026-08-25 13:30:00,BUY,4609.968,4601.155,2026-08-25 13:36:53,4609.915,sl 4609.917,-0.05,514.81,8.813000000000102,-0.005673436968115219,6.883333333333334,4609.917,True,sl,breakout
cmpv115_breakout_2026-08-24__M15sig,2026-08-24,M15sig,2026-08-25 14:00:00,BUY,4616.585,4606.675,2026-08-25 15:36:02,4654.745,,38.16,552.97,9.909999999999854,3.8506559031282097,96.03333333333333,,False,other,breakout
cmpv115_breakout_2026-08-24__M15sig,2026-08-24,M15sig,2026-08-25 15:45:00,BUY,4656.224,4642.677,2026-08-25 16:15:11,4642.481,sl 4642.677,-13.74,539.23,13.54700000000048,-1.0142466966855772,30.183333333333334,4642.677,False,sl,breakout
cmpv115_breakout_2026-08-24__M15sig,2026-08-24,M15sig,2026-08-25 16:30:00,BUY,4640.975,4627.184,2026-08-25 19:16:30,4664.709,,23.73,562.96,13.791000000000167,1.7206874048292156,166.5,,False,other,breakout
cmpv115_breakout_2026-08-24__M15sig,2026-08-24,M15sig,2026-08-25 20:15:00,BUY,4665.754,4658.492,2026-08-25 20:55:46,4658.431,sl 4658.492,-7.32,555.64,7.261999999999716,-1.0079867805012788,40.766666666666666,4658.492,False,sl,breakout
cmpv115_breakout_2026-08-24__M15sig,2026-08-24,M15sig,2026-08-25 22:00:30,BUY,4658.314,4651.911,2026-08-25 23:21:43,4664.675,sl 4664.742,6.37,562.01,6.403000000000247,0.9948461658597149,81.21666666666667,4664.742,True,sl,breakout
cmpv115_breakout_2026-08-24__M15sig,2026-08-24,M15sig,2026-08-25 23:45:00,BUY,4656.435,4650.579,2026-08-26 00:15:13,4650.49,sl 4650.579,-5.95,555.53,5.856000000000677,-1.0160519125681886,30.216666666666665,4650.579,False,sl,breakout
cmpv115_breakout_2026-08-24__M15sig,2026-08-24,M15sig,2026-08-26 00:45:00,BUY,4637.294,4630.738,2026-08-26 01:00:02,4630.619,sl 4630.738,-6.67,548.86,6.555999999999585,-1.017388651616904,15.033333333333333,4630.738,False,sl,breakout
cmpv115_breakout_2026-08-24__M15sig,2026-08-24,M15sig,2026-08-26 02:00:00,BUY,4657.414,4648.516,2026-08-26 03:00:16,4656.556,sl 4656.602,-0.85,548.01,8.898000000000138,-0.09552708473814192,60.266666666666666,4656.602,True,sl,breakout
cmpv115_breakout_2026-08-24__M15sig,2026-08-24,M15sig,2026-08-26 03:15:00,BUY,4648.609,4638.267,2026-08-26 05:37:21,4640.303,sl 4640.343,-8.31,539.7,10.342000000000553,-0.803519628698468,142.35,4640.343,True,sl,breakout
cmpv115_breakout_2026-08-24__M15sig,2026-08-24,M15sig,2026-08-26 05:45:00,BUY,4638.377,4631.963,2026-08-26 06:18:04,4631.774,sl 4631.963,-6.61,533.09,6.414000000000669,-1.0305581540379343,33.06666666666667,4631.963,False,sl,breakout
cmpv115_breakout_2026-08-24__M15sig,2026-08-24,M15sig,2026-08-26 06:30:00,BUY,4626.855,4620.881,2026-08-26 07:39:26,4630.523,sl 4630.530,3.66,536.75,5.973999999999251,0.6126548376298057,69.43333333333334,4630.53,True,sl,breakout
cmpv115_breakout_2026-08-24__M15sig,2026-08-24,M15sig,2026-08-26 07:45:00,BUY,4631.822,4625.322,2026-08-26 08:15:02,4625.242,sl 4625.322,-6.58,530.17,6.5,-1.0123076923076924,30.033333333333335,4625.322,False,sl,breakout
cmpv115_breakout_2026-08-24__M15sig,2026-08-24,M15sig,2026-08-26 09:15:00,BUY,4625.306,4618.271,2026-08-26 09:25:15,4618.214,sl 4618.271,-7.1,523.07,7.0349999999998545,-1.0092395167022241,10.25,4618.271,False,sl,breakout
cmpv115_breakout_2026-08-24__M15sig,2026-08-24,M15sig,2026-08-26 09:45:00,BUY,4622.188,4614.893,2026-08-26 10:26:00,4614.836,sl 4614.893,-7.35,515.72,7.295000000000073,-1.0075394105551647,41.0,4614.893,False,sl,breakout
cmpv115_breakout_2026-08-24__M15sig,2026-08-24,M15sig,2026-08-26 10:45:00,BUY,4622.389,4615.587,2026-08-26 12:30:08,4622.903,sl 4622.969,0.51,516.23,6.80199999999968,0.07497794766245575,105.13333333333334,4622.969,True,sl,breakout
cmpv115_breakout_2026-08-24__M15sig,2026-08-24,M15sig,2026-08-26 12:45:00,BUY,4622.456,4614.764,2026-08-26 12:54:27,4614.401,sl 4614.764,-8.06,508.17,7.692000000000007,-1.0478419136765462,9.45,4614.764,False,sl,breakout
cmpv115_breakout_2026-08-24__M15sig,2026-08-24,M15sig,2026-08-26 13:45:00,BUY,4619.967,4609.875,2026-08-26 14:26:15,4617.044,sl 4617.082,-2.93,505.24,10.091999999999643,-0.2903289734443226,41.25,4617.082,True,sl,breakout
cmpv115_breakout_2026-08-24__M15sig,2026-08-24,M15sig,2026-08-26 14:30:00,BUY,4616.887,4605.611,2026-08-26 14:59:31,4605.341,sl 4605.611,-11.55,493.69,11.27599999999984,-1.0242993969492873,29.516666666666666,4605.611,False,sl,breakout
cmpv115_breakout_2026-08-24__M15sig,2026-08-24,M15sig,2026-08-26 16:30:00,BUY,4595.343,4581.997,2026-08-26 20:16:20,4590.538,sl 4590.599,-4.8,488.89,13.345999999999549,-0.3596583245916501,226.33333333333334,4590.599,True,sl,breakout
cmpv115_breakout_2026-08-24__M15sig,2026-08-24,M15sig,2026-08-26 20:45:00,BUY,4592.019,4585.906,2026-08-26 22:17:40,4611.018,,19.0,507.89,6.113000000000284,3.1081302142972547,92.66666666666667,,False,other,breakout
cmpv115_breakout_2026-08-24__M15sig,2026-08-24,M15sig,2026-08-26 23:00:00,BUY,4609.34,4603.151,2026-08-27 00:10:56,4617.028,sl 4617.133,7.69,513.98,6.189000000000306,1.2425270641460042,70.93333333333334,4617.133,True,sl,breakout
cmpv115_breakout_2026-08-24__M15sig,2026-08-24,M15sig,2026-08-27 00:30:00,BUY,4619.388,4612.269,2026-08-27 00:35:02,4612.248,sl 4612.269,-7.14,506.84,7.118999999999687,-1.0029498525074187,5.033333333333333,4612.269,False,sl,breakout
cmpv115_breakout_2026-08-24__M15sig,2026-08-24,M15sig,2026-08-27 01:00:00,BUY,4605.089,4597.172,2026-08-27 01:54:06,4634.436,,29.35,536.19,7.917000000000371,3.7072123279018094,54.1,,False,other,breakout
cmpv115_breakout_2026-08-24__M15sig,2026-08-24,M15sig,2026-08-27 03:30:00,BUY,4635.695,4624.964,2026-08-27 03:58:07,4624.886,sl 4624.964,-10.81,525.38,10.730999999999767,-1.0073618488491507,28.116666666666667,4624.964,False,sl,breakout
cmpv115_breakout_2026-08-24__M15sig,2026-08-24,M15sig,2026-08-27 04:30:00,BUY,4620.874,4611.741,2026-08-27 05:31:57,4611.722,sl 4611.741,-9.15,516.23,9.13299999999981,-1.0018613818022764,61.95,4611.741,False,sl,breakout
cmpv115_breakout_2026-08-24__M15sig,2026-08-24,M15sig,2026-08-27 05:45:00,BUY,4605.608,4598.971,2026-08-27 06:02:20,4599.436,sl 4599.563,-6.17,510.06,6.637000000000626,-0.9296368841343104,17.333333333333332,4599.563,True,sl,breakout
cmpv115_breakout_2026-08-24__M15sig,2026-08-24,M15sig,2026-08-27 06:15:00,BUY,4606.074,4599.513,2026-08-27 06:52:03,4602.027,sl 4602.175,-4.04,506.02,6.560999999999694,-0.6157597927145539,37.05,4602.175,True,sl,breakout
cmpv115_breakout_2026-08-24__M15sig,2026-08-24,M15sig,2026-08-27 07:15:00,BUY,4603.945,4596.957,2026-08-27 07:19:24,4596.928,sl 4596.957,-7.02,499.0,6.987999999999374,-1.0045792787636847,4.4,4596.957,False,sl,breakout
cmpv115_breakout_2026-08-24__M15sig,2026-08-24,M15sig,2026-08-27 07:30:00,BUY,4599.466,4592.116,2026-08-27 08:44:44,4595.149,sl 4595.174,-4.32,494.68,7.350000000000364,-0.5877551020407873,74.73333333333333,4595.174,True,sl,breakout
cmpv115_breakout_2026-08-24__M15sig,2026-08-24,M15sig,2026-08-27 09:00:00,BUY,4599.134,4590.776,2026-08-27 09:36:47,4590.629,sl 4590.776,-8.5,486.18,8.358000000000175,-1.0169897104570258,36.78333333333333,4590.776,False,sl,breakout
cmpv115_breakout_2026-08-24__M15sig,2026-08-24,M15sig,2026-08-27 09:45:00,BUY,4582.58,4574.108,2026-08-27 10:02:24,4573.921,sl 4574.108,-8.66,477.52,8.471999999999753,-1.0221907459868098,17.4,4574.108,False,sl,breakout
cmpv115_breakout_2026-08-24__M15sig,2026-08-24,M15sig,2026-08-27 10:30:00,BUY,4580.468,4571.948,2026-08-27 12:37:59,4589.008,sl 4589.015,8.54,486.06,8.519999999999527,1.002347417840431,127.98333333333333,4589.015,True,sl,breakout
cmpv115_breakout_2026-08-24__M15sig,2026-08-24,M15sig,2026-08-27 13:30:00,BUY,4590.554,4582.33,2026-08-27 13:32:41,4582.162,sl 4582.330,-8.39,477.67,8.22400000000016,-1.020184824902704,2.683333333333333,4582.33,False,sl,breakout
cmpv115_breakout_2026-08-24__M15sig,2026-08-24,M15sig,2026-08-27 13:45:00,BUY,4579.05,4570.266,2026-08-27 13:48:22,4570.183,sl 4570.266,-8.87,468.8,8.78400000000056,-1.0097905282330868,3.3666666666666667,4570.266,False,sl,breakout
cmpv115_breakout_2026-08-24__M15sig,2026-08-24,M15sig,2026-08-27 14:30:00,BUY,4581.298,4571.213,2026-08-27 16:53:08,4615.348,,34.05,502.85,10.085000000000036,3.376301437778867,143.13333333333333,,False,other,breakout
cmpv115_breakout_2026-08-24__M15sig,2026-08-24,M15sig,2026-08-27 17:15:00,BUY,4610.495,4600.344,2026-08-27 19:22:09,4606.838,sl 4606.907,-3.66,499.19,10.15099999999984,-0.36055561028470673,127.15,4606.907,True,sl,breakout
cmpv115_breakout_2026-08-24__M15sig,2026-08-24,M15sig,2026-08-27 19:45:00,BUY,4609.838,4603.115,2026-08-27 20:25:54,4603.096,sl 4603.115,-6.74,492.45,6.722999999999956,-1.002528633050728,40.9,4603.115,False,sl,breakout
cmpv115_breakout_2026-08-24__M15sig,2026-08-24,M15sig,2026-08-27 20:30:00,BUY,4604.062,4597.581,2026-08-27 23:14:51,4602.83,sl 4602.840,-1.23,491.22,6.480999999999767,-0.18978552692486408,164.85,4602.84,True,sl,breakout
cmpv115_breakout_2026-08-24__M15sig,2026-08-24,M15sig,2026-08-27 23:15:00,BUY,4603.242,4597.211,2026-08-27 23:47:04,4597.178,sl 4597.211,-6.06,485.16,6.030999999999949,-1.0048084894710745,32.06666666666667,4597.211,False,sl,breakout
cmpv115_breakout_2026-08-24__M15sig,2026-08-24,M15sig,2026-08-28 00:30:00,BUY,4594.344,4588.754,2026-08-28 00:33:50,4588.725,sl 4588.754,-5.61,479.55,5.5900000000001455,-1.0035778175312797,3.8333333333333335,4588.754,False,sl,breakout
cmpv115_breakout_2026-08-24__M15sig,2026-08-24,M15sig,2026-08-28 00:45:00,BUY,4591.466,4585.831,2026-08-28 00:57:23,4585.546,sl 4585.831,-5.92,473.63,5.635000000000218,-1.0505767524400658,12.383333333333333,4585.831,False,sl,breakout
cmpv115_breakout_2026-08-24__M15sig,2026-08-24,M15sig,2026-08-28 01:45:00,BUY,4582.121,4574.378,2026-08-28 05:36:45,4577.083,sl 4577.131,-5.04,468.59,7.743000000000393,-0.6509104998062436,231.75,4577.131,True,sl,breakout
cmpv115_breakout_2026-08-24__M15sig,2026-08-24,M15sig,2026-08-28 06:15:00,BUY,4581.913,4575.075,2026-08-28 06:51:50,4602.552,,20.64,489.23,6.837999999999738,3.018426440479788,36.833333333333336,,False,other,breakout
cmpv115_breakout_2026-08-24__M15sig,2026-08-24,M15sig,2026-08-28 07:00:00,BUY,4612.609,4604.415,2026-08-28 07:06:43,4604.407,sl 4604.415,-8.2,481.03,8.194000000000415,-1.0007322431046601,6.716666666666667,4604.415,False,sl,breakout
cmpv115_breakout_2026-08-24__M15sig,2026-08-24,M15sig,2026-08-28 07:15:00,BUY,4600.748,4591.88,2026-08-28 10:49:40,4599.783,sl 4599.885,-0.97,480.06,8.867999999999483,-0.10938204781236541,214.66666666666666,4599.885,True,sl,breakout
cmpv115_breakout_2026-08-24__M15sig,2026-08-24,M15sig,2026-08-28 11:15:00,BUY,4599.023,4593.447,2026-08-28 11:40:00,4593.425,sl 4593.447,-5.59,474.47,5.576000000000022,-1.0025107604017176,25.0,4593.447,False,sl,breakout
cmpv115_breakout_2026-08-24__M15sig,2026-08-24,M15sig,2026-08-28 12:00:00,BUY,4593.599,4587.811,2026-08-28 12:32:35,4594.953,sl 4595.026,1.35,475.82,5.788000000000466,0.2332411886661872,32.583333333333336,4595.026,True,sl,breakout
cmpv115_breakout_2026-08-24__M15sig,2026-08-24,M15sig,2026-08-28 13:00:00,BUY,4601.65,4594.229,2026-08-28 13:16:05,4594.186,sl 4594.229,-7.46,468.36,7.420999999999367,-1.0052553564210533,16.083333333333332,4594.229,False,sl,breakout
cmpv115_breakout_2026-08-24__M15sig,2026-08-24,M15sig,2026-08-28 13:30:00,BUY,4603.985,4595.74,2026-08-28 13:59:56,4614.735,sl 4614.736,10.75,479.11,8.24499999999989,1.3038204972710907,29.933333333333334,4614.736,True,sl,breakout
cmpv115_breakout_2026-08-24__M15sig,2026-08-24,M15sig,2026-08-28 14:15:00,SELL,4546.224,4561.619,2026-08-28 14:17:34,4561.86,sl 4561.619,-15.64,463.47,15.394999999999527,-1.015914257875965,2.566666666666667,4561.619,False,sl,breakout
cmpv115_breakout_2026-08-24__M15sig,2026-08-24,M15sig,2026-08-28 14:30:00,SELL,4551.97,4569.714,2026-08-28 14:34:14,4569.725,sl 4569.714,-17.76,445.71,17.743999999999687,-1.0009017132552025,4.233333333333333,4569.714,False,sl,breakout
cmpv115_breakout_2026-08-24__M15sig,2026-08-24,M15sig,2026-08-28 14:45:00,BUY,4561.754,4542.661,2026-08-28 15:21:45,4552.117,sl 4552.308,-9.63,436.08,19.092999999999847,-0.5043733305399926,36.75,4552.308,True,sl,breakout
cmpv115_breakout_2026-08-24__M15sig,2026-08-24,M15sig,2026-08-28 16:15:00,SELL,4498.042,4525.207,2026-08-28 19:51:32,4454.449,,43.59,479.67,27.164999999999964,1.6046383213694115,216.53333333333333,,False,other,breakout
cmpv115_breakout_2026-08-24__M15sig,2026-08-24,M15sig,2026-08-28 20:00:00,SELL,4458.52,4471.083,2026-08-28 20:57:59,4456.394,end of test,2.13,481.8,12.562999999999192,0.16954549072674813,57.983333333333334,,False,end,breakout
cmpv115_swing_2026-08-24__M15sig,2026-08-24,M15sig,2026-08-24 00:26:30,BUY,4602.436,4599.056,2026-08-24 00:26:43,4599.051,sl 4599.056,-3.39,496.61,3.380000000000109,-1.0029585798816245,0.21666666666666667,4599.056,False,sl,swing
cmpv115_swing_2026-08-24__M15sig,2026-08-24,M15sig,2026-08-24 07:45:09,BUY,4632.284,4626.386,2026-08-24 08:29:45,4629.831,sl 4629.875,-2.45,494.16,5.897999999999229,-0.41539504916926423,44.6,4629.875,True,sl,swing
cmpv115_swing_2026-08-24__M15sig,2026-08-24,M15sig,2026-08-24 17:20:59,BUY,4638.907,4634.437,2026-08-24 17:21:12,4634.405,sl 4634.437,-4.5,489.66,4.470000000000255,-1.0067114093959157,0.21666666666666667,4634.437,False,sl,swing
cmpv115_swing_2026-08-24__M15sig,2026-08-24,M15sig,2026-08-25 11:19:39,SELL,4645.28,4649.409,2026-08-25 12:48:06,4641.688,sl 4641.645,3.59,493.25,4.128999999999905,0.8694599176556266,88.45,4641.645,True,sl,swing
cmpv115_swing_2026-08-24__M15sig,2026-08-24,M15sig,2026-08-25 23:49:10,BUY,4655.32,4652.072,2026-08-26 00:04:06,4651.988,sl 4652.072,-3.33,489.39,3.2479999999995925,-1.0252463054188479,14.933333333333334,4652.072,False,sl,swing
cmpv115_swing_2026-08-24__M15sig,2026-08-24,M15sig,2026-08-27 01:53:42,SELL,4633.515,4636.719,2026-08-27 01:55:56,4636.745,sl 4636.719,-3.23,486.16,3.2039999999997235,-1.0081148564295501,2.2333333333333334,4636.719,False,sl,swing
cmpv115_swing_2026-08-24__M15sig,2026-08-24,M15sig,2026-08-27 15:40:11,SELL,4601.949,4605.355,2026-08-27 15:42:55,4605.588,sl 4605.355,-3.64,482.52,3.405999999999949,-1.0687022900763519,2.7333333333333334,4605.355,False,sl,swing
cmpv115_swing_2026-08-24__M15sig,2026-08-24,M15sig,2026-08-28 06:45:37,SELL,4590.158,4592.973,2026-08-28 06:47:40,4592.991,sl 4592.973,-2.83,479.69,2.8149999999996,-1.0053285968029848,2.05,4592.973,False,sl,swing
cmpv115_breakout_2026-08-31__M15sig,2026-08-31,M15sig,2026-08-31 00:00:00,SELL,4458.301,4468.574,2026-08-31 00:36:40,4468.689,sl 4468.574,-10.39,489.61,10.272999999999229,-1.0113890781661423,36.666666666666664,4468.574,False,sl,breakout
cmpv115_breakout_2026-08-31__M15sig,2026-08-31,M15sig,2026-08-31 00:45:00,SELL,4465.37,4476.6,2026-08-31 01:02:21,4456.157,sl 4456.156,9.21,498.82,11.230000000000473,0.8201246660729843,17.35,4456.156,True,sl,breakout
cmpv115_breakout_2026-08-31__M15sig,2026-08-31,M15sig,2026-08-31 02:00:00,SELL,4440.316,4454.264,2026-08-31 02:57:59,4421.321,sl 4421.315,19.0,517.82,13.94800000000032,1.3622024663033814,57.983333333333334,4421.315,True,sl,breakout
cmpv115_breakout_2026-08-31__M15sig,2026-08-31,M15sig,2026-08-31 03:30:00,SELL,4427.812,4443.883,2026-08-31 05:24:45,4434.364,sl 4434.351,-6.55,511.27,16.070999999999913,-0.40756642399353094,114.75,4434.351,True,sl,breakout
cmpv115_breakout_2026-08-31__M15sig,2026-08-31,M15sig,2026-08-31 05:30:00,SELL,4440.192,4452.134,2026-08-31 07:24:26,4445.024,sl 4444.975,-4.83,506.44,11.942000000000007,-0.40445486518171136,114.43333333333334,4444.975,True,sl,breakout
cmpv115_breakout_2026-08-31__M15sig,2026-08-31,M15sig,2026-08-31 07:30:00,SELL,4444.109,4453.738,2026-08-31 10:05:22,4448.813,sl 4448.802,-4.7,501.74,9.628999999999905,-0.48810883788555887,155.36666666666667,4448.802,True,sl,breakout
cmpv115_breakout_2026-08-31__M15sig,2026-08-31,M15sig,2026-08-31 11:00:00,SELL,4453.912,4460.351,2026-08-31 11:25:58,4460.394,sl 4460.351,-6.48,495.26,6.438999999999396,-1.0063674483616414,25.966666666666665,4460.351,False,sl,breakout
cmpv115_breakout_2026-08-31__M15sig,2026-08-31,M15sig,2026-08-31 11:45:00,SELL,4454.857,4461.35,2026-08-31 12:13:31,4460.204,sl 4460.155,-5.34,489.92,6.493000000000393,-0.8224241490835787,28.516666666666666,4460.155,True,sl,breakout
cmpv115_breakout_2026-08-31__M15sig,2026-08-31,M15sig,2026-08-31 13:00:00,SELL,4435.728,4443.331,2026-08-31 13:07:29,4443.39,sl 4443.331,-7.66,482.26,7.6030000000000655,-1.0074970406418433,7.483333333333333,4443.331,False,sl,breakout
cmpv115_breakout_2026-08-31__M15sig,2026-08-31,M15sig,2026-08-31 13:15:00,SELL,4446.131,4454.256,2026-08-31 13:52:59,4419.471,,26.66,508.92,8.125,3.281230769230769,37.983333333333334,,False,other,breakout
cmpv115_breakout_2026-08-31__M15sig,2026-08-31,M15sig,2026-08-31 14:15:00,SELL,4427.267,4437.602,2026-08-31 14:37:06,4432.541,sl 4432.413,-5.27,503.65,10.335000000000036,-0.5099177552007722,22.1,4432.413,True,sl,breakout
cmpv115_breakout_2026-08-31__M15sig,2026-08-31,M15sig,2026-08-31 14:45:00,SELL,4432.942,4444.763,2026-08-31 19:23:31,4437.815,sl 4437.794,-4.88,498.77,11.820999999999913,-0.4128246341257115,278.51666666666665,4437.794,True,sl,breakout
cmpv115_breakout_2026-08-31__M15sig,2026-08-31,M15sig,2026-08-31 19:30:00,SELL,4440.386,4447.264,2026-08-31 19:48:31,4447.266,sl 4447.264,-6.88,491.89,6.877999999999702,-1.0002907822041724,18.516666666666666,4447.264,False,sl,breakout
cmpv115_breakout_2026-08-31__M15sig,2026-08-31,M15sig,2026-08-31 20:00:00,SELL,4453.547,4460.424,2026-08-31 23:54:11,4450.929,sl 4450.663,2.62,494.51,6.8770000000004075,0.380980078522589,234.18333333333334,4450.663,True,sl,breakout
cmpv115_breakout_2026-08-31__M15sig,2026-08-31,M15sig,2026-09-01 00:00:00,SELL,4452.22,4457.411,2026-09-01 00:04:59,4454.156,sl 4454.114,-1.94,492.57,5.1909999999998035,-0.3737237526488294,4.983333333333333,4454.114,True,sl,breakout
cmpv115_breakout_2026-08-31__M15sig,2026-08-31,M15sig,2026-09-01 00:15:00,SELL,4455.298,4460.884,2026-09-01 00:21:17,4460.935,sl 4460.884,-5.64,486.93,5.58600000000024,-1.0096670247045751,6.283333333333333,4460.884,False,sl,breakout
cmpv115_breakout_2026-08-31__M15sig,2026-08-31,M15sig,2026-09-01 00:30:00,SELL,4460.547,4465.86,2026-09-01 00:52:19,4460.429,sl 4460.426,0.12,487.05,5.313000000000102,0.022586109542630847,22.316666666666666,4460.426,True,sl,breakout
cmpv115_breakout_2026-08-31__M15sig,2026-08-31,M15sig,2026-09-01 01:00:00,SELL,4453.562,4459.542,2026-09-01 02:04:59,4447.3,sl 4447.250,6.26,493.31,5.980000000000473,1.0468227424748335,64.98333333333333,4447.25,True,sl,breakout
cmpv115_breakout_2026-08-31__M15sig,2026-08-31,M15sig,2026-09-01 03:15:01,SELL,4439.618,4449.08,2026-09-01 05:31:26,4434.879,sl 4434.810,4.74,498.05,9.461999999999534,0.5009511731135313,136.41666666666666,4434.81,True,sl,breakout
cmpv115_breakout_2026-08-31__M15sig,2026-08-31,M15sig,2026-09-01 05:45:00,SELL,4442.621,4450.608,2026-09-01 07:30:48,4420.767,,21.85,519.9,7.98700000000008,2.735695505195916,105.8,,False,other,breakout
cmpv115_breakout_2026-08-31__M15sig,2026-08-31,M15sig,2026-09-01 07:45:00,SELL,4418.348,4426.224,2026-09-01 08:09:51,4394.229,,24.12,544.02,7.876000000000204,3.0624682579989053,24.85,,False,other,breakout
cmpv115_breakout_2026-08-31__M15sig,2026-08-31,M15sig,2026-09-01 08:30:00,SELL,4383.198,4394.545,2026-09-01 10:16:29,4382.404,sl 4382.387,0.8,544.82,11.346999999999753,0.0705032167092639,106.48333333333333,4382.387,True,sl,breakout
cmpv115_breakout_2026-08-31__M15sig,2026-08-31,M15sig,2026-09-01 10:30:00,SELL,4384.883,4397.343,2026-09-01 12:35:47,4357.564,,27.32,572.14,12.460000000000036,2.192616372391647,125.78333333333333,,False,other,breakout
cmpv115_breakout_2026-08-31__M15sig,2026-08-31,M15sig,2026-09-01 13:15:00,SELL,4329.621,4341.375,2026-09-01 13:26:23,4341.429,sl 4341.375,-11.81,560.33,11.753999999999905,-1.0047643355453544,11.383333333333333,4341.375,False,sl,breakout
cmpv115_breakout_2026-08-31__M15sig,2026-08-31,M15sig,2026-09-01 13:30:00,SELL,4343.074,4355.5,2026-09-01 13:37:31,4355.558,sl 4355.500,-12.49,547.84,12.426000000000386,-1.0051504909061333,7.516666666666667,4355.5,False,sl,breakout
cmpv115_breakout_2026-08-31__M15sig,2026-08-31,M15sig,2026-09-01 13:45:00,SELL,4361.602,4374.273,2026-09-01 14:18:01,4373.369,sl 4373.083,-11.77,536.07,12.671000000000276,-0.9288927472180367,33.016666666666666,4373.083,True,sl,breakout
cmpv115_breakout_2026-08-31__M15sig,2026-08-31,M15sig,2026-09-01 14:30:00,SELL,4365.795,4380.02,2026-09-01 18:09:04,4338.142,,27.66,563.73,14.225000000000364,1.9444639718804424,219.06666666666666,,False,other,breakout
cmpv115_breakout_2026-08-31__M15sig,2026-08-31,M15sig,2026-09-01 18:15:00,SELL,4336.585,4345.889,2026-09-01 23:38:29,4335.088,sl 4335.050,1.5,565.23,9.304000000000087,0.16122098022355824,323.48333333333335,4335.05,True,sl,breakout
cmpv115_breakout_2026-08-31__M15sig,2026-08-31,M15sig,2026-09-01 23:45:00,SELL,4333.78,4339.146,2026-09-02 00:02:38,4316.093,,17.69,582.92,5.3659999999999854,3.2966828177413436,17.633333333333333,,False,other,breakout
cmpv115_breakout_2026-08-31__M15sig,2026-08-31,M15sig,2026-09-02 00:15:00,SELL,4328.213,4334.289,2026-09-02 00:17:36,4334.519,sl 4334.289,-6.31,576.61,6.076000000000022,-1.0385121790651706,2.6,4334.289,False,sl,breakout
cmpv115_breakout_2026-08-31__M15sig,2026-08-31,M15sig,2026-09-02 00:30:00,SELL,4325.891,4332.327,2026-09-02 00:44:30,4330.263,sl 4330.241,-4.37,572.24,6.436000000000604,-0.6789931634554988,14.5,4330.241,True,sl,breakout
cmpv115_breakout_2026-08-31__M15sig,2026-08-31,M15sig,2026-09-02 01:15:00,SELL,4317.434,4325.983,2026-09-02 01:15:54,4326.108,sl 4325.983,-8.68,563.56,8.548999999999978,-1.0153234296408962,0.9,4325.983,False,sl,breakout
cmpv115_breakout_2026-08-31__M15sig,2026-08-31,M15sig,2026-09-02 01:30:00,SELL,4317.526,4326.681,2026-09-02 01:58:39,4288.391,,29.14,592.7,9.154999999999745,3.1829601310760034,28.65,,False,other,breakout
cmpv115_breakout_2026-08-31__M15sig,2026-08-31,M15sig,2026-09-02 02:15:00,SELL,4296.148,4308.054,2026-09-02 02:34:39,4308.159,sl 4308.054,-12.01,580.69,11.905999999999949,-1.0087350915504831,19.65,4308.054,False,sl,breakout
cmpv115_breakout_2026-08-31__M15sig,2026-08-31,M15sig,2026-09-02 02:45:00,SELL,4309.502,4322.609,2026-09-02 03:56:38,4303.709,sl 4303.657,5.79,586.48,13.106999999999971,0.4417486839093624,71.63333333333334,4303.657,True,sl,breakout
cmpv115_breakout_2026-08-31__M15sig,2026-08-31,M15sig,2026-09-02 05:00:00,SELL,4307.242,4318.256,2026-09-02 05:30:02,4318.411,sl 4318.256,-11.17,575.31,11.014000000000124,-1.014163791538031,30.033333333333335,4318.256,False,sl,breakout
cmpv115_breakout_2026-08-31__M15sig,2026-08-31,M15sig,2026-09-02 05:45:00,SELL,4323.058,4332.337,2026-09-02 07:10:16,4327.922,sl 4327.879,-4.86,570.45,9.279000000000451,-0.5237633365664149,85.26666666666667,4327.879,True,sl,breakout
cmpv115_breakout_2026-08-31__M15sig,2026-08-31,M15sig,2026-09-02 07:30:00,SELL,4326.756,4334.539,2026-09-02 10:06:47,4302.385,,24.37,594.82,7.782999999999447,3.1311833483234914,156.78333333333333,,False,other,breakout
cmpv115_breakout_2026-08-31__M15sig,2026-08-31,M15sig,2026-09-02 10:45:00,SELL,4309.428,4316.475,2026-09-02 11:11:31,4316.012,sl 4315.975,-6.58,588.24,7.04700000000048,-0.9337306655313682,26.516666666666666,4315.975,True,sl,breakout
cmpv115_breakout_2026-08-31__M15sig,2026-08-31,M15sig,2026-09-02 11:45:00,SELL,4324.82,4332.815,2026-09-02 11:55:29,4332.895,sl 4332.815,-8.08,580.16,7.994999999999891,-1.010631644778,10.483333333333333,4332.815,False,sl,breakout
cmpv115_breakout_2026-08-31__M15sig,2026-08-31,M15sig,2026-09-02 12:00:00,SELL,4332.228,4340.555,2026-09-02 12:20:43,4340.632,sl 4340.555,-8.4,571.76,8.327000000000226,-1.0087666626635972,20.716666666666665,4340.555,False,sl,breakout
cmpv115_breakout_2026-08-31__M15sig,2026-08-31,M15sig,2026-09-02 12:30:00,SELL,4336.418,4345.077,2026-09-02 13:02:17,4340.749,sl 4340.708,-4.33,567.43,8.65900000000056,-0.5000577433883496,32.28333333333333,4340.708,True,sl,breakout
cmpv115_breakout_2026-08-31__M15sig,2026-08-31,M15sig,2026-09-02 13:15:00,SELL,4339.427,4348.657,2026-09-02 13:25:18,4348.706,sl 4348.657,-9.28,558.15,9.230000000000473,-1.0054171180931228,10.3,4348.657,False,sl,breakout
cmpv115_breakout_2026-08-31__M15sig,2026-08-31,M15sig,2026-09-02 14:15:00,SELL,4388.016,4401.512,2026-09-02 17:26:18,4369.437,sl 4369.321,18.58,576.73,13.496000000000095,1.3767042086544063,191.3,4369.321,True,sl,breakout
cmpv115_breakout_2026-08-31__M15sig,2026-08-31,M15sig,2026-09-02 17:30:00,SELL,4370.02,4378.503,2026-09-02 17:45:16,4378.542,sl 4378.503,-8.52,568.21,8.482999999999265,-1.0043616645055684,15.266666666666667,4378.503,False,sl,breakout
cmpv115_breakout_2026-08-31__M15sig,2026-08-31,M15sig,2026-09-02 18:00:00,SELL,4376.901,4384.322,2026-09-02 19:23:06,4380.828,sl 4380.640,-3.93,564.28,7.4210000000002765,-0.5295782239590154,83.1,4380.64,True,sl,breakout
cmpv115_breakout_2026-08-31__M15sig,2026-08-31,M15sig,2026-09-02 19:30:00,SELL,4381.079,4387.602,2026-09-02 19:44:28,4387.78,sl 4387.602,-6.7,557.58,6.523000000000138,-1.0271347539475484,14.466666666666667,4387.602,False,sl,breakout
cmpv115_breakout_2026-08-31__M15sig,2026-08-31,M15sig,2026-09-02 20:15:00,SELL,4386.095,4392.824,2026-09-02 22:02:37,4392.842,sl 4392.824,-6.74,550.84,6.72899999999936,-1.0016347154110032,107.61666666666666,4392.824,False,sl,breakout
cmpv115_breakout_2026-08-31__M15sig,2026-08-31,M15sig,2026-09-02 22:30:00,SELL,4389.969,4395.867,2026-09-02 23:46:39,4389.108,sl 4389.001,0.86,551.7,5.898000000000138,0.1458121397083723,76.65,4389.001,True,sl,breakout
cmpv115_breakout_2026-08-31__M15sig,2026-08-31,M15sig,2026-09-03 00:00:00,SELL,4385.81,4390.272,2026-09-03 00:05:37,4390.285,sl 4390.272,-4.48,547.22,4.461999999999534,-1.004034065441611,5.616666666666666,4390.272,False,sl,breakout
cmpv115_breakout_2026-08-31__M15sig,2026-08-31,M15sig,2026-09-03 00:15:00,SELL,4390.325,4394.806,2026-09-03 00:38:57,4389.799,sl 4389.655,0.53,547.75,4.480999999999767,0.11827717027449845,23.95,4389.655,True,sl,breakout
cmpv115_breakout_2026-08-31__M15sig,2026-08-31,M15sig,2026-09-03 00:45:00,SELL,4387.669,4392.179,2026-09-03 00:50:36,4392.182,sl 4392.179,-4.51,543.24,4.510000000000218,-0.9999999999999516,5.6,4392.179,False,sl,breakout
cmpv115_breakout_2026-08-31__M15sig,2026-08-31,M15sig,2026-09-03 01:00:00,SELL,4395.355,4400.455,2026-09-03 01:03:00,4395.283,sl 4395.252,0.08,543.32,5.100000000000364,0.015686274509802804,3.0,4395.252,True,sl,breakout
cmpv115_breakout_2026-08-31__M15sig,2026-08-31,M15sig,2026-09-03 01:45:00,SELL,4400.857,4407.974,2026-09-03 01:49:38,4408.106,sl 4407.974,-7.25,536.07,7.117000000000189,-1.0186876492904042,4.633333333333334,4407.974,False,sl,breakout
cmpv115_breakout_2026-08-31__M15sig,2026-08-31,M15sig,2026-09-03 02:00:00,SELL,4410.443,4418.211,2026-09-03 02:37:34,4418.36,sl 4418.211,-7.92,528.15,7.768000000000029,-1.0195674562306862,37.56666666666667,4418.211,False,sl,breakout
cmpv115_breakout_2026-08-31__M15sig,2026-08-31,M15sig,2026-09-03 02:45:00,SELL,4413.747,4422.388,2026-09-03 03:03:46,4422.626,sl 4422.388,-8.88,519.27,8.640999999999622,-1.0276588357829406,18.766666666666666,4422.388,False,sl,breakout
cmpv115_breakout_2026-08-31__M15sig,2026-08-31,M15sig,2026-09-03 03:30:00,SELL,4429.216,4438.957,2026-09-03 05:00:28,4439.082,sl 4438.957,-9.86,509.41,9.740999999999985,-1.0122164048865634,90.46666666666667,4438.957,False,sl,breakout
cmpv115_breakout_2026-08-31__M15sig,2026-08-31,M15sig,2026-09-03 05:30:00,SELL,4425.158,4432.79,2026-09-03 05:35:20,4432.809,sl 4432.790,-7.65,501.76,7.631999999999607,-1.0023584905660894,5.333333333333333,4432.79,False,sl,breakout
cmpv115_breakout_2026-08-31__M15sig,2026-08-31,M15sig,2026-09-03 05:45:00,SELL,4432.205,4440.104,2026-09-03 07:05:00,4431.809,sl 4431.725,0.4,502.16,7.899000000000342,0.050639321433090606,80.0,4431.725,True,sl,breakout
cmpv115_breakout_2026-08-31__M15sig,2026-08-31,M15sig,2026-09-03 08:00:00,SELL,4428.79,4437.445,2026-09-03 08:03:35,4437.483,sl 4437.445,-8.69,493.47,8.654999999999745,-1.0040439052571064,3.5833333333333335,4437.445,False,sl,breakout
cmpv115_breakout_2026-08-31__M15sig,2026-08-31,M15sig,2026-09-03 08:30:00,SELL,4438.344,4448.203,2026-09-03 11:11:10,4431.71,sl 4431.662,6.63,500.1,9.859000000000378,0.6724819961456279,161.16666666666666,4431.662,True,sl,breakout
cmpv115_breakout_2026-08-31__M15sig,2026-08-31,M15sig,2026-09-03 11:15:00,SELL,4432.586,4440.187,2026-09-03 11:40:56,4438.349,sl 4438.320,-5.76,494.34,7.600999999999658,-0.7577950269701695,25.933333333333334,4438.32,True,sl,breakout
cmpv115_breakout_2026-08-31__M15sig,2026-08-31,M15sig,2026-09-03 11:45:01,SELL,4438.606,4446.093,2026-09-03 11:57:58,4446.188,sl 4446.093,-7.58,486.76,7.48700000000008,-1.0124215306531212,12.95,4446.093,False,sl,breakout
cmpv115_breakout_2026-08-31__M15sig,2026-08-31,M15sig,2026-09-03 12:45:00,BUY,4467.915,4458.188,2026-09-03 13:17:59,4480.366,sl 4480.369,12.45,499.21,9.726999999999862,1.2799424282924001,32.983333333333334,4480.369,True,sl,breakout
cmpv115_breakout_2026-08-31__M15sig,2026-08-31,M15sig,2026-09-03 14:30:00,BUY,4477.705,4463.493,2026-09-03 15:50:09,4487.326,sl 4487.338,9.62,508.83,14.211999999999534,0.6768927666760706,80.15,4487.338,True,sl,breakout
cmpv115_breakout_2026-08-31__M15sig,2026-08-31,M15sig,2026-09-03 16:45:00,BUY,4487.919,4475.737,2026-09-03 18:30:13,4479.593,sl 4479.598,-8.33,500.5,12.181999999999789,-0.6837957642423366,105.21666666666667,4479.598,True,sl,breakout
cmpv115_breakout_2026-08-31__M15sig,2026-08-31,M15sig,2026-09-03 18:45:00,BUY,4481.607,4473.807,2026-09-03 19:13:35,4473.783,sl 4473.807,-7.83,492.67,7.800000000000182,-1.0038461538461305,28.583333333333332,4473.807,False,sl,breakout
cmpv115_breakout_2026-08-31__M15sig,2026-08-31,M15sig,2026-09-03 19:15:00,BUY,4474.468,4467.475,2026-09-03 20:15:30,4470.831,sl 4470.917,-3.64,489.03,6.992999999999483,-0.520520520520559,60.5,4470.917,True,sl,breakout
cmpv115_breakout_2026-08-31__M15sig,2026-08-31,M15sig,2026-09-03 20:30:00,BUY,4472.043,4465.99,2026-09-04 00:18:13,4476.311,sl 4476.526,4.27,492.77,6.052999999999884,0.7054353213282805,228.21666666666667,4476.526,True,sl,breakout
cmpv115_breakout_2026-08-31__M15sig,2026-08-31,M15sig,2026-09-04 00:30:00,BUY,4474.926,4470.484,2026-09-04 01:03:32,4479.643,sl 4479.769,4.71,497.48,4.442000000000007,1.0603331832507863,33.53333333333333,4479.769,True,sl,breakout
cmpv115_breakout_2026-08-31__M15sig,2026-08-31,M15sig,2026-09-04 01:15:00,BUY,4475.087,4469.167,2026-09-04 01:26:58,4469.712,sl 4469.752,-5.38,492.1,5.920000000000073,-0.9087837837837726,11.966666666666667,4469.752,True,sl,breakout
cmpv115_breakout_2026-08-31__M15sig,2026-08-31,M15sig,2026-09-04 01:30:00,BUY,4471.181,4464.628,2026-09-04 01:47:34,4466.846,sl 4466.858,-4.33,487.77,6.552999999999884,-0.6607660613459602,17.566666666666666,4466.858,True,sl,breakout
cmpv115_breakout_2026-08-31__M15sig,2026-08-31,M15sig,2026-09-04 02:15:00,BUY,4479.571,4472.035,2026-09-04 02:28:26,4472.023,sl 4472.035,-7.55,480.22,7.536000000000058,-1.0018577494692067,13.433333333333334,4472.035,False,sl,breakout
cmpv115_breakout_2026-08-31__M15sig,2026-08-31,M15sig,2026-09-04 02:30:00,BUY,4473.984,4466.155,2026-09-04 03:51:36,4468.631,sl 4468.642,-5.35,474.87,7.829000000000633,-0.6833567505427982,81.6,4468.642,True,sl,breakout
cmpv115_breakout_2026-08-31__M15sig,2026-08-31,M15sig,2026-09-04 04:00:00,BUY,4467.046,4458.667,2026-09-04 05:50:33,4468.557,sl 4468.710,1.51,476.38,8.378999999999905,0.18021243585153562,110.55,4468.71,True,sl,breakout
cmpv115_breakout_2026-08-31__M15sig,2026-08-31,M15sig,2026-09-04 06:30:00,BUY,4469.19,4463.412,2026-09-04 06:37:09,4463.363,sl 4463.412,-5.83,470.55,5.777999999999338,-1.0089996538595827,7.15,4463.412,False,sl,breakout
cmpv115_breakout_2026-08-31__M15sig,2026-08-31,M15sig,2026-09-04 06:45:00,BUY,4464.481,4458.847,2026-09-04 07:43:27,4483.181,,18.7,489.25,5.6340000000000146,3.31913383031593,58.45,,False,other,breakout
cmpv115_breakout_2026-08-31__M15sig,2026-08-31,M15sig,2026-09-04 08:15:00,BUY,4482.314,4474.83,2026-09-04 08:49:48,4474.733,sl 4474.830,-7.58,481.67,7.484000000000378,-1.012827365045379,34.8,4474.83,False,sl,breakout
cmpv115_breakout_2026-08-31__M15sig,2026-08-31,M15sig,2026-09-04 09:15:00,BUY,4470.415,4463.114,2026-09-04 11:29:21,4465.374,sl 4465.404,-5.05,476.62,7.301000000000386,-0.6916860704012784,134.35,4465.404,True,sl,breakout
cmpv115_breakout_2026-08-31__M15sig,2026-08-31,M15sig,2026-09-04 11:45:00,BUY,4468.271,4462.548,2026-09-04 12:30:01,4464.179,sl 4467.755,-4.09,472.53,5.722999999999956,-0.7146601432815012,45.016666666666666,4467.755,True,sl,breakout
cmpv115_breakout_2026-08-31__M15sig,2026-08-31,M15sig,2026-09-04 13:00:00,SELL,4393.833,4407.841,2026-09-04 13:03:57,4386.795,sl 4386.751,7.03,479.56,14.00800000000072,0.5018560822386949,3.95,4386.751,True,sl,breakout
cmpv115_breakout_2026-08-31__M15sig,2026-08-31,M15sig,2026-09-04 13:30:00,SELL,4412.416,4429.491,2026-09-04 13:47:01,4429.521,sl 4429.491,-17.1,462.46,17.074999999999818,-1.001464128843349,17.016666666666666,4429.491,False,sl,breakout
cmpv115_breakout_2026-08-31__M15sig,2026-08-31,M15sig,2026-09-04 14:30:00,SELL,4429.134,4449.946,2026-09-04 19:12:09,4429.014,sl 4429.006,0.12,462.58,20.811999999999898,0.005765904285988881,282.15,4429.006,True,sl,breakout
cmpv115_breakout_2026-08-31__M15sig,2026-08-31,M15sig,2026-09-04 19:15:00,SELL,4429.118,4437.212,2026-09-04 19:33:38,4437.221,sl 4437.212,-8.1,454.48,8.094000000000051,-1.0007412898443229,18.633333333333333,4437.212,False,sl,breakout
cmpv115_breakout_2026-08-31__M15sig,2026-08-31,M15sig,2026-09-04 20:15:00,SELL,4431.81,4438.979,2026-09-04 20:57:59,4430.415,end of test,1.39,455.87,7.168999999999869,0.19389036127772705,42.983333333333334,,False,end,breakout
cmpv115_swing_2026-08-31__M15sig,2026-08-31,M15sig,2026-09-02 11:35:33,SELL,4331.72,4335.203,2026-09-02 12:04:47,4335.263,sl 4335.203,-3.54,496.46,3.4830000000001746,-1.0163652024116632,29.233333333333334,4335.203,False,sl,swing
cmpv115_swing_2026-08-31__M15sig,2026-08-31,M15sig,2026-09-03 05:23:05,BUY,4423.523,4420.887,2026-09-03 06:11:42,4427.115,sl 4427.303,3.6,500.06,2.636000000000422,1.3657056145673079,48.61666666666667,4427.303,True,sl,swing
cmpv115_swing_2026-08-31__M15sig,2026-08-31,M15sig,2026-09-04 01:26:39,BUY,4470.362,4467.392,2026-09-04 01:47:33,4467.367,sl 4467.392,-2.99,497.07,2.9700000000002547,-1.0067340067339206,20.9,4467.392,False,sl,swing
cmpv115_breakout_2026-09-07__M15sig,2026-09-07,M15sig,2026-09-07 00:00:00,SELL,4423.16,4428.382,2026-09-07 00:17:45,4428.456,sl 4428.382,-5.3,494.7,5.221999999999753,-1.0149368058215724,17.75,4428.382,False,sl,breakout
cmpv115_breakout_2026-09-07__M15sig,2026-09-07,M15sig,2026-09-07 00:45:00,SELL,4423.906,4429.63,2026-09-07 00:48:32,4429.659,sl 4429.630,-5.75,488.95,5.72400000000016,-1.0045422781271558,3.533333333333333,4429.63,False,sl,breakout
cmpv115_breakout_2026-09-07__M15sig,2026-09-07,M15sig,2026-09-07 01:00:00,SELL,4412.811,4419.774,2026-09-07 01:27:52,4402.649,sl 4402.558,10.16,499.11,6.963000000000648,1.4591411747808496,27.866666666666667,4402.558,True,sl,breakout
cmpv115_breakout_2026-09-07__M15sig,2026-09-07,M15sig,2026-09-07 02:30:00,SELL,4407.601,4417.147,2026-09-07 02:37:54,4417.213,sl 4417.147,-9.61,489.5,9.546000000000276,-1.0067043787973728,7.9,4417.147,False,sl,breakout
cmpv115_breakout_2026-09-07__M15sig,2026-09-07,M15sig,2026-09-07 02:45:00,SELL,4414.78,4425.013,2026-09-07 05:27:48,4407.995,sl 4407.874,6.78,496.28,10.233000000000175,0.6625622984461922,162.8,4407.874,True,sl,breakout
cmpv115_breakout_2026-09-07__M15sig,2026-09-07,M15sig,2026-09-07 05:30:00,SELL,4410.889,4418.129,2026-09-07 06:04:18,4386.716,,24.17,520.45,7.239999999999782,3.3383977900553496,34.3,,False,other,breakout
cmpv115_breakout_2026-09-07__M15sig,2026-09-07,M15sig,2026-09-07 06:15:00,SELL,4391.959,4399.834,2026-09-07 06:42:38,4399.928,sl 4399.834,-7.97,512.48,7.875,-1.012063492063492,27.633333333333333,4399.834,False,sl,breakout
cmpv115_breakout_2026-09-07__M15sig,2026-09-07,M15sig,2026-09-07 06:45:00,SELL,4396.441,4404.126,2026-09-07 07:55:47,4403.082,sl 4403.041,-6.64,505.84,7.6850000000004,-0.8640208197787448,70.78333333333333,4403.041,True,sl,breakout
cmpv115_breakout_2026-09-07__M15sig,2026-09-07,M15sig,2026-09-07 08:00:00,SELL,4406.238,4414.966,2026-09-07 08:03:05,4414.997,sl 4414.966,-8.76,497.08,8.728000000000065,-1.0036663611365644,3.0833333333333335,4414.966,False,sl,breakout
cmpv115_breakout_2026-09-07__M15sig,2026-09-07,M15sig,2026-09-07 08:15:00,SELL,4417.063,4426.11,2026-09-07 10:34:32,4394.011,,23.05,520.13,9.04699999999957,2.54780590250924,139.53333333333333,,False,other,breakout
cmpv115_breakout_2026-09-07__M15sig,2026-09-07,M15sig,2026-09-07 11:45:00,SELL,4386.801,4393.857,2026-09-07 12:21:23,4393.941,sl 4393.857,-7.14,512.99,7.055999999999585,-1.0119047619048214,36.38333333333333,4393.857,False,sl,breakout
cmpv115_breakout_2026-09-07__M15sig,2026-09-07,M15sig,2026-09-07 12:30:00,SELL,4395.437,4402.265,2026-09-07 13:05:59,4402.268,sl 4402.265,-6.83,506.16,6.828000000000429,-1.0002929115406518,35.983333333333334,4402.265,False,sl,breakout
cmpv115_breakout_2026-09-07__M15sig,2026-09-07,M15sig,2026-09-07 13:15:00,SELL,4404.122,4411.098,2026-09-07 14:43:49,4411.177,sl 4411.098,-7.06,499.1,6.975999999999658,-1.0120412844037192,88.81666666666666,4411.098,False,sl,breakout
cmpv115_breakout_2026-09-07__M15sig,2026-09-07,M15sig,2026-09-07 14:45:00,SELL,4412.046,4418.611,2026-09-07 14:48:42,4418.931,sl 4418.611,-6.88,492.22,6.5649999999996,-1.0479817212491118,3.7,4418.611,False,sl,breakout
cmpv115_breakout_2026-09-07__M15sig,2026-09-07,M15sig,2026-09-07 15:00:00,SELL,4416.176,4422.841,2026-09-07 18:25:38,4403.448,,12.73,504.95,6.664999999999964,1.9099774943736039,205.63333333333333,,False,other,breakout
cmpv115_breakout_2026-09-07__M15sig,2026-09-07,M15sig,2026-09-07 22:01:31,SELL,4412.027,4415.862,2026-09-07 23:04:55,4411.961,sl 4411.955,0.07,505.02,3.8350000000000364,0.018252933507170624,63.4,4411.955,True,sl,breakout
cmpv115_breakout_2026-09-07__M15sig,2026-09-07,M15sig,2026-09-07 23:15:01,SELL,4411.107,4414.786,2026-09-07 23:33:50,4414.787,sl 4414.786,-3.68,501.34,3.6790000000000873,-1.0002718129926373,18.816666666666666,4414.786,False,sl,breakout
cmpv115_breakout_2026-09-07__M15sig,2026-09-07,M15sig,2026-09-08 00:00:00,SELL,4423.056,4428.271,2026-09-08 00:17:28,4423.065,sl 4423.012,-0.01,501.33,5.2150000000001455,-0.001917545541706562,17.466666666666665,4423.012,True,sl,breakout
cmpv115_breakout_2026-09-07__M15sig,2026-09-07,M15sig,2026-09-08 01:15:00,SELL,4428.738,4436.911,2026-09-08 01:31:35,4437.2,sl 4436.911,-8.46,492.87,8.172999999999774,-1.035115624617672,16.583333333333332,4436.911,False,sl,breakout
cmpv115_breakout_2026-09-07__M15sig,2026-09-07,M15sig,2026-09-08 01:45:00,SELL,4433.393,4441.789,2026-09-08 03:19:30,4435.947,sl 4435.938,-2.56,490.31,8.39599999999973,-0.3049070986183995,94.5,4435.938,True,sl,breakout
cmpv115_breakout_2026-09-07__M15sig,2026-09-07,M15sig,2026-09-08 03:30:00,SELL,4432.271,4441.774,2026-09-08 04:00:51,4441.794,sl 4441.774,-9.52,480.79,9.503000000000611,-1.0017889087655885,30.85,4441.774,False,sl,breakout
cmpv115_breakout_2026-09-07__M15sig,2026-09-07,M15sig,2026-09-08 04:30:00,SELL,4432.83,4441.047,2026-09-08 06:18:02,4407.255,,25.57,506.36,8.216999999999643,3.111841304612524,108.03333333333333,,False,other,breakout
cmpv115_breakout_2026-09-07__M15sig,2026-09-07,M15sig,2026-09-08 06:45:00,SELL,4407.207,4416.247,2026-09-08 09:41:28,4402.091,sl 4402.054,5.12,511.48,9.039999999999964,0.5663716814159315,176.46666666666667,4402.054,True,sl,breakout
cmpv115_breakout_2026-09-07__M15sig,2026-09-07,M15sig,2026-09-08 09:45:00,SELL,4401.477,4409.942,2026-09-08 10:20:18,4406.073,sl 4405.599,-4.59,506.89,8.465000000000146,-0.5422327229769547,35.3,4405.599,True,sl,breakout
cmpv115_breakout_2026-09-07__M15sig,2026-09-07,M15sig,2026-09-08 10:30:00,SELL,4399.557,4407.73,2026-09-08 11:33:12,4403.495,sl 4403.465,-3.94,502.95,8.172999999999774,-0.4820751254129584,63.2,4403.465,True,sl,breakout
cmpv115_breakout_2026-09-07__M15sig,2026-09-07,M15sig,2026-09-08 11:45:00,SELL,4403.688,4411.461,2026-09-08 12:26:07,4398.789,sl 4398.761,4.9,507.85,7.773000000000138,0.6303872378746833,41.11666666666667,4398.761,True,sl,breakout
cmpv115_breakout_2026-09-07__M15sig,2026-09-07,M15sig,2026-09-08 12:30:00,SELL,4402.061,4411.328,2026-09-08 12:59:00,4409.699,sl 4409.659,-7.64,500.21,9.267000000000735,-0.8244307758713061,29.0,4409.659,True,sl,breakout
cmpv115_breakout_2026-09-07__M15sig,2026-09-07,M15sig,2026-09-08 13:30:00,SELL,4400.436,4411.183,2026-09-08 13:55:49,4406.782,sl 4406.766,-6.34,493.87,10.747000000000298,-0.5899320740671652,25.816666666666666,4406.766,True,sl,breakout
cmpv115_breakout_2026-09-07__M15sig,2026-09-07,M15sig,2026-09-08 14:45:00,SELL,4397.553,4409.617,2026-09-08 15:11:56,4407.599,sl 4407.461,-10.05,483.82,12.064000000000306,-0.8330570291776977,26.933333333333334,4407.461,True,sl,breakout
cmpv115_breakout_2026-09-07__M15sig,2026-09-07,M15sig,2026-09-08 15:15:00,SELL,4404.931,4417.367,2026-09-08 16:50:26,4398.098,sl 4398.055,6.83,490.65,12.436000000000604,0.5492119652621155,95.43333333333334,4398.055,True,sl,breakout
cmpv115_breakout_2026-09-07__M15sig,2026-09-07,M15sig,2026-09-08 17:00:00,SELL,4393.757,4404.141,2026-09-08 18:48:58,4370.06,,23.7,514.35,10.384000000000015,2.282357473035436,108.96666666666667,,False,other,breakout
cmpv115_breakout_2026-09-07__M15sig,2026-09-07,M15sig,2026-09-08 19:15:00,SELL,4370.522,4379.599,2026-09-08 22:02:05,4358.571,sl 4358.553,11.95,526.3,9.077000000000226,1.3165142668282144,167.08333333333334,4358.553,True,sl,breakout
cmpv115_breakout_2026-09-07__M15sig,2026-09-07,M15sig,2026-09-08 22:15:00,SELL,4356.226,4364.852,2026-09-09 00:43:51,4351.618,sl 4351.520,4.61,530.91,8.626000000000204,0.5344307906329575,148.85,4351.52,True,sl,breakout
cmpv115_breakout_2026-09-07__M15sig,2026-09-07,M15sig,2026-09-09 01:00:00,SELL,4364.665,4371.828,2026-09-09 01:07:36,4365.298,sl 4365.241,-0.63,530.28,7.163000000000466,-0.0879519754292837,7.6,4365.241,True,sl,breakout
cmpv115_breakout_2026-09-07__M15sig,2026-09-07,M15sig,2026-09-09 02:00:00,SELL,4373.595,4381.759,2026-09-09 02:52:23,4380.038,sl 4380.016,-6.44,523.84,8.16399999999976,-0.7888290053895382,52.38333333333333,4380.016,True,sl,breakout
cmpv115_breakout_2026-09-07__M15sig,2026-09-07,M15sig,2026-09-09 03:00:00,SELL,4382.098,4391.055,2026-09-09 05:01:31,4383.163,sl 4382.954,-1.06,522.78,8.957000000000335,-0.11834319526626777,121.51666666666667,4382.954,True,sl,breakout
cmpv115_breakout_2026-09-07__M15sig,2026-09-07,M15sig,2026-09-09 05:30:00,SELL,4385.228,4391.154,2026-09-09 05:37:14,4391.194,sl 4391.154,-5.96,516.82,5.926000000000386,-1.005737428282081,7.233333333333333,4391.154,False,sl,breakout
cmpv115_breakout_2026-09-07__M15sig,2026-09-07,M15sig,2026-09-09 06:00:00,SELL,4398.914,4405.486,2026-09-09 06:05:35,4405.53,sl 4405.486,-6.62,510.2,6.572000000000116,-1.0073037127206153,5.583333333333333,4405.486,False,sl,breakout
cmpv115_breakout_2026-09-07__M15sig,2026-09-07,M15sig,2026-09-09 06:30:00,SELL,4398.093,4404.403,2026-09-09 06:37:13,4404.609,sl 4404.403,-6.52,503.68,6.3100000000004,-1.0332805071314717,7.216666666666667,4404.403,False,sl,breakout
cmpv115_breakout_2026-09-07__M15sig,2026-09-07,M15sig,2026-09-09 07:00:00,SELL,4400.658,4407.216,2026-09-09 07:14:02,4407.225,sl 4407.216,-6.57,497.11,6.557999999999993,-1.0018298261665153,14.033333333333333,4407.216,False,sl,breakout
cmpv115_breakout_2026-09-07__M15sig,2026-09-07,M15sig,2026-09-09 07:30:00,SELL,4407.696,4414.679,2026-09-09 09:55:03,4390.799,,16.9,514.01,6.983000000000175,2.4201632536158635,145.05,,False,other,breakout
cmpv115_breakout_2026-09-07__M15sig,2026-09-07,M15sig,2026-09-09 10:30:00,SELL,4394.5,4400.242,2026-09-09 10:50:51,4400.303,sl 4400.242,-5.8,508.21,5.742000000000189,-1.0101010101009769,20.85,4400.242,False,sl,breakout
cmpv115_breakout_2026-09-07__M15sig,2026-09-07,M15sig,2026-09-09 11:00:00,SELL,4399.693,4405.4,2026-09-09 11:24:11,4405.404,sl 4405.400,-5.71,502.5,5.706999999999425,-1.0005256702296434,24.183333333333334,4405.4,False,sl,breakout
cmpv115_breakout_2026-09-07__M15sig,2026-09-07,M15sig,2026-09-09 12:15:00,SELL,4399.39,4406.03,2026-09-09 12:57:20,4401.462,sl 4401.383,-2.07,500.43,6.639999999999418,-0.31174698795183453,42.333333333333336,4401.383,True,sl,breakout
cmpv115_breakout_2026-09-07__M15sig,2026-09-07,M15sig,2026-09-09 13:15:00,SELL,4413.119,4421.186,2026-09-09 13:23:14,4421.365,sl 4421.186,-8.25,492.18,8.067000000000007,-1.0226850130159901,8.233333333333333,4421.186,False,sl,breakout
cmpv115_breakout_2026-09-07__M15sig,2026-09-07,M15sig,2026-09-09 14:15:00,SELL,4423.218,4434.205,2026-09-09 14:39:17,4426.502,sl 4426.434,-3.28,488.9,10.98700000000008,-0.2985346318376241,24.283333333333335,4426.434,True,sl,breakout
cmpv115_breakout_2026-09-07__M15sig,2026-09-07,M15sig,2026-09-09 15:00:00,SELL,4418.957,4430.8,2026-09-09 15:00:54,4430.995,sl 4430.800,-12.04,476.86,11.842999999999847,-1.016634298741886,0.9,4430.8,False,sl,breakout
cmpv115_breakout_2026-09-07__M15sig,2026-09-07,M15sig,2026-09-09 15:15:00,SELL,4389.572,4404.778,2026-09-09 15:33:03,4398.361,sl 4398.354,-8.79,468.07,15.206000000000131,-0.5780612915954179,18.05,4398.354,True,sl,breakout
cmpv115_breakout_2026-09-07__M15sig,2026-09-07,M15sig,2026-09-09 15:45:00,SELL,4402.942,4419.053,2026-09-09 17:06:04,4416.355,sl 4416.278,-13.42,454.65,16.110999999999876,-0.832971261870778,81.06666666666666,4416.278,True,sl,breakout
cmpv115_breakout_2026-09-07__M15sig,2026-09-07,M15sig,2026-09-09 17:15:01,SELL,4416.73,4431.271,2026-09-09 20:15:00,4397.611,,19.12,473.77,14.541000000000167,1.3149026889484754,179.98333333333332,,False,other,breakout
cmpv115_breakout_2026-09-07__M15sig,2026-09-07,M15sig,2026-09-09 20:30:00,SELL,4394.657,4400.961,2026-09-09 20:36:22,4401.019,sl 4400.961,-6.36,467.41,6.304000000000087,-1.0088832487309505,6.366666666666666,4400.961,False,sl,breakout
cmpv115_breakout_2026-09-07__M15sig,2026-09-07,M15sig,2026-09-09 20:45:01,SELL,4400.099,4405.999,2026-09-09 22:03:06,4406.208,sl 4405.999,-6.11,461.3,5.899999999999636,-1.035593220339047,78.08333333333333,4405.999,False,sl,breakout
cmpv115_breakout_2026-09-07__M15sig,2026-09-07,M15sig,2026-09-09 22:15:00,SELL,4403.05,4408.623,2026-09-10 00:00:00,4394.025,sl 4393.910,9.02,470.32,5.572999999999411,1.6185178539388039,105.0,4393.91,True,sl,breakout
cmpv115_breakout_2026-09-07__M15sig,2026-09-07,M15sig,2026-09-10 00:30:01,SELL,4392.733,4397.507,2026-09-10 00:37:05,4397.589,sl 4397.507,-4.86,465.46,4.7739999999994325,-1.0180142438208166,7.066666666666666,4397.507,False,sl,breakout
cmpv115_breakout_2026-09-07__M15sig,2026-09-07,M15sig,2026-09-10 00:45:00,SELL,4400.929,4406.219,2026-09-10 01:00:53,4406.233,sl 4406.219,-5.3,460.16,5.289999999999964,-1.0018903591682489,15.883333333333333,4406.219,False,sl,breakout
cmpv115_breakout_2026-09-07__M15sig,2026-09-07,M15sig,2026-09-10 01:30:00,SELL,4410.565,4417.317,2026-09-10 02:03:06,4416.211,sl 4416.098,-5.64,454.52,6.7520000000004075,-0.8353080568719875,33.1,4416.098,True,sl,breakout
cmpv115_breakout_2026-09-07__M15sig,2026-09-07,M15sig,2026-09-10 02:15:01,SELL,4414.093,4421.279,2026-09-10 02:39:16,4419.536,sl 4419.480,-5.45,449.07,7.186000000000604,-0.7584191483439385,24.25,4419.48,True,sl,breakout
cmpv115_breakout_2026-09-07__M15sig,2026-09-07,M15sig,2026-09-10 02:45:00,SELL,4418.036,4426.007,2026-09-10 05:12:44,4417.124,sl 4416.960,0.92,449.99,7.970999999999549,0.11541839166980958,147.73333333333332,4416.96,True,sl,breakout
cmpv115_breakout_2026-09-07__M15sig,2026-09-07,M15sig,2026-09-10 05:30:00,SELL,4420.657,4427.512,2026-09-10 05:33:03,4427.635,sl 4427.512,-6.98,443.01,6.854999999999563,-1.0182348650620634,3.05,4427.512,False,sl,breakout
cmpv115_breakout_2026-09-07__M15sig,2026-09-07,M15sig,2026-09-10 06:15:00,SELL,4416.538,4424.219,2026-09-10 06:42:47,4423.195,sl 4423.183,-6.66,436.35,7.681000000000495,-0.8670745996614466,27.783333333333335,4423.183,True,sl,breakout
cmpv115_breakout_2026-09-07__M15sig,2026-09-07,M15sig,2026-09-10 06:45:00,SELL,4426.706,4434.795,2026-09-10 08:35:04,4399.78,,26.93,463.28,8.088999999999942,3.329212510817183,110.06666666666666,,False,other,breakout
cmpv115_breakout_2026-09-07__M15sig,2026-09-07,M15sig,2026-09-10 08:45:00,SELL,4396.035,4405.014,2026-09-10 10:56:38,4386.424,sl 4386.410,9.62,472.9,8.97900000000027,1.0713887960797095,131.63333333333333,4386.41,True,sl,breakout
cmpv115_breakout_2026-09-07__M15sig,2026-09-07,M15sig,2026-09-10 11:45:00,SELL,4384.711,4392.84,2026-09-10 12:31:10,4356.992,,27.72,500.62,8.128999999999905,3.410013531799769,46.166666666666664,,False,other,breakout
cmpv115_breakout_2026-09-07__M15sig,2026-09-07,M15sig,2026-09-10 13:00:00,SELL,4340.007,4353.09,2026-09-10 13:02:28,4353.117,sl 4353.090,-13.11,487.51,13.083000000000538,-1.0020637468470122,2.466666666666667,4353.09,False,sl,breakout
cmpv115_breakout_2026-09-07__M15sig,2026-09-07,M15sig,2026-09-10 13:30:00,SELL,4357.989,4372.832,2026-09-10 13:40:46,4372.883,sl 4372.832,-14.89,472.62,14.843000000000757,-1.0031664757797778,10.766666666666667,4372.832,False,sl,breakout
cmpv115_breakout_2026-09-07__M15sig,2026-09-07,M15sig,2026-09-10 13:45:00,SELL,4364.633,4380.26,2026-09-10 18:33:30,4334.596,,30.03,502.65,15.627000000000407,1.9216740257246572,288.5,,False,other,breakout
cmpv115_breakout_2026-09-07__M15sig,2026-09-07,M15sig,2026-09-10 19:15:00,SELL,4322.394,4332.888,2026-09-11 00:01:46,4320.225,sl 4320.170,2.16,504.81,10.493999999999687,0.20583190394511763,286.76666666666665,4320.17,True,sl,breakout
cmpv115_breakout_2026-09-07__M15sig,2026-09-07,M15sig,2026-09-11 00:15:00,SELL,4319.082,4324.714,2026-09-11 00:30:36,4324.774,sl 4324.714,-5.69,499.12,5.631999999999607,-1.010298295454616,15.6,4324.714,False,sl,breakout
cmpv115_breakout_2026-09-07__M15sig,2026-09-07,M15sig,2026-09-11 01:30:00,SELL,4328.031,4335.565,2026-09-11 02:19:03,4334.471,sl 4334.427,-6.44,492.68,7.533999999999651,-0.8547916113618661,49.05,4334.427,True,sl,breakout
cmpv115_breakout_2026-09-07__M15sig,2026-09-07,M15sig,2026-09-11 02:30:00,SELL,4325.186,4333.644,2026-09-11 04:08:51,4316.528,sl 4316.451,8.66,501.34,8.458000000000538,1.0238827145896723,98.85,4316.451,True,sl,breakout
cmpv115_breakout_2026-09-07__M15sig,2026-09-07,M15sig,2026-09-11 04:15:00,SELL,4321.744,4333.185,2026-09-11 04:44:08,4333.254,sl 4333.185,-11.51,489.83,11.441000000000713,-1.0060309413512178,29.133333333333333,4333.185,False,sl,breakout
cmpv115_breakout_2026-09-07__M15sig,2026-09-07,M15sig,2026-09-11 04:45:00,SELL,4330.308,4341.586,2026-09-11 05:43:52,4341.604,sl 4341.586,-11.29,478.54,11.278000000000247,-1.0010640184429642,58.86666666666667,4341.586,False,sl,breakout
cmpv115_breakout_2026-09-07__M15sig,2026-09-07,M15sig,2026-09-11 06:00:00,SELL,4346.242,4357.03,2026-09-11 06:07:43,4357.148,sl 4357.030,-10.91,467.63,10.787999999999556,-1.0113088616982249,7.716666666666667,4357.03,False,sl,breakout
cmpv115_breakout_2026-09-07__M15sig,2026-09-07,M15sig,2026-09-11 06:45:00,SELL,4350.592,4361.289,2026-09-11 08:24:14,4353.807,sl 4353.742,-3.22,464.41,10.697000000000116,-0.3010189772833472,99.23333333333333,4353.742,True,sl,breakout
cmpv115_breakout_2026-09-07__M15sig,2026-09-07,M15sig,2026-09-11 08:45:00,SELL,4352.752,4361.037,2026-09-11 12:02:50,4331.957,,20.79,485.2,8.284999999999854,2.5093542546771714,197.83333333333334,,False,other,breakout
cmpv115_breakout_2026-09-07__M15sig,2026-09-07,M15sig,2026-09-11 12:15:00,SELL,4327.833,4335.081,2026-09-11 12:27:16,4335.199,sl 4335.081,-7.37,477.83,7.248000000000502,-1.0168322295805035,12.266666666666667,4335.081,False,sl,breakout
cmpv115_breakout_2026-09-07__M15sig,2026-09-07,M15sig,2026-09-11 12:45:00,SELL,4354.046,4365.976,2026-09-11 12:46:52,4366.048,sl 4365.976,-12.0,465.83,11.929999999999382,-1.0058675607712173,1.8666666666666667,4365.976,False,sl,breakout
cmpv115_breakout_2026-09-07__M15sig,2026-09-07,M15sig,2026-09-11 13:15:00,SELL,4389.206,4404.199,2026-09-11 17:58:53,4357.944,,31.27,497.1,14.992999999999483,2.08563996531722,283.8833333333333,,False,other,breakout
cmpv115_breakout_2026-09-07__M15sig,2026-09-07,M15sig,2026-09-11 18:00:00,SELL,4358.398,4368.422,2026-09-11 20:57:59,4349.562,end of test,8.84,505.94,10.023999999999432,0.8818834796488927,177.98333333333332,,False,end,breakout
cmpv115_swing_2026-09-07__M15sig,2026-09-07,M15sig,2026-09-07 08:02:54,SELL,4413.458,4417.149,2026-09-07 08:13:25,4417.378,sl 4417.149,-3.92,496.08,3.691000000000713,-1.0620428068272127,10.516666666666667,4417.149,False,sl,swing
cmpv115_swing_2026-09-07__M15sig,2026-09-07,M15sig,2026-09-07 09:01:51,SELL,4413.401,4416.915,2026-09-07 12:10:36,4392.678,sl 4392.671,20.72,516.8,3.5140000000001237,5.896414342629274,188.75,4392.671,True,sl,swing
cmpv115_swing_2026-09-07__M15sig,2026-09-07,M15sig,2026-09-07 23:34:39,SELL,4417.443,4419.606,2026-09-07 23:35:03,4419.629,sl 4419.606,-2.19,514.61,2.162999999999556,-1.0124826629683077,0.4,4419.606,False,sl,swing
cmpv115_swing_2026-09-07__M15sig,2026-09-07,M15sig,2026-09-08 05:29:37,BUY,4421.062,4417.787,2026-09-08 05:30:01,4417.787,sl 4417.787,-3.27,511.34,3.274999999999636,-0.998473282442859,0.4,4417.787,False,sl,swing
cmpv115_swing_2026-09-07__M15sig,2026-09-07,M15sig,2026-09-09 06:04:35,SELL,4403.802,4407.407,2026-09-09 06:37:27,4405.486,sl 4405.447,-1.69,509.65,3.605000000000473,-0.46879334257968885,32.86666666666667,4405.447,True,sl,swing
cmpv115_swing_2026-09-07__M15sig,2026-09-07,M15sig,2026-09-09 15:05:45,BUY,4390.66,4387.04,2026-09-09 15:05:52,4387.014,sl 4387.040,-3.65,506.0,3.619999999999891,-1.00828729281771,0.11666666666666667,4387.04,False,sl,swing
cmpv115_swing_2026-09-07__M15sig,2026-09-07,M15sig,2026-09-10 01:00:57,SELL,4406.369,4408.757,2026-09-10 01:01:23,4408.806,sl 4408.757,-2.44,503.56,2.38799999999992,-1.021775544388644,0.43333333333333335,4408.757,False,sl,swing
