run_id,week,signal_tf,entry_time,dir,entry_price,initial_sl,exit_time,exit_price,exit_comment,pnl,balance_after,risk_dollars,r_multiple,hold_minutes,final_sl_price,sl_moved,exit_kind
2026-06-22_to_2026-06-28__H1,2026-06-22_to_2026-06-28,H1,2026-06-22 00:00:00,SELL,4140.145,4158.304,2026-06-22 00:12:40,4158.327,sl 4158.304,-18.18,81.82,18.15899999999965,-1.001156451346459,12.666666666666666,4158.304,False,sl
2026-06-22_to_2026-06-28__H1,2026-06-22_to_2026-06-28,H1,2026-06-22 01:00:00,SELL,4200.966,4222.068,2026-06-22 06:45:01,4203.691,sl 4203.680,-2.72,79.1,21.10199999999986,-0.12889773481186703,345.01666666666665,4203.68,True,sl
2026-06-22_to_2026-06-28__H1,2026-06-22_to_2026-06-28,H1,2026-06-22 07:00:00,SELL,4197.746,4220.183,2026-06-23 01:00:02,4195.923,sl 4195.917,1.83,80.93,22.436999999999898,0.08156170611044294,1080.0333333333333,4195.917,True,sl
2026-06-22_to_2026-06-28__H1,2026-06-22_to_2026-06-28,H1,2026-06-23 02:00:00,BUY,4161.416,4143.5,2026-06-23 03:02:08,4143.3,sl 4143.500,-18.12,62.81,17.916000000000167,-1.0113864701942303,62.13333333333333,4143.5,False,sl
2026-06-22_to_2026-06-28__H1,2026-06-22_to_2026-06-28,H1,2026-06-23 04:00:00,SELL,4143.952,4162.05,2026-06-23 09:35:05,4118.204,sl 4118.186,25.75,88.56,18.097999999999956,1.422809150182344,335.0833333333333,4118.186,True,sl
2026-06-22_to_2026-06-28__H1,2026-06-22_to_2026-06-28,H1,2026-06-23 10:00:00,SELL,4122.152,4141.307,2026-06-23 13:51:11,4136.692,sl 4136.653,-14.54,74.02,19.154999999999745,-0.7590707387105295,231.18333333333334,4136.653,True,sl
2026-06-22_to_2026-06-28__H1,2026-06-22_to_2026-06-28,H1,2026-06-23 14:00:00,BUY,4135.683,4112.961,2026-06-23 18:48:03,4112.93,sl 4112.961,-22.75,51.27,22.721999999999753,-1.0012322858903375,288.05,4112.961,False,sl
2026-06-22_to_2026-06-28__H1,2026-06-22_to_2026-06-28,H1,2026-06-23 19:00:00,SELL,4117.65,4136.811,2026-06-24 00:07:21,4106.935,sl 4106.629,10.71,61.98,19.161000000000058,0.5589478628464051,307.35,4106.629,True,sl
2026-06-22_to_2026-06-28__H1,2026-06-22_to_2026-06-28,H1,2026-06-24 01:00:00,SELL,4097.125,4114.518,2026-06-24 01:25:06,4094.538,sl 4094.533,2.59,64.57,17.39300000000003,0.14891048122808,25.1,4094.533,True,sl
2026-06-22_to_2026-06-28__H1,2026-06-22_to_2026-06-28,H1,2026-06-24 02:00:00,BUY,4089.178,4070.331,2026-06-24 02:30:40,4070.283,sl 4070.331,-18.9,45.67,18.846999999999753,-1.0028121186395844,30.666666666666668,4070.331,False,sl
2026-06-29_to_2026-07-05__H1,2026-06-29_to_2026-07-05,H1,2026-06-29 00:00:00,SELL,4062.887,4083.225,2026-06-29 07:51:43,4067.767,sl 4067.733,-4.88,95.12,20.337999999999738,-0.2399449306716522,471.71666666666664,4067.733,True,sl
2026-06-29_to_2026-07-05__H1,2026-06-29_to_2026-07-05,H1,2026-06-29 08:00:00,BUY,4061.917,4044.138,2026-06-29 08:58:51,4044.133,sl 4044.138,-17.79,77.33,17.778999999999996,-1.000618707463862,58.85,4044.138,False,sl
2026-06-29_to_2026-07-05__H1,2026-06-29_to_2026-07-05,H1,2026-06-29 09:00:00,BUY,4047.049,4028.667,2026-06-29 09:57:34,4028.208,sl 4028.667,-18.84,58.49,18.382000000000062,-1.0249156783810214,57.56666666666667,4028.667,False,sl
2026-06-29_to_2026-07-05__H1,2026-06-29_to_2026-07-05,H1,2026-06-29 10:00:00,SELL,4031.419,4051.149,2026-06-29 12:10:58,4051.155,sl 4051.149,-19.74,38.75,19.730000000000018,-1.0005068423720214,130.96666666666667,4051.149,False,sl
2026-07-13_to_2026-07-19__H1,2026-07-13_to_2026-07-19,H1,2026-07-13 00:00:00,SELL,4084.359,4102.12,2026-07-13 01:32:37,4087.948,sl 4087.891,-3.59,96.41,17.760999999999967,-0.20212825854400127,92.61666666666666,4087.891,True,sl
2026-07-13_to_2026-07-19__H1,2026-07-13_to_2026-07-19,H1,2026-07-13 02:00:00,SELL,4072.323,4092.577,2026-07-13 08:09:31,4071.233,sl 4071.228,1.09,97.5,20.25400000000036,0.053816530068133736,369.51666666666665,4071.228,True,sl
2026-07-13_to_2026-07-19__H1,2026-07-13_to_2026-07-19,H1,2026-07-13 09:00:00,BUY,4074.917,4055.756,2026-07-13 10:41:54,4055.74,sl 4055.756,-19.18,78.32,19.161000000000058,-1.0009915975157841,101.9,4055.756,False,sl
2026-07-13_to_2026-07-19__H1,2026-07-13_to_2026-07-19,H1,2026-07-13 11:00:00,SELL,4060.514,4080.65,2026-07-14 01:58:16,4009.426,sl 4009.394,51.08,129.4,20.135999999999967,2.5367500993245966,898.2666666666667,4009.394,True,sl
2026-07-13_to_2026-07-19__H1,2026-07-13_to_2026-07-19,H1,2026-07-14 02:00:00,SELL,4010.764,4028.772,2026-07-14 05:32:32,4028.869,sl 4028.772,-18.11,111.29,18.00799999999981,-1.0056641492670029,212.53333333333333,4028.772,False,sl
2026-07-13_to_2026-07-19__H1,2026-07-13_to_2026-07-19,H1,2026-07-14 06:00:00,SELL,4031.281,4045.407,2026-07-14 12:02:41,4032.877,sl 4032.769,-1.6,109.69,14.126000000000204,-0.11326631742885297,362.68333333333334,4032.769,True,sl
2026-07-13_to_2026-07-19__H1,2026-07-13_to_2026-07-19,H1,2026-07-14 13:00:00,BUY,4076.558,4058.942,2026-07-14 15:41:22,4073.635,sl 4073.703,-2.92,106.77,17.615999999999985,-0.16575840145322449,161.36666666666667,4073.703,True,sl
2026-07-13_to_2026-07-19__H1,2026-07-13_to_2026-07-19,H1,2026-07-14 16:00:00,SELL,4066.449,4085.48,2026-07-15 11:41:01,4036.517,sl 4036.437,29.93,136.7,19.03099999999995,1.5726971782880605,1181.0166666666667,4036.437,True,sl
2026-07-13_to_2026-07-19__H1,2026-07-13_to_2026-07-19,H1,2026-07-15 12:00:00,BUY,4038.429,4025.971,2026-07-15 15:11:07,4052.86,sl 4052.913,14.43,151.13,12.458000000000084,1.1582918606517822,191.11666666666667,4052.913,True,sl
2026-07-13_to_2026-07-19__H1,2026-07-13_to_2026-07-19,H1,2026-07-15 16:00:00,BUY,4047.111,4031.708,2026-07-15 16:34:57,4031.64,sl 4031.708,-15.47,135.66,15.402999999999793,-1.0043498019866395,34.95,4031.708,False,sl
2026-07-13_to_2026-07-19__H1,2026-07-13_to_2026-07-19,H1,2026-07-15 17:00:00,SELL,4033.687,4049.665,2026-07-15 17:30:05,4049.899,sl 4049.665,-16.21,119.45,15.978000000000065,-1.0145199649518046,30.083333333333332,4049.665,False,sl
2026-07-13_to_2026-07-19__H1,2026-07-13_to_2026-07-19,H1,2026-07-15 18:00:00,SELL,4062.119,4079.579,2026-07-15 18:30:22,4079.625,sl 4079.579,-17.51,101.94,17.460000000000036,-1.0028636884306967,30.366666666666667,4079.579,False,sl
2026-07-13_to_2026-07-19__H1,2026-07-13_to_2026-07-19,H1,2026-07-15 19:00:00,BUY,4059.475,4040.817,2026-07-16 01:17:25,4040.751,sl 4040.817,-18.73,81.61,18.6579999999999,-1.0038589345053113,377.4166666666667,4040.817,False,sl
2026-07-13_to_2026-07-19__H1,2026-07-13_to_2026-07-19,H1,2026-07-16 02:00:00,SELL,4039.243,4057.48,2026-07-16 11:45:33,4036.951,sl 4036.904,2.29,83.9,18.23700000000008,0.12556889839337557,585.55,4036.904,True,sl
2026-07-13_to_2026-07-19__H1,2026-07-13_to_2026-07-19,H1,2026-07-16 12:00:00,SELL,4038.559,4049.877,2026-07-16 12:30:32,4030.002,sl 4029.863,8.56,92.46,11.317999999999756,0.756317370560186,30.533333333333335,4029.863,True,sl
2026-07-13_to_2026-07-19__H1,2026-07-13_to_2026-07-19,H1,2026-07-16 13:00:00,SELL,3992.18,4006.733,2026-07-16 13:16:19,3995.55,sl 3995.549,-3.37,89.09,14.553000000000338,-0.23156737442451192,16.316666666666666,3995.549,True,sl
2026-07-13_to_2026-07-19__H1,2026-07-13_to_2026-07-19,H1,2026-07-16 14:00:00,SELL,3990.122,4006.715,2026-07-16 14:46:43,4006.922,sl 4006.715,-16.8,72.29,16.593000000000302,-1.012475140119309,46.71666666666667,4006.715,False,sl
2026-07-13_to_2026-07-19__H1,2026-07-13_to_2026-07-19,H1,2026-07-16 15:00:00,SELL,3997.844,4014.585,2026-07-16 15:25:42,4014.718,sl 4014.549,-16.88,55.41,16.740999999999985,-1.0083029687593341,25.7,4014.549,True,sl
2026-07-13_to_2026-07-19__H1,2026-07-13_to_2026-07-19,H1,2026-07-16 16:00:00,SELL,4006.932,4024.475,2026-07-17 03:18:21,3997.97,sl 3997.941,8.96,64.37,17.54300000000012,0.5107450265062954,678.35,3997.941,True,sl
2026-07-13_to_2026-07-19__H1,2026-07-13_to_2026-07-19,H1,2026-07-17 04:00:00,SELL,3991.38,4009.64,2026-07-17 06:11:31,4000.44,sl 4000.248,-9.06,55.31,18.259999999999764,-0.4961664841182978,131.51666666666668,4000.248,True,sl
2026-07-13_to_2026-07-19__H1,2026-07-13_to_2026-07-19,H1,2026-07-17 07:00:00,SELL,3999.512,4015.444,2026-07-17 13:37:13,3983.09,sl 3983.085,16.42,71.73,15.931999999999789,1.0306301782576086,397.21666666666664,3983.085,True,sl
2026-07-13_to_2026-07-19__H1,2026-07-13_to_2026-07-19,H1,2026-07-17 14:00:00,SELL,3997.322,4015.358,2026-07-17 15:30:06,4015.418,sl 4015.358,-18.1,53.63,18.036000000000058,-1.003548458638276,90.1,4015.358,False,sl
2026-07-13_to_2026-07-19__H1,2026-07-13_to_2026-07-19,H1,2026-07-17 16:00:00,SELL,4019.037,4037.734,2026-07-19 23:59:58,3995.766,end of test,23.27,76.9,18.697000000000116,1.2445846927314466,3359.9666666666667,,False,end
2026-07-27_to_2026-08-02__H1,2026-07-27_to_2026-08-02,H1,2026-07-27 00:00:00,SELL,4094.295,4108.565,2026-07-27 00:09:59,4108.665,sl 4108.565,-14.37,85.63,14.269999999999527,-1.0070077084793605,9.983333333333333,4108.565,False,sl
2026-07-27_to_2026-08-02__H1,2026-07-27_to_2026-08-02,H1,2026-07-27 01:00:00,SELL,4100.891,4116.318,2026-07-27 16:25:11,4086.158,sl 4086.141,14.73,100.36,15.42700000000059,0.9548194723536292,925.1833333333333,4086.141,True,sl
2026-07-27_to_2026-08-02__H1,2026-07-27_to_2026-08-02,H1,2026-07-27 17:00:00,SELL,4082.457,4094.826,2026-07-27 19:50:00,4089.655,sl 4089.416,-7.2,93.16,12.369000000000142,-0.5821004123211188,170.0,4089.416,True,sl
2026-07-27_to_2026-08-02__H1,2026-07-27_to_2026-08-02,H1,2026-07-27 20:00:00,SELL,4083.47,4096.195,2026-07-28 06:40:50,4051.857,sl 4051.852,31.61,124.77,12.724999999999909,2.4840864440078763,640.8333333333334,4051.852,True,sl
2026-07-27_to_2026-08-02__H1,2026-07-27_to_2026-08-02,H1,2026-07-28 07:00:00,SELL,4048.438,4059.659,2026-07-28 12:28:34,4035.235,sl 4035.185,13.2,137.97,11.221000000000004,1.1763657428036713,328.56666666666666,4035.185,True,sl
2026-07-27_to_2026-08-02__H1,2026-07-27_to_2026-08-02,H1,2026-07-28 13:00:00,BUY,4029.694,4017.431,2026-07-28 14:21:03,4017.771,sl 4017.782,-11.92,126.05,12.26299999999992,-0.9720296827856216,81.05,4017.782,True,sl
2026-07-27_to_2026-08-02__H1,2026-07-27_to_2026-08-02,H1,2026-07-28 15:00:00,BUY,4024.698,4011.266,2026-07-28 17:47:10,4026.879,sl 4026.918,2.18,128.23,13.431999999999789,0.16229898749255767,167.16666666666666,4026.918,True,sl
2026-07-27_to_2026-08-02__H1,2026-07-27_to_2026-08-02,H1,2026-07-28 18:00:00,SELL,4027.819,4042.251,2026-07-29 01:39:30,4030.432,sl 4030.273,-2.61,125.62,14.432000000000244,-0.18084811529933176,459.5,4030.273,True,sl
2026-07-27_to_2026-08-02__H1,2026-07-27_to_2026-08-02,H1,2026-07-29 02:00:00,SELL,4025.771,4039.752,2026-07-29 05:44:49,4039.759,sl 4039.752,-13.99,111.63,13.980999999999767,-1.0006437307775005,224.81666666666666,4039.752,False,sl
2026-07-27_to_2026-08-02__H1,2026-07-27_to_2026-08-02,H1,2026-07-29 06:00:00,BUY,4033.161,4020.403,2026-07-29 10:38:49,4029.81,sl 4030.007,-3.35,108.28,12.758000000000266,-0.26258034174634975,278.81666666666666,4030.007,True,sl
2026-07-27_to_2026-08-02__H1,2026-07-27_to_2026-08-02,H1,2026-07-29 11:00:00,SELL,4027.34,4038.515,2026-07-29 13:01:15,4026.538,sl 4026.449,0.8,109.08,11.174999999999727,0.07158836689038206,121.25,4026.449,True,sl
2026-07-27_to_2026-08-02__H1,2026-07-27_to_2026-08-02,H1,2026-07-29 14:00:00,SELL,4007.24,4020.262,2026-07-29 16:08:56,4015.665,sl 4015.609,-8.43,100.65,13.02200000000039,-0.6473659960067384,128.93333333333334,4015.609,True,sl
2026-07-27_to_2026-08-02__H1,2026-07-27_to_2026-08-02,H1,2026-07-29 17:00:00,SELL,4027.414,4040.616,2026-07-29 17:06:55,4040.681,sl 4040.616,-13.27,87.38,13.20199999999977,-1.0051507347371784,6.916666666666667,4040.616,False,sl
2026-07-27_to_2026-08-02__H1,2026-07-27_to_2026-08-02,H1,2026-07-29 18:00:00,SELL,4044.205,4058.397,2026-07-29 18:00:02,4058.83,sl 4058.397,-14.62,72.76,14.192000000000007,-1.030157835400225,0.03333333333333333,4058.397,False,sl
2026-07-27_to_2026-08-02__H1,2026-07-27_to_2026-08-02,H1,2026-07-29 19:00:00,SELL,4106.591,4125.06,2026-07-29 22:00:59,4072.008,sl 4071.983,34.58,107.34,18.46900000000005,1.8723266013319564,180.98333333333332,4071.983,True,sl
2026-07-27_to_2026-08-02__H1,2026-07-27_to_2026-08-02,H1,2026-07-29 23:00:00,BUY,4088.595,4063.456,2026-07-30 02:59:50,4063.324,sl 4063.456,-25.28,80.46,25.13899999999967,-1.0056088149886764,239.83333333333334,4063.456,False,sl
2026-07-27_to_2026-08-02__H1,2026-07-27_to_2026-08-02,H1,2026-07-30 03:00:00,SELL,4063.752,4092.576,2026-07-30 08:32:01,4070.691,sl 4070.476,-6.94,73.52,28.82400000000007,-0.24077157923952205,332.01666666666665,4070.476,True,sl
2026-07-27_to_2026-08-02__H1,2026-07-27_to_2026-08-02,H1,2026-07-30 09:00:00,SELL,4061.607,4090.372,2026-07-30 13:37:43,4090.383,sl 4090.372,-28.77,44.75,28.764999999999873,-1.000173822353559,277.71666666666664,4090.372,False,sl
2026-08-17_to_2026-08-23__H1,2026-08-17_to_2026-08-23,H1,2026-08-17 00:00:00,SELL,4370.434,4385.434,2026-08-17 00:17:33,4385.498,sl 4385.434,-15.07,84.93,15.0,-1.0046666666666666,17.55,4385.434,False,sl
2026-08-17_to_2026-08-23__H1,2026-08-17_to_2026-08-23,H1,2026-08-17 01:00:00,SELL,4401.007,4417.615,2026-08-17 07:36:58,4409.376,sl 4409.323,-8.37,76.56,16.608000000000175,-0.503973988439301,396.96666666666664,4409.323,True,sl
2026-08-17_to_2026-08-23__H1,2026-08-17_to_2026-08-23,H1,2026-08-17 08:00:00,SELL,4405.18,4419.567,2026-08-17 13:51:50,4400.101,sl 4400.046,5.08,81.64,14.386999999999716,0.35309654549246544,351.8333333333333,4400.046,True,sl
2026-08-17_to_2026-08-23__H1,2026-08-17_to_2026-08-23,H1,2026-08-17 14:00:00,SELL,4408.882,4425.483,2026-08-17 14:23:25,4425.505,sl 4425.483,-16.63,65.01,16.601000000000568,-1.0017468827178742,23.416666666666668,4425.483,False,sl
2026-08-17_to_2026-08-23__H1,2026-08-17_to_2026-08-23,H1,2026-08-17 15:00:01,SELL,4417.405,4433.272,2026-08-17 19:49:04,4420.872,sl 4420.841,-3.46,61.55,15.86700000000019,-0.2180626457427339,289.05,4420.841,True,sl
2026-08-17_to_2026-08-23__H1,2026-08-17_to_2026-08-23,H1,2026-08-17 20:00:00,BUY,4420.062,4403.896,2026-08-18 01:44:50,4412.131,sl 4412.192,-7.93,53.09,16.166000000000167,-0.4905356921934874,344.8333333333333,4412.192,True,sl
2026-08-17_to_2026-08-23__H1,2026-08-17_to_2026-08-23,H1,2026-08-18 02:00:00,BUY,4408.182,4390.786,2026-08-18 03:56:21,4390.753,sl 4390.786,-17.43,35.66,17.39599999999973,-1.0019544722924965,116.35,4390.786,False,sl
2026-06-22_to_2026-06-28__M15,2026-06-22_to_2026-06-28,M15,2026-06-22 00:00:00,SELL,4140.145,4147.602,2026-06-22 00:00:30,4147.64,sl 4147.602,-7.49,92.51,7.456999999999425,-1.0044253721336431,0.5,4147.602,False,sl
2026-06-22_to_2026-06-28__M15,2026-06-22_to_2026-06-28,M15,2026-06-22 00:15:00,BUY,4161.062,4152.367,2026-06-22 01:01:14,4204.975,sl 4204.983,43.92,136.43,8.694999999999709,5.05117883841305,46.233333333333334,4204.983,True,sl
2026-06-22_to_2026-06-28__M15,2026-06-22_to_2026-06-28,M15,2026-06-22 01:15:00,SELL,4211.777,4223.558,2026-06-22 05:24:45,4188.378,sl 4188.228,23.4,159.83,11.780999999999949,1.986249045072583,249.75,4188.228,True,sl
2026-06-22_to_2026-06-28__M15,2026-06-22_to_2026-06-28,M15,2026-06-22 05:30:00,SELL,4194.063,4201.898,2026-06-22 06:44:36,4201.49,sl 4201.405,-7.43,152.4,7.835000000000036,-0.9483088704530906,74.6,4201.405,True,sl
2026-06-22_to_2026-06-28__M15,2026-06-22_to_2026-06-28,M15,2026-06-22 06:45:00,SELL,4202.436,4209.524,2026-06-22 09:00:06,4199.322,sl 4199.316,3.12,155.52,7.088000000000648,0.440180586907409,135.1,4199.316,True,sl
2026-06-22_to_2026-06-28__M15,2026-06-22_to_2026-06-28,M15,2026-06-22 09:15:00,SELL,4205.107,4212.181,2026-06-22 10:11:46,4212.207,sl 4212.181,-7.1,148.42,7.073999999999614,-1.0036754311564018,56.766666666666666,4212.181,False,sl
2026-06-22_to_2026-06-28__M15,2026-06-22_to_2026-06-28,M15,2026-06-22 10:15:00,SELL,4212.799,4219.772,2026-06-22 11:05:52,4213.749,sl 4213.746,-0.95,147.47,6.972999999999956,-0.13623978201634962,50.86666666666667,4213.746,True,sl
2026-06-22_to_2026-06-28__M15,2026-06-22_to_2026-06-28,M15,2026-06-22 11:15:00,BUY,4208.098,4201.108,2026-06-22 12:43:52,4201.068,sl 4201.197,-7.03,140.44,6.989999999999782,-1.0057224606581143,88.86666666666666,4201.197,True,sl
2026-06-22_to_2026-06-28__M15,2026-06-22_to_2026-06-28,M15,2026-06-22 12:45:00,SELL,4204.04,4210.669,2026-06-22 13:40:20,4194.535,sl 4194.436,9.5,149.94,6.628999999999905,1.4330969980389403,55.333333333333336,4194.436,True,sl
2026-06-22_to_2026-06-28__M15,2026-06-22_to_2026-06-28,M15,2026-06-22 13:45:00,BUY,4191.21,4183.394,2026-06-22 14:03:00,4194.163,sl 4194.178,2.95,152.89,7.8159999999998035,0.37743091095190306,18.0,4194.178,True,sl
2026-06-22_to_2026-06-28__M15,2026-06-22_to_2026-06-28,M15,2026-06-22 14:15:00,SELL,4205.332,4214.954,2026-06-22 14:46:45,4202.078,sl 4202.055,3.25,156.14,9.621999999999389,0.3377676158802958,31.75,4202.055,True,sl
2026-06-22_to_2026-06-28__M15,2026-06-22_to_2026-06-28,M15,2026-06-22 15:00:00,SELL,4198.443,4209.259,2026-06-22 16:51:08,4187.044,sl 4187.019,11.4,167.54,10.815999999999804,1.0539940828402559,111.13333333333334,4187.019,True,sl
2026-06-22_to_2026-06-28__M15,2026-06-22_to_2026-06-28,M15,2026-06-22 17:00:00,SELL,4189.784,4201.485,2026-06-22 18:45:40,4193.14,sl 4193.041,-3.36,164.18,11.701000000000022,-0.2871549440218779,105.66666666666667,4193.041,True,sl
2026-06-22_to_2026-06-28__M15,2026-06-22_to_2026-06-28,M15,2026-06-22 19:00:00,SELL,4191.434,4198.798,2026-06-22 20:01:43,4193.004,sl 4192.895,-1.57,162.61,7.363999999999578,-0.213199348180349,61.71666666666667,4192.895,True,sl
2026-06-22_to_2026-06-28__M15,2026-06-22_to_2026-06-28,M15,2026-06-22 20:15:00,SELL,4190.705,4196.365,2026-06-22 23:37:48,4194.87,sl 4194.820,-4.16,158.45,5.6599999999998545,-0.7349823321554959,202.8,4194.82,True,sl
2026-06-22_to_2026-06-28__M15,2026-06-22_to_2026-06-28,M15,2026-06-22 23:45:01,BUY,4195.04,4191.115,2026-06-22 23:49:12,4190.864,sl 4191.115,-4.18,154.27,3.925000000000182,-1.0649681528661925,4.183333333333334,4191.115,False,sl
2026-06-22_to_2026-06-28__M15,2026-06-22_to_2026-06-28,M15,2026-06-23 00:00:00,BUY,4187.885,4183.704,2026-06-23 00:07:21,4185.856,sl 4185.973,-2.03,152.24,4.181000000000495,-0.4855297775651183,7.35,4185.973,True,sl
2026-06-22_to_2026-06-28__M15,2026-06-22_to_2026-06-28,M15,2026-06-23 00:15:00,SELL,4178.949,4183.709,2026-06-23 00:20:31,4183.768,sl 4183.709,-4.82,147.42,4.760000000000218,-1.0126050420167603,5.516666666666667,4183.709,False,sl
2026-06-22_to_2026-06-28__M15,2026-06-22_to_2026-06-28,M15,2026-06-23 00:30:00,SELL,4183.84,4188.566,2026-06-23 00:44:03,4188.599,sl 4188.566,-4.76,142.66,4.725999999999658,-1.0071942446043893,14.05,4188.566,False,sl
2026-06-22_to_2026-06-28__M15,2026-06-22_to_2026-06-28,M15,2026-06-23 00:45:00,SELL,4192.912,4198.191,2026-06-23 01:00:12,4198.302,sl 4198.191,-5.39,137.27,5.278999999999542,-1.0210267096041803,15.2,4198.191,False,sl
2026-06-22_to_2026-06-28__M15,2026-06-22_to_2026-06-28,M15,2026-06-23 01:15:00,SELL,4185.468,4191.527,2026-06-23 01:24:26,4180.192,sl 4180.176,5.28,142.55,6.0590000000001965,0.8714309291962088,9.433333333333334,4180.176,True,sl
2026-06-22_to_2026-06-28__M15,2026-06-22_to_2026-06-28,M15,2026-06-23 01:30:00,SELL,4178.391,4185.331,2026-06-23 01:59:35,4163.303,sl 4162.988,15.09,157.64,6.940000000000509,2.1743515850142496,29.583333333333332,4162.988,True,sl
2026-06-22_to_2026-06-28__M15,2026-06-22_to_2026-06-28,M15,2026-06-23 02:00:00,BUY,4161.416,4152.104,2026-06-23 02:07:01,4152.052,sl 4152.104,-9.37,148.27,9.311999999999898,-1.0062285223367806,7.016666666666667,4152.104,False,sl
2026-06-22_to_2026-06-28__M15,2026-06-22_to_2026-06-28,M15,2026-06-23 02:15:00,BUY,4153.641,4143.697,2026-06-23 02:59:06,4148.401,sl 4148.539,-5.24,143.03,9.943999999999505,-0.5269509251810399,44.1,4148.539,True,sl
2026-06-22_to_2026-06-28__M15,2026-06-22_to_2026-06-28,M15,2026-06-23 03:00:00,SELL,4147.076,4158.68,2026-06-23 05:02:29,4131.726,sl 4131.591,15.35,158.38,11.60400000000027,1.3228197173388179,122.48333333333333,4131.591,True,sl
2026-06-22_to_2026-06-28__M15,2026-06-22_to_2026-06-28,M15,2026-06-23 05:15:00,BUY,4130.15,4118.48,2026-06-23 05:30:06,4118.437,sl 4118.480,-11.71,146.67,11.670000000000073,-1.0034275921165319,15.1,4118.48,False,sl
2026-06-22_to_2026-06-28__M15,2026-06-22_to_2026-06-28,M15,2026-06-23 05:45:00,BUY,4127.771,4116.337,2026-06-23 06:09:41,4116.3,sl 4116.337,-11.47,135.2,11.433999999999287,-1.003148504460444,24.683333333333334,4116.337,False,sl
2026-06-22_to_2026-06-28__M15,2026-06-22_to_2026-06-28,M15,2026-06-23 06:15:00,SELL,4122.417,4134.317,2026-06-23 08:42:02,4111.054,sl 4110.999,11.37,146.57,11.899999999999636,0.9554621848739787,147.03333333333333,4110.999,True,sl
2026-06-22_to_2026-06-28__M15,2026-06-22_to_2026-06-28,M15,2026-06-23 08:45:00,SELL,4109.369,4121.207,2026-06-23 09:39:21,4120.101,sl 4119.900,-10.73,135.84,11.838000000000648,-0.9064031086331655,54.35,4119.9,True,sl
2026-06-22_to_2026-06-28__M15,2026-06-22_to_2026-06-28,M15,2026-06-23 09:45:00,SELL,4117.013,4127.584,2026-06-23 10:00:38,4127.636,sl 4127.584,-10.63,125.21,10.570999999999913,-1.0055813073503064,15.633333333333333,4127.584,False,sl
2026-06-22_to_2026-06-28__M15,2026-06-22_to_2026-06-28,M15,2026-06-23 10:15:00,BUY,4129.937,4119.706,2026-06-23 10:59:45,4119.646,sl 4119.706,-10.29,114.92,10.230999999999767,-1.0057667872153488,44.75,4119.706,False,sl
2026-06-22_to_2026-06-28__M15,2026-06-22_to_2026-06-28,M15,2026-06-23 11:00:00,BUY,4119.945,4110.579,2026-06-23 11:48:11,4118.159,sl 4118.319,-1.79,113.13,9.365999999999985,-0.19111680546658155,48.18333333333333,4118.319,True,sl
2026-06-22_to_2026-06-28__M15,2026-06-22_to_2026-06-28,M15,2026-06-23 12:00:00,SELL,4123.339,4132.291,2026-06-23 13:26:33,4119.454,sl 4119.380,3.89,117.02,8.952000000000226,0.4345397676496763,86.55,4119.38,True,sl
2026-06-22_to_2026-06-28__M15,2026-06-22_to_2026-06-28,M15,2026-06-23 13:30:00,SELL,4115.962,4125.758,2026-06-23 13:37:12,4124.874,sl 4124.837,-8.91,108.11,9.795999999999367,-0.9095549203757223,7.2,4124.837,True,sl
2026-06-22_to_2026-06-28__M15,2026-06-22_to_2026-06-28,M15,2026-06-23 13:45:00,SELL,4126.584,4136.949,2026-06-23 13:52:29,4137.254,sl 4136.949,-10.67,97.44,10.364999999999782,-1.0294259527255403,7.483333333333333,4136.949,False,sl
2026-06-22_to_2026-06-28__M15,2026-06-22_to_2026-06-28,M15,2026-06-23 14:00:00,BUY,4135.683,4124.643,2026-06-23 14:30:27,4128.431,sl 4128.538,-7.25,90.19,11.039999999999964,-0.6567028985507268,30.45,4128.538,True,sl
2026-06-22_to_2026-06-28__M15,2026-06-22_to_2026-06-28,M15,2026-06-23 14:45:00,BUY,4126.305,4114.584,2026-06-23 18:04:09,4127.449,sl 4127.477,1.14,91.33,11.721000000000458,0.0972613258254377,199.15,4127.477,True,sl
2026-06-22_to_2026-06-28__M15,2026-06-22_to_2026-06-28,M15,2026-06-23 18:15:00,SELL,4124.442,4132.719,2026-06-23 19:04:31,4124.758,sl 4124.638,-0.32,91.01,8.277000000000044,-0.03866135073094096,49.516666666666666,4124.638,True,sl
2026-06-22_to_2026-06-28__M15,2026-06-22_to_2026-06-28,M15,2026-06-23 19:15:01,SELL,4121.387,4128.658,2026-06-23 22:45:27,4105.821,sl 4105.799,15.57,106.58,7.27100000000064,2.141383578599729,210.43333333333334,4105.799,True,sl
2026-06-22_to_2026-06-28__M15,2026-06-22_to_2026-06-28,M15,2026-06-23 23:00:00,BUY,4104.391,4098.234,2026-06-23 23:05:06,4098.134,sl 4098.234,-6.26,100.32,6.156999999999243,-1.016728926425332,5.1,4098.234,False,sl
2026-06-22_to_2026-06-28__M15,2026-06-22_to_2026-06-28,M15,2026-06-23 23:15:00,BUY,4099.806,4093.446,2026-06-23 23:37:49,4093.245,sl 4093.446,-6.56,93.76,6.359999999999673,-1.0314465408805562,22.816666666666666,4093.446,False,sl
2026-06-22_to_2026-06-28__M15,2026-06-22_to_2026-06-28,M15,2026-06-23 23:45:00,SELL,4086.307,4093.13,2026-06-23 23:46:08,4093.188,sl 4093.130,-6.88,86.88,6.82300000000032,-1.0083540964384694,1.1333333333333333,4093.13,False,sl
2026-06-22_to_2026-06-28__M15,2026-06-22_to_2026-06-28,M15,2026-06-24 00:00:00,BUY,4099.246,4091.755,2026-06-24 00:24:09,4100.548,sl 4100.746,1.3,88.18,7.4909999999999854,0.17354158323321353,24.15,4100.746,True,sl
2026-06-22_to_2026-06-28__M15,2026-06-22_to_2026-06-28,M15,2026-06-24 00:30:00,SELL,4099.678,4108.609,2026-06-24 01:08:17,4082.352,sl 4082.258,17.33,105.51,8.931000000000495,1.9404322024408285,38.28333333333333,4082.258,True,sl
2026-06-22_to_2026-06-28__M15,2026-06-22_to_2026-06-28,M15,2026-06-24 01:15:00,SELL,4089.573,4100.721,2026-06-24 01:25:13,4100.37,sl 4100.363,-10.8,94.71,11.147999999999683,-0.9687836383208026,10.216666666666667,4100.363,True,sl
2026-06-22_to_2026-06-28__M15,2026-06-22_to_2026-06-28,M15,2026-06-24 01:30:00,SELL,4098.423,4110.63,2026-06-24 05:22:44,4072.353,sl 4072.190,26.07,120.78,12.207000000000335,2.1356598672892018,232.73333333333332,4072.19,True,sl
2026-06-22_to_2026-06-28__M15,2026-06-22_to_2026-06-28,M15,2026-06-24 05:30:00,SELL,4073.316,4084.64,2026-06-24 05:33:38,4084.747,sl 4084.640,-11.43,109.35,11.32400000000007,-1.009360649947009,3.6333333333333333,4084.64,False,sl
2026-06-22_to_2026-06-28__M15,2026-06-22_to_2026-06-28,M15,2026-06-24 05:45:00,BUY,4077.229,4066.072,2026-06-24 07:32:32,4081.193,sl 4081.348,3.96,113.31,11.156999999999698,0.3549341220758364,107.53333333333333,4081.348,True,sl
2026-06-22_to_2026-06-28__M15,2026-06-22_to_2026-06-28,M15,2026-06-24 07:45:00,BUY,4082.456,4072.623,2026-06-24 09:07:24,4072.576,sl 4072.623,-9.88,103.43,9.833000000000084,-1.0047798230448406,82.4,4072.623,False,sl
2026-06-22_to_2026-06-28__M15,2026-06-22_to_2026-06-28,M15,2026-06-24 09:15:00,BUY,4076.608,4067.05,2026-06-24 09:36:23,4067.05,sl 4067.050,-9.56,93.87,9.557999999999993,-1.0002092487968202,21.383333333333333,4067.05,False,sl
2026-06-22_to_2026-06-28__M15,2026-06-22_to_2026-06-28,M15,2026-06-24 09:45:00,BUY,4068.661,4059.993,2026-06-24 10:02:45,4059.839,sl 4059.993,-8.82,85.05,8.66800000000012,-1.017535763728643,17.75,4059.993,False,sl
2026-06-22_to_2026-06-28__M15,2026-06-22_to_2026-06-28,M15,2026-06-24 10:15:00,SELL,4061.222,4069.242,2026-06-24 11:38:54,4051.016,sl 4050.982,10.2,95.25,8.019999999999982,1.2718204488778082,83.9,4050.982,True,sl
2026-06-22_to_2026-06-28__M15,2026-06-22_to_2026-06-28,M15,2026-06-24 11:45:00,BUY,4046.171,4037.31,2026-06-24 12:01:15,4042.837,sl 4042.855,-3.33,91.92,8.860999999999876,-0.3758040853176895,16.25,4042.855,True,sl
2026-06-22_to_2026-06-28__M15,2026-06-22_to_2026-06-28,M15,2026-06-24 12:15:00,BUY,4038.387,4028.453,2026-06-24 12:25:03,4026.68,sl 4028.453,-11.71,80.21,9.934000000000196,-1.1787799476544967,10.05,4028.453,False,sl
2026-06-22_to_2026-06-28__M15,2026-06-22_to_2026-06-28,M15,2026-06-24 12:30:00,SELL,4015.3,4027.223,2026-06-24 13:03:32,3992.497,sl 3992.397,22.8,103.01,11.922999999999774,1.9122704017445635,33.53333333333333,3992.397,True,sl
2026-06-22_to_2026-06-28__M15,2026-06-22_to_2026-06-28,M15,2026-06-24 13:15:00,SELL,3971.649,3986.907,2026-06-24 13:31:54,3986.939,sl 3986.907,-15.29,87.72,15.258000000000266,-1.002097260453515,16.9,3986.907,False,sl
2026-06-22_to_2026-06-28__M15,2026-06-22_to_2026-06-28,M15,2026-06-24 13:45:00,BUY,4015.433,3997.123,2026-06-24 14:20:28,4014.569,sl 4014.662,-0.86,86.86,18.309999999999945,-0.046968869470234986,35.46666666666667,4014.662,True,sl
2026-06-22_to_2026-06-28__M15,2026-06-22_to_2026-06-28,M15,2026-06-24 14:30:00,SELL,4023.635,4044.878,2026-06-24 18:09:01,3979.344,sl 3979.266,44.3,131.16,21.242999999999938,2.0853928352869238,219.01666666666668,3979.266,True,sl
2026-06-22_to_2026-06-28__M15,2026-06-22_to_2026-06-28,M15,2026-06-24 18:15:00,BUY,3989.126,3974.936,2026-06-24 19:10:29,3974.915,sl 3974.936,-14.21,116.95,14.190000000000055,-1.0014094432699046,55.483333333333334,3974.936,False,sl
2026-06-22_to_2026-06-28__M15,2026-06-22_to_2026-06-28,M15,2026-06-24 19:15:00,BUY,3976.387,3962.92,2026-06-24 23:06:45,3990.741,sl 3990.741,14.35,131.3,13.467000000000098,1.0655676839682109,231.75,3990.741,True,sl
2026-06-22_to_2026-06-28__M15,2026-06-22_to_2026-06-28,M15,2026-06-24 23:15:00,BUY,3995.205,3986.412,2026-06-25 00:14:08,4005.438,sl 4005.443,10.23,139.93,8.79300000000012,1.163425452064126,59.13333333333333,4005.443,True,sl
2026-06-22_to_2026-06-28__M15,2026-06-22_to_2026-06-28,M15,2026-06-25 00:15:00,SELL,4005.706,4015.062,2026-06-25 00:52:40,3992.481,sl 3992.457,13.23,153.16,9.355999999999767,1.4140658401026431,37.666666666666664,3992.457,True,sl
2026-06-22_to_2026-06-28__M15,2026-06-22_to_2026-06-28,M15,2026-06-25 01:00:00,BUY,3991.495,3981.278,2026-06-25 01:06:56,3990.489,sl 3990.576,-1.01,152.15,10.217000000000098,-0.09885484976020263,6.933333333333334,3990.576,True,sl
2026-06-22_to_2026-06-28__M15,2026-06-22_to_2026-06-28,M15,2026-06-25 01:15:00,SELL,3986.786,3998.287,2026-06-25 01:20:49,3998.404,sl 3998.287,-11.61,140.54,11.500999999999749,-1.0094774367446528,5.816666666666666,3998.287,False,sl
2026-06-22_to_2026-06-28__M15,2026-06-22_to_2026-06-28,M15,2026-06-25 01:30:00,SELL,3990.726,4003.027,2026-06-25 02:20:23,3983.969,sl 3983.678,6.76,147.3,12.30099999999993,0.5495488171693389,50.38333333333333,3983.678,True,sl
2026-06-22_to_2026-06-28__M15,2026-06-22_to_2026-06-28,M15,2026-06-25 02:30:00,BUY,3986.558,3970.65,2026-06-25 03:11:34,3970.477,sl 3970.650,-16.08,131.22,15.907999999999902,-1.010812169977376,41.56666666666667,3970.65,False,sl
2026-06-22_to_2026-06-28__M15,2026-06-22_to_2026-06-28,M15,2026-06-25 03:15:00,SELL,3970.5,3987.222,2026-06-25 03:49:23,3987.24,sl 3987.222,-16.74,114.48,16.722000000000207,-1.0010764262647884,34.38333333333333,3987.222,False,sl
2026-06-22_to_2026-06-28__M15,2026-06-22_to_2026-06-28,M15,2026-06-25 04:00:00,BUY,3995.533,3977.49,2026-06-25 06:16:03,3977.505,sl 3977.553,-18.02,96.46,18.04300000000012,-0.9987252674167201,136.05,3977.553,True,sl
2026-06-22_to_2026-06-28__M15,2026-06-22_to_2026-06-28,M15,2026-06-25 06:30:00,BUY,3984.334,3971.58,2026-06-25 07:45:13,3973.514,sl 3973.516,-10.82,85.64,12.753999999999905,-0.8483612984161895,75.21666666666667,3973.516,True,sl
2026-06-22_to_2026-06-28__M15,2026-06-22_to_2026-06-28,M15,2026-06-25 08:00:00,BUY,3987.921,3976.347,2026-06-25 10:11:35,3984.257,sl 3984.308,-3.66,81.98,11.573999999999614,-0.3162260238465632,131.58333333333334,3984.308,True,sl
2026-06-22_to_2026-06-28__M15,2026-06-22_to_2026-06-28,M15,2026-06-25 10:15:00,SELL,3984.401,3995.132,2026-06-25 11:42:06,3985.74,sl 3985.665,-1.34,80.64,10.731000000000222,-0.12487186655483853,87.1,3985.665,True,sl
2026-06-22_to_2026-06-28__M15,2026-06-22_to_2026-06-28,M15,2026-06-25 11:45:00,SELL,3984.623,3992.593,2026-06-25 12:30:09,3990.141,sl 3989.898,-5.52,75.12,7.9699999999998,-0.6925972396486999,45.15,3989.898,True,sl
2026-06-22_to_2026-06-28__M15,2026-06-22_to_2026-06-28,M15,2026-06-25 12:45:00,SELL,4005.466,4013.907,2026-06-25 12:47:51,4013.982,sl 4013.907,-8.51,66.61,8.441000000000258,-1.00817438692095,2.85,4013.907,False,sl
2026-06-22_to_2026-06-28__M15,2026-06-22_to_2026-06-28,M15,2026-06-25 13:00:00,SELL,4012.521,4021.66,2026-06-25 13:00:10,4021.67,sl 4021.660,-9.15,57.46,9.138999999999669,-1.0012036327826164,0.16666666666666666,4021.66,False,sl
2026-06-22_to_2026-06-28__M15,2026-06-22_to_2026-06-28,M15,2026-06-25 13:15:00,BUY,4031.067,4021.167,2026-06-25 13:19:23,4021.085,sl 4021.167,-9.98,47.48,9.900000000000091,-1.0080808080807988,4.383333333333334,4021.167,False,sl
2026-06-29_to_2026-07-05__M15,2026-06-29_to_2026-07-05,M15,2026-06-29 00:00:00,SELL,4062.887,4072.671,2026-06-29 00:40:42,4063.826,sl 4063.801,-0.94,99.06,9.78399999999965,-0.09607522485691267,40.7,4063.801,True,sl
2026-06-29_to_2026-07-05__M15,2026-06-29_to_2026-07-05,M15,2026-06-29 00:45:00,BUY,4069.663,4058.057,2026-06-29 01:13:06,4057.932,sl 4058.057,-11.73,87.33,11.606000000000222,-1.0106841288988262,28.1,4058.057,False,sl
2026-06-29_to_2026-07-05__M15,2026-06-29_to_2026-07-05,M15,2026-06-29 01:15:00,BUY,4055.147,4042.059,2026-06-29 04:36:35,4057.796,sl 4057.841,2.65,89.98,13.087999999999738,0.20247555012225343,201.58333333333334,4057.841,True,sl
2026-06-29_to_2026-07-05__M15,2026-06-29_to_2026-07-05,M15,2026-06-29 04:45:00,BUY,4057.23,4048.189,2026-06-29 05:01:16,4047.872,sl 4048.189,-9.36,80.62,9.041000000000167,-1.0352837075544548,16.266666666666666,4048.189,False,sl
2026-06-29_to_2026-07-05__M15,2026-06-29_to_2026-07-05,M15,2026-06-29 05:15:00,BUY,4056.103,4047.325,2026-06-29 05:30:07,4047.319,sl 4047.325,-8.78,71.84,8.778000000000247,-1.0002278423330773,15.116666666666667,4047.325,False,sl
2026-06-29_to_2026-07-05__M15,2026-06-29_to_2026-07-05,M15,2026-06-29 05:45:00,BUY,4050.578,4041.654,2026-06-29 08:44:36,4055.971,sl 4055.989,5.39,77.23,8.923999999999978,0.6039892424921575,179.6,4055.989,True,sl
2026-06-29_to_2026-07-05__M15,2026-06-29_to_2026-07-05,M15,2026-06-29 08:45:00,BUY,4055.872,4047.814,2026-06-29 08:58:06,4047.806,sl 4047.814,-8.06,69.17,8.057999999999993,-1.0002482005460422,13.1,4047.814,False,sl
2026-06-29_to_2026-07-05__M15,2026-06-29_to_2026-07-05,M15,2026-06-29 09:00:00,BUY,4047.049,4038.707,2026-06-29 09:33:46,4042.602,sl 4042.663,-4.45,64.72,8.342000000000098,-0.5334452169743404,33.766666666666666,4042.663,True,sl
2026-06-29_to_2026-07-05__M15,2026-06-29_to_2026-07-05,M15,2026-06-29 09:45:00,BUY,4043.948,4035.897,2026-06-29 09:50:20,4035.492,sl 4035.897,-8.46,56.26,8.05099999999993,-1.0508011427151998,5.333333333333333,4035.897,False,sl
2026-06-29_to_2026-07-05__M15,2026-06-29_to_2026-07-05,M15,2026-06-29 10:00:00,SELL,4031.419,4040.35,2026-06-29 11:56:11,4040.388,sl 4040.350,-8.97,47.29,8.93100000000004,-1.00436681222707,116.18333333333334,4040.35,False,sl
2026-07-13_to_2026-07-19__M15,2026-07-13_to_2026-07-19,M15,2026-07-13 00:00:00,SELL,4084.359,4093.635,2026-07-13 00:46:20,4077.043,sl 4076.715,7.32,107.32,9.276000000000295,0.7891332470892376,46.333333333333336,4076.715,True,sl
2026-07-13_to_2026-07-19__M15,2026-07-13_to_2026-07-19,M15,2026-07-13 01:00:00,BUY,4074.013,4062.694,2026-07-13 01:55:14,4072.241,sl 4072.265,-1.77,105.55,11.31899999999996,-0.15637423800689162,55.233333333333334,4072.265,True,sl
2026-07-13_to_2026-07-19__M15,2026-07-13_to_2026-07-19,M15,2026-07-13 02:00:00,SELL,4072.323,4083.728,2026-07-13 05:07:34,4065.337,sl 4065.309,6.98,112.53,11.4050000000002,0.6120122753178323,187.56666666666666,4065.309,True,sl
2026-07-13_to_2026-07-19__M15,2026-07-13_to_2026-07-19,M15,2026-07-13 05:15:00,BUY,4069.619,4060.463,2026-07-13 05:23:19,4060.42,sl 4060.463,-9.2,103.33,9.155999999999949,-1.0048055919615608,8.316666666666666,4060.463,False,sl
2026-07-13_to_2026-07-19__M15,2026-07-13_to_2026-07-19,M15,2026-07-13 05:30:00,SELL,4058.238,4066.783,2026-07-13 05:37:28,4065.228,sl 4065.106,-6.99,96.34,8.545000000000073,-0.818022235225271,7.466666666666667,4065.106,True,sl
2026-07-13_to_2026-07-19__M15,2026-07-13_to_2026-07-19,M15,2026-07-13 05:45:00,SELL,4063.766,4072.918,2026-07-13 06:25:49,4058.095,sl 4058.079,5.67,102.01,9.152000000000044,0.6195367132867103,40.81666666666667,4058.079,True,sl
2026-07-13_to_2026-07-19__M15,2026-07-13_to_2026-07-19,M15,2026-07-13 06:30:00,SELL,4061.304,4071.131,2026-07-13 07:35:20,4062.921,sl 4062.910,-1.62,100.39,9.82699999999977,-0.1648519385366885,65.33333333333333,4062.91,True,sl
2026-07-13_to_2026-07-19__M15,2026-07-13_to_2026-07-19,M15,2026-07-13 07:45:00,SELL,4057.515,4067.189,2026-07-13 08:00:18,4067.26,sl 4067.189,-9.74,90.65,9.673999999999978,-1.0068224105850756,15.3,4067.189,False,sl
2026-07-13_to_2026-07-19__M15,2026-07-13_to_2026-07-19,M15,2026-07-13 08:15:00,SELL,4073.82,4084.111,2026-07-13 10:51:18,4056.631,sl 4056.406,17.19,107.84,10.290999999999713,1.6703916043144964,156.3,4056.406,True,sl
2026-07-13_to_2026-07-19__M15,2026-07-13_to_2026-07-19,M15,2026-07-13 11:00:00,SELL,4060.514,4068.33,2026-07-13 11:06:01,4068.403,sl 4068.330,-7.89,99.95,7.8159999999998035,-1.0094677584442424,6.016666666666667,4068.33,False,sl
2026-07-13_to_2026-07-19__M15,2026-07-13_to_2026-07-19,M15,2026-07-13 11:15:00,BUY,4064.172,4056.117,2026-07-13 11:53:38,4056.702,sl 4056.763,-7.47,92.48,8.054999999999836,-0.9273743016759964,38.63333333333333,4056.763,True,sl
2026-07-13_to_2026-07-19__M15,2026-07-13_to_2026-07-19,M15,2026-07-13 12:00:00,SELL,4056.507,4064.283,2026-07-13 12:43:59,4064.285,sl 4064.283,-7.78,84.7,7.77599999999984,-1.0005144032922018,43.983333333333334,4064.283,False,sl
2026-07-13_to_2026-07-19__M15,2026-07-13_to_2026-07-19,M15,2026-07-13 12:45:00,SELL,4063.033,4071.258,2026-07-13 14:19:04,4021.993,sl 4021.882,41.04,125.74,8.224999999999909,4.9896656534954955,94.06666666666666,4021.882,True,sl
2026-07-13_to_2026-07-19__M15,2026-07-13_to_2026-07-19,M15,2026-07-13 14:30:00,SELL,4017.0,4028.243,2026-07-13 15:00:21,4017.395,sl 4017.382,-0.4,125.34,11.242999999999938,-0.03557769278662298,30.35,4017.382,True,sl
2026-07-13_to_2026-07-19__M15,2026-07-13_to_2026-07-19,M15,2026-07-13 15:15:00,BUY,4014.998,4002.783,2026-07-13 16:29:23,4002.742,sl 4002.783,-12.26,113.08,12.215000000000146,-1.0036839950879946,74.38333333333334,4002.783,False,sl
2026-07-13_to_2026-07-19__M15,2026-07-13_to_2026-07-19,M15,2026-07-13 16:30:00,BUY,4004.195,3991.853,2026-07-13 16:35:30,3991.801,sl 3991.853,-12.4,100.68,12.342000000000098,-1.0046994004213177,5.5,3991.853,False,sl
2026-07-13_to_2026-07-19__M15,2026-07-13_to_2026-07-19,M15,2026-07-13 16:45:00,BUY,4000.763,3988.003,2026-07-13 16:55:11,3987.96,sl 3988.003,-12.8,87.88,12.759999999999764,-1.003134796238263,10.183333333333334,3988.003,False,sl
2026-07-13_to_2026-07-19__M15,2026-07-13_to_2026-07-19,M15,2026-07-13 17:00:00,SELL,3993.236,4006.635,2026-07-13 18:35:38,3999.677,sl 3999.668,-6.44,81.44,13.399000000000342,-0.4806328830509617,95.63333333333334,3999.668,True,sl
2026-07-13_to_2026-07-19__M15,2026-07-13_to_2026-07-19,M15,2026-07-13 18:45:00,SELL,3999.998,4008.298,2026-07-13 20:06:15,4006.293,sl 4006.071,-6.29,75.15,8.299999999999727,-0.7578313253012298,81.25,4006.071,True,sl
2026-07-13_to_2026-07-19__M15,2026-07-13_to_2026-07-19,M15,2026-07-13 20:30:00,BUY,4000.121,3993.628,2026-07-13 23:29:23,3997.233,sl 3997.311,-2.89,72.26,6.492999999999938,-0.4450947173879605,179.38333333333333,3997.311,True,sl
2026-07-13_to_2026-07-19__M15,2026-07-13_to_2026-07-19,M15,2026-07-13 23:30:00,BUY,3997.508,3992.817,2026-07-13 23:46:29,3992.724,sl 3992.817,-4.79,67.47,4.6909999999998035,-1.0211042421658922,16.483333333333334,3992.817,False,sl
2026-07-13_to_2026-07-19__M15,2026-07-13_to_2026-07-19,M15,2026-07-14 00:00:00,SELL,4000.97,4005.801,2026-07-14 00:08:00,3990.827,sl 3990.813,10.14,77.61,4.831000000000131,2.098944317946538,8.0,3990.813,True,sl
2026-07-13_to_2026-07-19__M15,2026-07-13_to_2026-07-19,M15,2026-07-14 00:15:00,SELL,3995.479,4001.308,2026-07-14 00:28:35,3994.639,sl 3994.489,0.84,78.45,5.829000000000178,0.14410705095213147,13.583333333333334,3994.489,True,sl
2026-07-13_to_2026-07-19__M15,2026-07-13_to_2026-07-19,M15,2026-07-14 00:30:00,SELL,3995.313,4001.571,2026-07-14 00:33:23,4001.585,sl 4001.571,-6.28,72.17,6.257999999999811,-1.003515500159826,3.3833333333333333,4001.571,False,sl
2026-07-13_to_2026-07-19__M15,2026-07-13_to_2026-07-19,M15,2026-07-14 00:45:00,BUY,4003.073,3996.451,2026-07-14 01:00:33,3997.305,sl 3997.338,-5.76,66.41,6.621999999999844,-0.8698278465720531,15.55,3997.338,True,sl
2026-07-13_to_2026-07-19__M15,2026-07-13_to_2026-07-19,M15,2026-07-14 01:15:00,SELL,3995.404,4002.836,2026-07-14 01:17:44,4002.887,sl 4002.836,-7.49,58.92,7.431999999999789,-1.0078040904198349,2.7333333333333334,4002.836,False,sl
2026-07-13_to_2026-07-19__M15,2026-07-13_to_2026-07-19,M15,2026-07-14 01:30:00,BUY,3998.059,3990.221,2026-07-14 06:27:01,4025.08,sl 4025.244,27.02,85.94,7.838000000000193,3.447307986731224,297.01666666666665,4025.244,True,sl
2026-07-13_to_2026-07-19__M15,2026-07-13_to_2026-07-19,M15,2026-07-14 06:30:00,SELL,4023.142,4028.937,2026-07-14 07:08:44,4029.136,sl 4028.937,-6.0,79.94,5.795000000000073,-1.0353753235547756,38.733333333333334,4028.937,False,sl
2026-07-13_to_2026-07-19__M15,2026-07-13_to_2026-07-19,M15,2026-07-14 07:15:00,BUY,4025.067,4019.335,2026-07-14 07:56:45,4021.308,sl 4021.325,-3.76,76.18,5.731999999999971,-0.6559665038381052,41.75,4021.325,True,sl
2026-07-13_to_2026-07-19__M15,2026-07-13_to_2026-07-19,M15,2026-07-14 08:00:00,SELL,4020.939,4027.099,2026-07-14 08:30:56,4024.006,sl 4023.906,-3.07,73.11,6.160000000000309,-0.4983766233765983,30.933333333333334,4023.906,True,sl
2026-07-13_to_2026-07-19__M15,2026-07-13_to_2026-07-19,M15,2026-07-14 08:45:00,BUY,4019.621,4013.37,2026-07-14 09:30:45,4014.984,sl 4015.018,-4.64,68.47,6.251000000000204,-0.7422812350023754,45.75,4015.018,True,sl
2026-07-13_to_2026-07-19__M15,2026-07-13_to_2026-07-19,M15,2026-07-14 09:45:00,BUY,4017.237,4010.781,2026-07-14 12:08:30,4026.538,sl 4026.559,9.3,77.77,6.456000000000131,1.4405204460966252,143.5,4026.559,True,sl
2026-07-13_to_2026-07-19__M15,2026-07-13_to_2026-07-19,M15,2026-07-14 12:15:00,BUY,4026.256,4019.514,2026-07-14 12:30:22,4077.549,sl 4079.534,51.29,129.06,6.741999999999734,7.607534856126078,15.366666666666667,4079.534,True,sl
2026-07-13_to_2026-07-19__M15,2026-07-13_to_2026-07-19,M15,2026-07-14 12:45:00,SELL,4092.714,4104.128,2026-07-14 13:23:37,4086.326,sl 4086.280,6.38,135.44,11.41399999999976,0.5589626774137142,38.61666666666667,4086.28,True,sl
2026-07-13_to_2026-07-19__M15,2026-07-13_to_2026-07-19,M15,2026-07-14 13:30:00,SELL,4081.543,4095.411,2026-07-14 15:06:57,4094.147,sl 4094.129,-12.61,122.83,13.867999999999938,-0.9092875685030326,96.95,4094.129,True,sl
2026-07-13_to_2026-07-19__M15,2026-07-13_to_2026-07-19,M15,2026-07-14 15:15:00,BUY,4090.382,4072.161,2026-07-14 15:41:29,4072.115,sl 4072.161,-18.26,104.57,18.221000000000004,-1.0021403874650128,26.483333333333334,4072.161,False,sl
2026-07-13_to_2026-07-19__M15,2026-07-13_to_2026-07-19,M15,2026-07-14 15:45:00,BUY,4074.49,4055.415,2026-07-14 17:14:24,4055.227,sl 4055.415,-19.26,85.31,19.074999999999818,-1.0096985583224212,89.4,4055.415,False,sl
2026-07-13_to_2026-07-19__M15,2026-07-13_to_2026-07-19,M15,2026-07-14 17:15:00,BUY,4056.715,4044.737,2026-07-14 18:41:24,4048.74,sl 4048.844,-7.98,77.33,11.978000000000065,-0.6662214059108329,86.4,4048.844,True,sl
2026-07-13_to_2026-07-19__M15,2026-07-13_to_2026-07-19,M15,2026-07-14 18:45:00,SELL,4046.443,4055.381,2026-07-14 19:12:21,4055.419,sl 4055.381,-8.98,68.35,8.937999999999647,-1.004699037816106,27.35,4055.381,False,sl
2026-07-13_to_2026-07-19__M15,2026-07-13_to_2026-07-19,M15,2026-07-14 19:15:00,BUY,4056.654,4048.703,2026-07-14 19:31:01,4048.651,sl 4048.703,-8.0,60.35,7.951000000000022,-1.006162746824296,16.016666666666666,4048.703,False,sl
2026-07-13_to_2026-07-19__M15,2026-07-13_to_2026-07-19,M15,2026-07-14 19:45:00,BUY,4052.83,4045.625,2026-07-15 00:37:07,4052.08,sl 4052.310,-0.75,59.07,7.204999999999927,-0.10409437890354026,292.1166666666667,4052.31,True,sl
2026-07-13_to_2026-07-19__M15,2026-07-13_to_2026-07-19,M15,2026-07-15 00:45:00,SELL,4054.635,4059.074,2026-07-15 00:55:14,4059.197,sl 4059.074,-4.56,54.51,4.438999999999851,-1.0272583915296583,10.233333333333333,4059.074,False,sl
2026-07-13_to_2026-07-19__M15,2026-07-13_to_2026-07-19,M15,2026-07-15 01:00:00,SELL,4059.225,4063.972,2026-07-15 02:42:16,4039.298,sl 4039.276,19.93,74.44,4.747000000000298,4.198441120707551,102.26666666666667,4039.276,True,sl
2026-07-13_to_2026-07-19__M15,2026-07-13_to_2026-07-19,M15,2026-07-15 02:45:00,SELL,4041.647,4049.062,2026-07-15 05:39:56,4032.233,sl 4032.178,9.42,83.86,7.414999999999964,1.2703978422117392,174.93333333333334,4032.178,True,sl
2026-07-13_to_2026-07-19__M15,2026-07-13_to_2026-07-19,M15,2026-07-15 05:45:00,SELL,4029.822,4036.855,2026-07-15 06:43:39,4031.841,sl 4031.754,-2.02,81.84,7.032999999999902,-0.2872174036684243,58.65,4031.754,True,sl
2026-07-13_to_2026-07-19__M15,2026-07-13_to_2026-07-19,M15,2026-07-15 06:45:00,BUY,4032.576,4025.393,2026-07-15 07:23:24,4025.391,sl 4025.393,-7.19,74.65,7.182999999999993,-1.000974523179731,38.4,4025.393,False,sl
2026-07-13_to_2026-07-19__M15,2026-07-13_to_2026-07-19,M15,2026-07-15 07:30:00,BUY,4024.112,4016.702,2026-07-15 12:42:32,4057.44,sl 4057.647,33.33,107.98,7.4099999999998545,4.497975708502112,312.53333333333336,4057.647,True,sl
2026-07-13_to_2026-07-19__M15,2026-07-13_to_2026-07-19,M15,2026-07-15 12:45:00,SELL,4062.914,4070.179,2026-07-15 12:58:19,4070.182,sl 4070.179,-7.27,100.71,7.264999999999873,-1.000688231245716,13.316666666666666,4070.179,False,sl
2026-07-13_to_2026-07-19__M15,2026-07-13_to_2026-07-19,M15,2026-07-15 13:00:00,BUY,4068.18,4060.575,2026-07-15 13:13:32,4062.681,sl 4062.854,-5.5,95.21,7.605000000000018,-0.723208415516106,13.533333333333333,4062.854,True,sl
2026-07-13_to_2026-07-19__M15,2026-07-13_to_2026-07-19,M15,2026-07-15 13:15:00,BUY,4061.938,4053.721,2026-07-15 13:27:20,4054.285,sl 4054.318,-7.65,87.56,8.217000000000098,-0.9309967141292331,12.333333333333334,4054.318,True,sl
2026-07-13_to_2026-07-19__M15,2026-07-13_to_2026-07-19,M15,2026-07-15 13:30:00,BUY,4055.996,4047.199,2026-07-15 14:48:06,4053.213,sl 4053.237,-2.79,84.77,8.797000000000025,-0.31715357508241354,78.1,4053.237,True,sl
2026-07-13_to_2026-07-19__M15,2026-07-13_to_2026-07-19,M15,2026-07-15 15:00:00,SELL,4060.357,4070.249,2026-07-15 17:29:00,4041.522,sl 4041.434,18.84,103.61,9.891999999999825,1.9045693489688973,149.0,4041.434,True,sl
2026-07-13_to_2026-07-19__M15,2026-07-13_to_2026-07-19,M15,2026-07-15 17:30:00,BUY,4047.507,4037.986,2026-07-15 18:46:02,4066.33,sl 4066.332,18.82,122.43,9.521000000000186,1.9766831215208103,76.03333333333333,4066.332,True,sl
2026-07-13_to_2026-07-19__M15,2026-07-13_to_2026-07-19,M15,2026-07-15 19:00:00,BUY,4059.475,4049.767,2026-07-15 19:34:24,4049.746,sl 4049.767,-9.73,112.7,9.708000000000084,-1.0022661722290809,34.4,4049.767,False,sl
2026-07-13_to_2026-07-19__M15,2026-07-13_to_2026-07-19,M15,2026-07-15 19:45:00,BUY,4051.37,4041.461,2026-07-16 00:44:12,4055.313,sl 4055.313,3.94,115.04,9.909000000000106,0.3976183267736359,299.2,4055.313,True,sl
2026-07-13_to_2026-07-19__M15,2026-07-13_to_2026-07-19,M15,2026-07-16 00:45:00,BUY,4055.101,4050.815,2026-07-16 00:54:30,4054.418,sl 4054.433,-0.68,114.36,4.286000000000058,-0.1586560895940249,9.5,4054.433,True,sl
2026-07-13_to_2026-07-19__M15,2026-07-13_to_2026-07-19,M15,2026-07-16 01:00:00,SELL,4044.711,4049.876,2026-07-16 01:00:30,4050.017,sl 4049.876,-5.31,109.05,5.165000000000418,-1.0280735721199554,0.5,4049.876,False,sl
2026-07-13_to_2026-07-19__M15,2026-07-13_to_2026-07-19,M15,2026-07-16 01:15:00,SELL,4045.292,4050.914,2026-07-16 01:35:13,4042.46,sl 4042.407,2.83,111.88,5.622000000000298,0.5033795802205354,20.216666666666665,4042.407,True,sl
2026-07-13_to_2026-07-19__M15,2026-07-13_to_2026-07-19,M15,2026-07-16 01:45:00,BUY,4042.471,4035.986,2026-07-16 02:05:00,4035.932,sl 4035.986,-6.54,105.34,6.485000000000127,-1.0084811102544136,20.0,4035.986,False,sl
2026-07-13_to_2026-07-19__M15,2026-07-13_to_2026-07-19,M15,2026-07-16 02:15:00,BUY,4032.929,4025.778,2026-07-16 02:41:10,4025.748,sl 4025.778,-7.18,98.16,7.151000000000295,-1.0040553768703264,26.166666666666668,4025.778,False,sl
2026-07-13_to_2026-07-19__M15,2026-07-13_to_2026-07-19,M15,2026-07-16 02:45:00,BUY,4027.767,4019.807,2026-07-16 05:30:09,4025.823,sl 4025.831,-1.95,96.21,7.960000000000036,-0.24497487437185816,165.15,4025.831,True,sl
2026-07-13_to_2026-07-19__M15,2026-07-13_to_2026-07-19,M15,2026-07-16 05:45:00,BUY,4032.516,4026.81,2026-07-16 05:53:33,4026.808,sl 4026.810,-5.71,90.5,5.706000000000131,-1.0007010164738641,8.55,4026.81,False,sl
2026-07-13_to_2026-07-19__M15,2026-07-13_to_2026-07-19,M15,2026-07-16 06:00:00,BUY,4027.608,4021.828,2026-07-16 06:19:49,4027.968,sl 4028.008,0.36,90.86,5.7800000000002,0.06228373702421929,19.816666666666666,4028.008,True,sl
2026-07-13_to_2026-07-19__M15,2026-07-13_to_2026-07-19,M15,2026-07-16 06:30:00,BUY,4030.654,4025.2,2026-07-16 06:35:05,4025.177,sl 4025.200,-5.47,85.39,5.454000000000178,-1.00293362669597,5.083333333333333,4025.2,False,sl
2026-07-13_to_2026-07-19__M15,2026-07-13_to_2026-07-19,M15,2026-07-16 06:45:00,SELL,4027.108,4032.863,2026-07-16 07:48:49,4031.912,sl 4031.722,-4.8,80.59,5.754999999999654,-0.8340573414422742,63.81666666666667,4031.722,True,sl
2026-07-13_to_2026-07-19__M15,2026-07-13_to_2026-07-19,M15,2026-07-16 08:00:00,BUY,4030.636,4024.848,2026-07-16 08:10:54,4025.535,sl 4025.600,-5.1,75.49,5.788000000000011,-0.8811333794056652,10.9,4025.6,True,sl
2026-07-13_to_2026-07-19__M15,2026-07-13_to_2026-07-19,M15,2026-07-16 08:15:00,BUY,4026.066,4019.882,2026-07-16 10:59:05,4028.976,sl 4029.017,2.91,78.4,6.183999999999742,0.4705692108667726,164.08333333333334,4029.017,True,sl
2026-07-13_to_2026-07-19__M15,2026-07-13_to_2026-07-19,M15,2026-07-16 11:00:00,SELL,4029.62,4034.61,2026-07-16 11:33:31,4028.634,sl 4028.629,0.99,79.39,4.9900000000002365,0.19839679358716494,33.516666666666666,4028.629,True,sl
2026-07-13_to_2026-07-19__M15,2026-07-13_to_2026-07-19,M15,2026-07-16 11:45:00,BUY,4035.038,4029.85,2026-07-16 11:49:55,4034.344,sl 4034.615,-0.7,78.69,5.188000000000102,-0.13492675404779997,4.916666666666667,4034.615,True,sl
2026-07-13_to_2026-07-19__M15,2026-07-13_to_2026-07-19,M15,2026-07-16 12:00:00,SELL,4038.559,4044.2,2026-07-16 12:17:49,4022.779,sl 4022.622,15.78,94.47,5.640999999999622,2.797376351710877,17.816666666666666,4022.622,True,sl
2026-07-13_to_2026-07-19__M15,2026-07-13_to_2026-07-19,M15,2026-07-16 12:30:00,SELL,4025.501,4033.124,2026-07-16 13:12:34,3989.296,sl 3989.281,36.2,130.67,7.6229999999995925,4.748786566968639,42.56666666666667,3989.281,True,sl
2026-07-13_to_2026-07-19__M15,2026-07-13_to_2026-07-19,M15,2026-07-16 13:15:00,SELL,3992.206,4003.931,2026-07-16 13:27:10,4003.931,sl 4003.931,-11.72,118.95,11.724999999999909,-0.9995735607675984,12.166666666666666,4003.931,False,sl
2026-07-13_to_2026-07-19__M15,2026-07-13_to_2026-07-19,M15,2026-07-16 13:30:00,SELL,4005.418,4017.884,2026-07-16 14:27:34,4000.75,sl 4000.603,4.67,123.62,12.465999999999894,0.3746189635809433,57.56666666666667,4000.603,True,sl
2026-07-13_to_2026-07-19__M15,2026-07-13_to_2026-07-19,M15,2026-07-16 14:30:00,BUY,3999.391,3983.567,2026-07-16 16:13:01,3992.256,sl 3992.313,-7.13,116.49,15.82400000000007,-0.45058139534883523,103.01666666666667,3992.313,True,sl
2026-07-13_to_2026-07-19__M15,2026-07-13_to_2026-07-19,M15,2026-07-16 16:15:00,BUY,3989.914,3974.846,2026-07-16 18:35:25,3977.225,sl 3977.290,-12.68,103.81,15.068000000000211,-0.8415184496947055,140.41666666666666,3977.29,True,sl
2026-07-13_to_2026-07-19__M15,2026-07-13_to_2026-07-19,M15,2026-07-16 18:45:00,BUY,3983.113,3973.508,2026-07-16 19:35:15,3973.667,sl 3973.811,-9.44,94.37,9.605000000000018,-0.9828214471629341,50.25,3973.811,True,sl
2026-07-13_to_2026-07-19__M15,2026-07-13_to_2026-07-19,M15,2026-07-16 19:45:00,BUY,3975.877,3968.416,2026-07-17 00:30:16,3983.458,sl 3983.472,7.58,101.42,7.460999999999785,1.0159496046106713,285.26666666666665,3983.472,True,sl
2026-07-13_to_2026-07-19__M15,2026-07-13_to_2026-07-19,M15,2026-07-17 00:45:00,SELL,3982.161,3986.898,2026-07-17 00:46:35,3987.28,sl 3986.898,-5.12,96.3,4.73700000000008,-1.0808528604601886,1.5833333333333333,3986.898,False,sl
2026-07-13_to_2026-07-19__M15,2026-07-13_to_2026-07-19,M15,2026-07-17 01:00:00,BUY,3992.05,3986.831,2026-07-17 01:47:14,3987.649,sl 3987.802,-4.4,91.9,5.219000000000051,-0.8430733857060658,47.233333333333334,3987.802,True,sl
2026-07-13_to_2026-07-19__M15,2026-07-13_to_2026-07-19,M15,2026-07-17 02:00:00,SELL,3983.224,3990.13,2026-07-17 03:02:02,3981.322,sl 3981.282,1.9,93.8,6.905999999999949,0.27512308137851343,62.03333333333333,3981.282,True,sl
2026-07-13_to_2026-07-19__M15,2026-07-13_to_2026-07-19,M15,2026-07-17 03:15:00,BUY,3988.698,3980.23,2026-07-17 03:34:13,3996.213,sl 3996.263,7.51,101.31,8.467999999999847,0.8868682097307671,19.216666666666665,3996.263,True,sl
2026-07-13_to_2026-07-19__M15,2026-07-13_to_2026-07-19,M15,2026-07-17 03:45:00,SELL,3997.587,4006.889,2026-07-17 05:41:43,3988.383,sl 3988.365,9.21,110.52,9.302000000000135,0.9901096538378701,116.71666666666667,3988.365,True,sl
2026-07-13_to_2026-07-19__M15,2026-07-13_to_2026-07-19,M15,2026-07-17 05:45:00,SELL,3986.866,3995.377,2026-07-17 06:10:56,3994.795,sl 3994.783,-7.93,102.59,8.510999999999967,-0.9317354012454506,25.933333333333334,3994.783,True,sl
2026-07-13_to_2026-07-19__M15,2026-07-13_to_2026-07-19,M15,2026-07-17 06:15:00,SELL,3999.613,4008.65,2026-07-17 09:22:46,4000.342,sl 4000.318,-0.73,101.86,9.037000000000262,-0.0807790195861435,187.76666666666668,4000.318,True,sl
2026-07-13_to_2026-07-19__M15,2026-07-13_to_2026-07-19,M15,2026-07-17 09:30:00,SELL,3999.259,4007.029,2026-07-17 11:54:33,3998.635,sl 3998.621,0.62,102.48,7.769999999999982,0.07979407979407999,144.55,3998.621,True,sl
2026-07-13_to_2026-07-19__M15,2026-07-13_to_2026-07-19,M15,2026-07-17 12:00:00,SELL,3994.086,3999.651,2026-07-17 13:03:29,3970.267,sl 3970.235,23.82,126.3,5.565000000000055,4.280323450134729,63.483333333333334,3970.235,True,sl
2026-07-13_to_2026-07-19__M15,2026-07-13_to_2026-07-19,M15,2026-07-17 13:15:00,BUY,3970.153,3962.22,2026-07-17 13:40:01,3991.419,sl 3991.479,21.27,147.57,7.932999999999993,2.6812050926509543,25.016666666666666,3991.479,True,sl
2026-07-13_to_2026-07-19__M15,2026-07-13_to_2026-07-19,M15,2026-07-17 13:45:00,BUY,3985.437,3974.598,2026-07-17 19:07:10,4005.29,sl 4005.307,19.85,167.42,10.838999999999942,1.8313497555125111,322.1666666666667,4005.307,True,sl
2026-07-13_to_2026-07-19__M15,2026-07-13_to_2026-07-19,M15,2026-07-17 19:15:00,BUY,4006.159,3999.641,2026-07-19 22:01:30,4000.132,sl 4010.341,-6.03,160.86,6.518000000000029,-0.9251304081006403,3046.5,4010.341,True,sl
2026-07-13_to_2026-07-19__M15,2026-07-13_to_2026-07-19,M15,2026-07-19 22:01:30,BUY,4000.472,3994.722,2026-07-19 22:29:12,3994.715,sl 3994.722,-5.75,155.11,5.75,-1.0,27.7,3994.722,False,sl
2026-07-13_to_2026-07-19__M15,2026-07-13_to_2026-07-19,M15,2026-07-19 22:30:00,BUY,3995.294,3988.245,2026-07-19 23:59:58,3995.526,end of test,0.24,155.35,7.048999999999978,0.03404738260746216,89.96666666666667,,False,end
2026-07-27_to_2026-08-02__M15,2026-07-27_to_2026-08-02,M15,2026-07-27 00:00:00,SELL,4094.295,4102.253,2026-07-27 00:00:58,4102.272,sl 4102.253,-7.97,92.03,7.957999999999629,-1.001507916561997,0.9666666666666667,4102.253,False,sl
2026-07-27_to_2026-08-02__M15,2026-07-27_to_2026-08-02,M15,2026-07-27 00:15:00,SELL,4115.688,4124.764,2026-07-27 00:47:31,4104.688,sl 4104.454,11.0,103.03,9.076000000000022,1.2119876597620067,32.516666666666666,4104.454,True,sl
2026-07-27_to_2026-08-02__M15,2026-07-27_to_2026-08-02,M15,2026-07-27 01:00:00,SELL,4100.891,4112.353,2026-07-27 01:02:16,4112.419,sl 4112.353,-11.53,91.5,11.462000000000444,-1.005932647007464,2.2666666666666666,4112.353,False,sl
2026-07-27_to_2026-08-02__M15,2026-07-27_to_2026-08-02,M15,2026-07-27 01:15:00,SELL,4107.273,4119.274,2026-07-27 05:58:22,4092.602,sl 4092.343,14.67,106.17,12.001000000000204,1.2223981334888552,283.3666666666667,4092.343,True,sl
2026-07-27_to_2026-08-02__M15,2026-07-27_to_2026-08-02,M15,2026-07-27 06:00:00,SELL,4093.129,4098.677,2026-07-27 06:38:06,4098.782,sl 4098.677,-5.65,100.52,5.5479999999997744,-1.0183850036049442,38.1,4098.677,False,sl
2026-07-27_to_2026-08-02__M15,2026-07-27_to_2026-08-02,M15,2026-07-27 06:45:00,BUY,4098.623,4093.303,2026-07-27 07:41:18,4098.415,sl 4098.439,-0.2,100.32,5.319999999999709,-0.037593984962408074,56.3,4098.439,True,sl
2026-07-27_to_2026-08-02__M15,2026-07-27_to_2026-08-02,M15,2026-07-27 07:45:00,SELL,4097.362,4102.935,2026-07-27 08:57:15,4096.249,sl 4096.245,1.11,101.43,5.57300000000032,0.1991745917817937,72.25,4096.245,True,sl
2026-07-27_to_2026-08-02__M15,2026-07-27_to_2026-08-02,M15,2026-07-27 09:00:00,BUY,4095.534,4089.345,2026-07-27 10:10:25,4091.303,sl 4091.483,-4.23,97.2,6.189000000000306,-0.6834706737760207,70.41666666666667,4091.483,True,sl
2026-07-27_to_2026-08-02__M15,2026-07-27_to_2026-08-02,M15,2026-07-27 10:15:00,BUY,4090.843,4084.495,2026-07-27 11:43:07,4094.509,sl 4094.539,3.67,100.87,6.347999999999956,0.5781348456206719,88.11666666666666,4094.539,True,sl
2026-07-27_to_2026-08-02__M15,2026-07-27_to_2026-08-02,M15,2026-07-27 11:45:00,BUY,4095.933,4089.904,2026-07-27 12:11:20,4089.677,sl 4089.904,-6.25,94.62,6.028999999999996,-1.036656161884227,26.333333333333332,4089.904,False,sl
2026-07-27_to_2026-08-02__M15,2026-07-27_to_2026-08-02,M15,2026-07-27 12:15:00,BUY,4087.949,4081.501,2026-07-27 13:10:45,4081.484,sl 4081.501,-6.47,88.15,6.447999999999865,-1.0034119106699961,55.75,4081.501,False,sl
2026-07-27_to_2026-08-02__M15,2026-07-27_to_2026-08-02,M15,2026-07-27 13:15:00,SELL,4085.113,4092.1,2026-07-27 13:39:05,4086.519,sl 4086.435,-1.41,86.74,6.98700000000008,-0.2018033490768547,24.083333333333332,4086.435,True,sl
2026-07-27_to_2026-08-02__M15,2026-07-27_to_2026-08-02,M15,2026-07-27 13:45:00,SELL,4086.653,4094.256,2026-07-27 15:16:27,4079.12,sl 4079.069,7.53,94.27,7.6030000000000655,0.9903985268972689,91.45,4079.069,True,sl
2026-07-27_to_2026-08-02__M15,2026-07-27_to_2026-08-02,M15,2026-07-27 15:30:00,SELL,4076.621,4085.828,2026-07-27 16:25:10,4085.89,sl 4085.828,-9.27,85.0,9.20699999999988,-1.0068426197458586,55.166666666666664,4085.828,False,sl
2026-07-27_to_2026-08-02__M15,2026-07-27_to_2026-08-02,M15,2026-07-27 16:30:00,SELL,4085.007,4093.853,2026-07-27 16:37:17,4093.931,sl 4093.853,-8.92,76.08,8.846000000000004,-1.0083653628758757,7.283333333333333,4093.853,False,sl
2026-07-27_to_2026-08-02__M15,2026-07-27_to_2026-08-02,M15,2026-07-27 16:45:00,SELL,4088.46,4097.355,2026-07-27 19:19:16,4082.175,sl 4082.039,6.28,82.36,8.894999999999527,0.7060146149522579,154.26666666666668,4082.039,True,sl
2026-07-27_to_2026-08-02__M15,2026-07-27_to_2026-08-02,M15,2026-07-27 19:30:00,SELL,4085.933,4092.35,2026-07-27 22:00:59,4082.548,sl 4082.379,3.38,85.74,6.416999999999916,0.52672588436965,150.98333333333332,4082.379,True,sl
2026-07-27_to_2026-08-02__M15,2026-07-27_to_2026-08-02,M15,2026-07-27 22:15:00,SELL,4076.983,4081.613,2026-07-28 00:10:04,4067.495,sl 4067.437,9.48,95.22,4.629999999999654,2.0475161987042565,115.06666666666666,4067.437,True,sl
2026-07-27_to_2026-08-02__M15,2026-07-27_to_2026-08-02,M15,2026-07-28 00:15:00,BUY,4067.088,4062.831,2026-07-28 00:16:42,4062.81,sl 4062.831,-4.28,90.94,4.257000000000062,-1.0054028658679677,1.7,4062.831,False,sl
2026-07-27_to_2026-08-02__M15,2026-07-27_to_2026-08-02,M15,2026-07-28 00:30:00,SELL,4061.956,4066.318,2026-07-28 03:33:14,4050.636,sl 4050.522,11.32,102.26,4.36200000000008,2.59513984410816,183.23333333333332,4050.522,True,sl
2026-07-27_to_2026-08-02__M15,2026-07-27_to_2026-08-02,M15,2026-07-28 03:45:00,SELL,4048.284,4054.793,2026-07-28 05:45:01,4042.271,sl 4042.108,6.01,108.27,6.5090000000000146,0.9233369181133794,120.01666666666667,4042.108,True,sl
2026-07-27_to_2026-08-02__M15,2026-07-27_to_2026-08-02,M15,2026-07-28 06:00:00,BUY,4045.402,4039.999,2026-07-28 08:10:11,4047.848,sl 4047.850,2.45,110.72,5.403000000000247,0.4534517860447692,130.18333333333334,4047.85,True,sl
2026-07-27_to_2026-08-02__M15,2026-07-27_to_2026-08-02,M15,2026-07-28 08:15:00,BUY,4044.47,4038.92,2026-07-28 08:39:41,4042.786,sl 4042.821,-1.68,109.04,5.549999999999727,-0.3027027027027176,24.683333333333334,4042.821,True,sl
2026-07-27_to_2026-08-02__M15,2026-07-27_to_2026-08-02,M15,2026-07-28 08:45:00,SELL,4043.252,4049.098,2026-07-28 10:53:33,4027.107,sl 4027.074,16.14,125.18,5.846000000000004,2.760862127950734,128.55,4027.074,True,sl
2026-07-27_to_2026-08-02__M15,2026-07-27_to_2026-08-02,M15,2026-07-28 11:00:00,SELL,4026.691,4034.122,2026-07-28 12:23:21,4034.023,sl 4034.001,-7.33,117.85,7.43100000000004,-0.9864082895976263,83.35,4034.001,True,sl
2026-07-27_to_2026-08-02__M15,2026-07-27_to_2026-08-02,M15,2026-07-28 12:30:00,SELL,4034.444,4041.923,2026-07-28 12:47:49,4036.865,sl 4036.837,-2.43,115.42,7.4789999999998145,-0.32490974729242683,17.816666666666666,4036.837,True,sl
2026-07-27_to_2026-08-02__M15,2026-07-27_to_2026-08-02,M15,2026-07-28 13:00:00,BUY,4029.694,4021.594,2026-07-28 13:37:06,4024.548,sl 4024.553,-5.14,110.28,8.099999999999909,-0.634567901234575,37.1,4024.553,True,sl
2026-07-27_to_2026-08-02__M15,2026-07-27_to_2026-08-02,M15,2026-07-28 13:45:00,BUY,4025.27,4017.602,2026-07-28 14:18:08,4022.177,sl 4022.242,-3.09,107.19,7.66800000000012,-0.40297339593113607,33.13333333333333,4022.242,True,sl
2026-07-27_to_2026-08-02__M15,2026-07-27_to_2026-08-02,M15,2026-07-28 14:30:00,BUY,4022.374,4013.809,2026-07-28 17:37:43,4032.144,sl 4032.260,9.77,116.96,8.5649999999996,1.1406888499708647,187.71666666666667,4032.26,True,sl
2026-07-27_to_2026-08-02__M15,2026-07-27_to_2026-08-02,M15,2026-07-28 17:45:00,BUY,4028.604,4020.813,2026-07-28 22:17:57,4023.364,sl 4023.657,-5.24,111.72,7.790999999999713,-0.6725709151585411,272.95,4023.657,True,sl
2026-07-27_to_2026-08-02__M15,2026-07-27_to_2026-08-02,M15,2026-07-28 22:30:00,SELL,4021.096,4025.268,2026-07-28 23:10:39,4020.462,sl 4020.439,0.64,112.36,4.1720000000000255,0.1534036433365283,40.65,4020.439,True,sl
2026-07-27_to_2026-08-02__M15,2026-07-27_to_2026-08-02,M15,2026-07-28 23:15:00,SELL,4022.072,4026.653,2026-07-28 23:44:21,4022.241,sl 4022.017,-0.17,112.19,4.580999999999676,-0.03710980135341891,29.35,4022.017,True,sl
2026-07-27_to_2026-08-02__M15,2026-07-27_to_2026-08-02,M15,2026-07-28 23:45:00,BUY,4023.063,4018.086,2026-07-29 00:00:52,4018.659,sl 4018.719,-4.4,107.26,4.9770000000003165,-0.8840667068514608,15.866666666666667,4018.719,True,sl
2026-07-27_to_2026-08-02__M15,2026-07-27_to_2026-08-02,M15,2026-07-29 00:15:00,BUY,4020.71,4015.182,2026-07-29 00:30:45,4021.711,sl 4021.761,1.0,108.26,5.528000000000247,0.18089725036178642,15.75,4021.761,True,sl
2026-07-27_to_2026-08-02__M15,2026-07-27_to_2026-08-02,M15,2026-07-29 00:45:00,SELL,4025.817,4032.02,2026-07-29 01:28:59,4019.788,sl 4019.736,6.03,114.29,6.2029999999999745,0.9721102692245728,43.983333333333334,4019.736,True,sl
2026-07-27_to_2026-08-02__M15,2026-07-27_to_2026-08-02,M15,2026-07-29 01:30:00,BUY,4018.359,4011.094,2026-07-29 03:25:13,4025.569,sl 4025.668,7.21,121.5,7.264999999999873,0.9924294562973333,115.21666666666667,4025.668,True,sl
2026-07-27_to_2026-08-02__M15,2026-07-27_to_2026-08-02,M15,2026-07-29 03:30:00,BUY,4027.178,4019.295,2026-07-29 05:56:35,4031.894,sl 4031.965,4.71,126.21,7.882999999999811,0.5974882658886355,146.58333333333334,4031.965,True,sl
2026-07-27_to_2026-08-02__M15,2026-07-27_to_2026-08-02,M15,2026-07-29 06:00:00,BUY,4033.161,4027.738,2026-07-29 08:12:09,4039.612,sl 4039.789,6.45,132.66,5.423000000000229,1.1893785727456625,132.15,4039.789,True,sl
2026-07-27_to_2026-08-02__M15,2026-07-27_to_2026-08-02,M15,2026-07-29 08:15:00,SELL,4039.269,4044.548,2026-07-29 11:18:25,4031.398,sl 4031.330,7.87,140.53,5.278999999999996,1.4908126539117268,183.41666666666666,4031.33,True,sl
2026-07-27_to_2026-08-02__M15,2026-07-27_to_2026-08-02,M15,2026-07-29 11:30:00,SELL,4032.716,4037.139,2026-07-29 12:34:15,4017.476,sl 4017.331,15.24,155.77,4.423000000000229,3.445625141306627,64.25,4017.331,True,sl
2026-07-27_to_2026-08-02__M15,2026-07-27_to_2026-08-02,M15,2026-07-29 12:45:00,SELL,4020.89,4026.988,2026-07-29 14:18:44,4008.373,sl 4008.314,12.52,168.29,6.097999999999956,2.053132174483452,93.73333333333333,4008.314,True,sl
2026-07-27_to_2026-08-02__M15,2026-07-27_to_2026-08-02,M15,2026-07-29 14:30:00,BUY,4005.476,3996.362,2026-07-29 17:35:53,4036.606,sl 4036.627,31.13,199.42,9.114000000000033,3.4156243142418132,185.88333333333333,4036.627,True,sl
2026-07-27_to_2026-08-02__M15,2026-07-27_to_2026-08-02,M15,2026-07-29 17:45:00,BUY,4045.773,4035.444,2026-07-29 18:00:20,4069.879,sl 4070.037,24.11,223.53,10.329000000000178,2.334204666472997,15.333333333333334,4070.037,True,sl
2026-07-27_to_2026-08-02__M15,2026-07-27_to_2026-08-02,M15,2026-07-29 18:15:00,SELL,4080.947,4093.273,2026-07-29 18:39:52,4072.046,sl 4072.033,8.9,232.43,12.326000000000022,0.7220509492130444,24.866666666666667,4072.033,True,sl
2026-07-27_to_2026-08-02__M15,2026-07-27_to_2026-08-02,M15,2026-07-29 18:45:00,SELL,4083.234,4098.48,2026-07-29 18:49:36,4098.482,sl 4098.480,-15.25,217.18,15.24599999999964,-1.0002623638987511,4.6,4098.48,False,sl
2026-07-27_to_2026-08-02__M15,2026-07-27_to_2026-08-02,M15,2026-07-29 19:00:00,SELL,4106.591,4123.309,2026-07-29 22:04:10,4075.055,sl 4075.041,31.53,248.71,16.717999999999847,1.8859911472664368,184.16666666666666,4075.041,True,sl
2026-07-27_to_2026-08-02__M15,2026-07-27_to_2026-08-02,M15,2026-07-29 22:15:00,BUY,4076.426,4055.167,2026-07-30 00:27:11,4073.313,sl 4073.327,-3.12,243.99,21.259000000000015,-0.14676137165435807,132.18333333333334,4073.327,True,sl
2026-07-27_to_2026-08-02__M15,2026-07-27_to_2026-08-02,M15,2026-07-30 00:30:00,SELL,4075.445,4085.185,2026-07-30 01:02:13,4079.458,sl 4079.440,-4.01,239.98,9.739999999999782,-0.4117043121149989,32.21666666666667,4079.44,True,sl
2026-07-27_to_2026-08-02__M15,2026-07-27_to_2026-08-02,M15,2026-07-30 01:15:00,BUY,4075.708,4065.957,2026-07-30 02:32:42,4076.183,sl 4076.320,0.47,240.45,9.751000000000204,0.04820018459645064,77.7,4076.32,True,sl
2026-07-27_to_2026-08-02__M15,2026-07-27_to_2026-08-02,M15,2026-07-30 02:45:00,SELL,4076.752,4086.041,2026-07-30 05:30:27,4049.356,sl 4049.251,27.39,267.84,9.289000000000215,2.9486489396059175,165.45,4049.251,True,sl
2026-07-27_to_2026-08-02__M15,2026-07-27_to_2026-08-02,M15,2026-07-30 05:45:00,BUY,4033.702,4024.784,2026-07-30 07:38:36,4037.919,sl 4037.927,4.22,272.06,8.91800000000012,0.47320026911863006,113.6,4037.927,True,sl
2026-07-27_to_2026-08-02__M15,2026-07-27_to_2026-08-02,M15,2026-07-30 07:45:00,BUY,4045.977,4036.794,2026-07-30 08:00:38,4036.768,sl 4036.794,-9.21,262.85,9.182999999999993,-1.0029402156158127,15.633333333333333,4036.794,False,sl
2026-07-27_to_2026-08-02__M15,2026-07-27_to_2026-08-02,M15,2026-07-30 08:15:00,SELL,4053.326,4063.721,2026-07-30 08:24:01,4063.721,sl 4063.721,-10.39,252.46,10.394999999999982,-0.9995189995190014,9.016666666666667,4063.721,False,sl
2026-07-27_to_2026-08-02__M15,2026-07-27_to_2026-08-02,M15,2026-07-30 08:30:00,BUY,4064.837,4053.83,2026-07-30 12:31:21,4075.037,sl 4075.222,10.2,262.66,11.007000000000062,0.9266830198964243,241.35,4075.222,True,sl
2026-07-27_to_2026-08-02__M15,2026-07-27_to_2026-08-02,M15,2026-07-30 12:45:00,SELL,4077.3,4085.528,2026-07-30 13:21:20,4078.026,sl 4077.963,-0.73,261.93,8.22799999999961,-0.08872143898882286,36.333333333333336,4077.963,True,sl
2026-07-27_to_2026-08-02__M15,2026-07-27_to_2026-08-02,M15,2026-07-30 13:30:00,BUY,4080.333,4071.495,2026-07-30 13:40:18,4085.506,sl 4085.523,5.18,267.11,8.838000000000193,0.5861054537225489,10.3,4085.523,True,sl
2026-07-27_to_2026-08-02__M15,2026-07-27_to_2026-08-02,M15,2026-07-30 13:45:00,SELL,4089.023,4098.721,2026-07-30 13:48:00,4098.736,sl 4098.721,-9.72,257.39,9.69799999999941,-1.0022685089709829,3.0,4098.721,False,sl
2026-07-27_to_2026-08-02__M15,2026-07-27_to_2026-08-02,M15,2026-07-30 14:00:00,SELL,4112.231,4123.115,2026-07-30 14:38:38,4105.81,sl 4105.704,6.42,263.81,10.884000000000015,0.5898566703417853,38.63333333333333,4105.704,True,sl
2026-07-27_to_2026-08-02__M15,2026-07-27_to_2026-08-02,M15,2026-07-30 14:45:00,SELL,4110.627,4124.26,2026-07-30 15:43:08,4104.99,sl 4104.862,5.64,269.45,13.63299999999981,0.41370204650481024,58.13333333333333,4104.862,True,sl
2026-07-27_to_2026-08-02__M15,2026-07-27_to_2026-08-02,M15,2026-07-30 15:45:00,SELL,4105.371,4121.826,2026-07-30 19:17:21,4110.125,sl 4109.881,-4.76,264.69,16.454999999999927,-0.28927377696748835,212.35,4109.881,True,sl
2026-07-27_to_2026-08-02__M15,2026-07-27_to_2026-08-02,M15,2026-07-30 19:30:00,SELL,4112.866,4120.01,2026-07-30 22:37:29,4109.552,sl 4109.522,3.32,268.01,7.144000000000233,0.4647256438969613,187.48333333333332,4109.522,True,sl
2026-07-27_to_2026-08-02__M15,2026-07-27_to_2026-08-02,M15,2026-07-30 22:45:00,BUY,4110.544,4104.718,2026-07-30 23:21:04,4104.693,sl 4104.718,-5.85,262.16,5.826000000000022,-1.0041194644696152,36.06666666666667,4104.718,False,sl
2026-07-27_to_2026-08-02__M15,2026-07-27_to_2026-08-02,M15,2026-07-30 23:30:00,BUY,4104.435,4099.061,2026-07-31 00:00:37,4102.114,sl 4102.264,-2.33,259.3,5.374000000000706,-0.43356903609968256,30.616666666666667,4102.264,True,sl
2026-07-27_to_2026-08-02__M15,2026-07-27_to_2026-08-02,M15,2026-07-31 00:15:00,BUY,4101.336,4096.42,2026-07-31 00:29:00,4096.396,sl 4096.420,-4.94,254.36,4.916000000000167,-1.004882017900698,14.0,4096.42,False,sl
2026-07-27_to_2026-08-02__M15,2026-07-27_to_2026-08-02,M15,2026-07-31 00:30:00,BUY,4096.608,4091.409,2026-07-31 00:40:52,4091.392,sl 4091.409,-5.22,249.14,5.199000000000069,-1.0040392383150472,10.866666666666667,4091.409,False,sl
2026-07-27_to_2026-08-02__M15,2026-07-27_to_2026-08-02,M15,2026-07-31 00:45:00,BUY,4093.031,4087.856,2026-07-31 01:11:11,4093.603,sl 4093.605,0.57,249.71,5.174999999999727,0.11014492753623768,26.183333333333334,4093.605,True,sl
2026-07-27_to_2026-08-02__M15,2026-07-27_to_2026-08-02,M15,2026-07-31 01:15:00,SELL,4089.1,4094.624,2026-07-31 01:20:00,4094.624,sl 4094.624,-5.52,244.19,5.523999999999887,-0.9992758870383983,5.0,4094.624,False,sl
2026-07-27_to_2026-08-02__M15,2026-07-27_to_2026-08-02,M15,2026-07-31 01:30:00,SELL,4092.134,4097.938,2026-07-31 05:06:18,4083.07,sl 4083.000,9.06,253.25,5.804000000000087,1.5609924190213411,216.3,4083.0,True,sl
2026-07-27_to_2026-08-02__M15,2026-07-27_to_2026-08-02,M15,2026-07-31 05:15:00,SELL,4080.058,4085.171,2026-07-31 06:05:33,4079.83,sl 4079.641,0.23,253.48,5.112999999999829,0.044983375708978625,50.55,4079.641,True,sl
2026-07-27_to_2026-08-02__M15,2026-07-27_to_2026-08-02,M15,2026-07-31 06:15:00,SELL,4082.442,4087.087,2026-07-31 06:17:13,4087.113,sl 4087.087,-4.67,248.81,4.644999999999982,-1.0053821313240083,2.216666666666667,4087.087,False,sl
2026-07-27_to_2026-08-02__M15,2026-07-27_to_2026-08-02,M15,2026-07-31 06:30:00,SELL,4084.811,4089.603,2026-07-31 08:57:34,4063.68,sl 4063.631,21.13,269.94,4.791999999999916,4.409432387312264,147.56666666666666,4063.631,True,sl
2026-07-27_to_2026-08-02__M15,2026-07-27_to_2026-08-02,M15,2026-07-31 09:00:00,BUY,4061.216,4054.499,2026-07-31 09:22:52,4054.491,sl 4054.499,-6.73,263.21,6.717000000000098,-1.0019353878219297,22.866666666666667,4054.499,False,sl
2026-07-27_to_2026-08-02__M15,2026-07-27_to_2026-08-02,M15,2026-07-31 09:30:00,BUY,4052.663,4045.537,2026-07-31 11:41:00,4051.897,sl 4051.962,-0.76,262.45,7.126000000000204,-0.10665169800729417,131.0,4051.962,True,sl
2026-07-27_to_2026-08-02__M15,2026-07-27_to_2026-08-02,M15,2026-07-31 11:45:00,SELL,4052.11,4058.357,2026-07-31 12:05:00,4058.415,sl 4058.357,-6.31,256.14,6.246999999999844,-1.0100848407235725,20.0,4058.357,False,sl
2026-07-27_to_2026-08-02__M15,2026-07-27_to_2026-08-02,M15,2026-07-31 12:15:00,BUY,4059.116,4053.24,2026-07-31 12:21:53,4053.206,sl 4053.240,-5.91,250.23,5.876000000000204,-1.0057862491490461,6.883333333333334,4053.24,False,sl
2026-07-27_to_2026-08-02__M15,2026-07-27_to_2026-08-02,M15,2026-07-31 12:30:00,SELL,4047.533,4053.801,2026-07-31 13:22:17,4044.21,sl 4044.166,3.32,253.55,6.268000000000029,0.5296745373324799,52.28333333333333,4044.166,True,sl
2026-07-27_to_2026-08-02__M15,2026-07-27_to_2026-08-02,M15,2026-07-31 13:30:00,BUY,4042.61,4035.59,2026-07-31 13:34:49,4035.548,sl 4035.590,-7.06,246.49,7.019999999999982,-1.0056980056980083,4.816666666666666,4035.59,False,sl
2026-07-27_to_2026-08-02__M15,2026-07-27_to_2026-08-02,M15,2026-07-31 13:45:00,SELL,4025.253,4033.446,2026-07-31 14:16:58,4033.544,sl 4033.446,-8.29,238.2,8.192999999999756,-1.0118393750763146,31.966666666666665,4033.446,False,sl
2026-07-27_to_2026-08-02__M15,2026-07-27_to_2026-08-02,M15,2026-07-31 14:30:00,BUY,4038.906,4029.239,2026-07-31 15:33:28,4038.107,sl 4038.126,-0.8,237.4,9.666999999999916,-0.0827557670425165,63.46666666666667,4038.126,True,sl
2026-07-27_to_2026-08-02__M15,2026-07-27_to_2026-08-02,M15,2026-07-31 15:45:00,BUY,4042.441,4032.089,2026-07-31 20:05:25,4047.428,sl 4047.487,4.99,242.39,10.351999999999862,0.4820324574961425,260.4166666666667,4047.487,True,sl
2026-07-27_to_2026-08-02__M15,2026-07-27_to_2026-08-02,M15,2026-07-31 20:15:00,BUY,4048.169,4042.844,2026-07-31 20:54:15,4044.997,sl 4045.104,-3.17,239.22,5.324999999999818,-0.5953051643192692,39.25,4045.104,True,sl
2026-07-27_to_2026-08-02__M15,2026-07-27_to_2026-08-02,M15,2026-08-02 22:01:30,SELL,4073.04,4078.416,2026-08-02 22:02:38,4076.8,sl 4076.530,-3.76,235.46,5.376000000000204,-0.6994047619047353,1.1333333333333333,4076.53,True,sl
2026-07-27_to_2026-08-02__M15,2026-07-27_to_2026-08-02,M15,2026-08-02 22:15:00,BUY,4076.534,4069.01,2026-08-02 22:18:47,4068.925,sl 4069.010,-7.6,227.86,7.523999999999887,-1.0101010101010253,3.783333333333333,4069.01,False,sl
2026-07-27_to_2026-08-02__M15,2026-07-27_to_2026-08-02,M15,2026-08-02 22:30:00,SELL,4065.866,4074.006,2026-08-02 23:50:42,4074.056,sl 4074.006,-8.19,219.67,8.139999999999873,-1.0061425061425218,80.7,4074.006,False,sl
2026-08-17_to_2026-08-23__M15,2026-08-17_to_2026-08-23,M15,2026-08-17 00:00:00,SELL,4370.434,4375.78,2026-08-17 00:04:42,4375.937,sl 4375.780,-5.51,94.49,5.345999999999549,-1.0306771417883398,4.7,4375.78,False,sl
2026-08-17_to_2026-08-23__M15,2026-08-17_to_2026-08-23,M15,2026-08-17 00:15:00,SELL,4378.865,4384.838,2026-08-17 00:17:28,4384.928,sl 4384.838,-6.06,88.43,5.972999999999956,-1.0145655449522926,2.466666666666667,4384.838,False,sl
2026-08-17_to_2026-08-23__M15,2026-08-17_to_2026-08-23,M15,2026-08-17 00:30:00,SELL,4389.832,4396.253,2026-08-17 00:44:27,4396.357,sl 4396.253,-6.53,81.9,6.420999999999367,-1.0169755489800099,14.45,4396.253,False,sl
2026-08-17_to_2026-08-23__M15,2026-08-17_to_2026-08-23,M15,2026-08-17 00:45:00,SELL,4395.935,4402.759,2026-08-17 01:00:11,4403.034,sl 4402.759,-7.09,74.81,6.823999999999614,-1.0389800703400351,15.183333333333334,4402.759,False,sl
2026-08-17_to_2026-08-23__M15,2026-08-17_to_2026-08-23,M15,2026-08-17 01:15:00,SELL,4409.23,4417.113,2026-08-17 05:28:39,4397.604,sl 4397.510,11.63,86.44,7.88300000000072,1.4753266522896027,253.65,4397.51,True,sl
2026-08-17_to_2026-08-23__M15,2026-08-17_to_2026-08-23,M15,2026-08-17 05:30:00,BUY,4399.591,4392.568,2026-08-17 05:36:03,4392.532,sl 4392.568,-7.06,79.38,7.023000000000138,-1.0052684038160131,6.05,4392.568,False,sl
2026-08-17_to_2026-08-23__M15,2026-08-17_to_2026-08-23,M15,2026-08-17 05:45:00,BUY,4395.849,4388.583,2026-08-17 08:04:01,4400.076,sl 4400.104,4.23,83.61,7.266000000000531,0.5821635012386033,139.01666666666668,4400.104,True,sl
2026-08-17_to_2026-08-23__M15,2026-08-17_to_2026-08-23,M15,2026-08-17 08:15:00,SELL,4402.764,4410.383,2026-08-17 10:29:36,4401.218,sl 4401.048,1.54,85.15,7.618999999999687,0.20212626328915387,134.6,4401.048,True,sl
2026-08-17_to_2026-08-23__M15,2026-08-17_to_2026-08-23,M15,2026-08-17 10:30:00,BUY,4405.151,4398.781,2026-08-17 10:31:08,4398.697,sl 4398.781,-6.45,78.7,6.369999999999891,-1.0125588697017442,1.1333333333333333,4398.781,False,sl
2026-08-17_to_2026-08-23__M15,2026-08-17_to_2026-08-23,M15,2026-08-17 10:45:00,BUY,4398.302,4391.733,2026-08-17 11:52:07,4395.448,sl 4395.719,-2.85,75.85,6.568999999999505,-0.4338559902573017,67.11666666666666,4395.719,True,sl
2026-08-17_to_2026-08-23__M15,2026-08-17_to_2026-08-23,M15,2026-08-17 12:00:00,BUY,4396.967,4390.76,2026-08-17 12:26:27,4390.671,sl 4390.760,-6.3,69.55,6.206999999999425,-1.014983083615367,26.45,4390.76,False,sl
2026-08-17_to_2026-08-23__M15,2026-08-17_to_2026-08-23,M15,2026-08-17 12:30:00,BUY,4386.074,4379.012,2026-08-17 12:42:13,4379.722,sl 4379.727,-6.35,63.2,7.061999999999898,-0.8991787029170336,12.216666666666667,4379.727,True,sl
2026-08-17_to_2026-08-23__M15,2026-08-17_to_2026-08-23,M15,2026-08-17 12:45:00,SELL,4378.212,4385.618,2026-08-17 12:56:04,4385.789,sl 4385.618,-7.58,55.62,7.405999999999949,-1.0234944639481571,11.066666666666666,4385.618,False,sl
2026-08-17_to_2026-08-23__M15,2026-08-17_to_2026-08-23,M15,2026-08-17 13:00:00,SELL,4384.855,4392.601,2026-08-17 13:48:47,4392.685,sl 4392.601,-7.83,47.79,7.746000000000095,-1.0108443067389496,48.78333333333333,4392.601,False,sl
2026-06-22_to_2026-06-28__M30,2026-06-22_to_2026-06-28,M30,2026-06-22 00:00:00,SELL,4140.145,4153.121,2026-06-22 00:11:53,4153.147,sl 4153.121,-13.0,87.0,12.975999999999658,-1.0018495684340585,11.883333333333333,4153.121,False,sl
2026-06-22_to_2026-06-28__M30,2026-06-22_to_2026-06-28,M30,2026-06-22 00:30:00,SELL,4167.019,4181.516,2026-06-22 00:49:51,4181.626,sl 4181.516,-14.61,72.39,14.496999999999389,-1.007794716148211,19.85,4181.516,False,sl
2026-06-22_to_2026-06-28__M30,2026-06-22_to_2026-06-28,M30,2026-06-22 01:00:00,SELL,4200.966,4215.65,2026-06-22 01:00:08,4215.665,sl 4215.650,-14.7,57.69,14.683999999999287,-1.0010896213566272,0.13333333333333333,4215.65,False,sl
2026-06-22_to_2026-06-28__M30,2026-06-22_to_2026-06-28,M30,2026-06-22 01:30:00,BUY,4207.649,4193.02,2026-06-22 01:53:00,4192.967,sl 4193.020,-14.68,43.01,14.628999999999905,-1.0034862259894795,23.0,4193.02,False,sl
2026-06-29_to_2026-07-05__M30,2026-06-29_to_2026-07-05,M30,2026-06-29 00:00:00,SELL,4062.887,4075.713,2026-06-29 00:43:04,4067.74,sl 4067.734,-4.85,95.15,12.826000000000022,-0.37813815686885943,43.06666666666667,4067.734,True,sl
2026-06-29_to_2026-07-05__M30,2026-06-29_to_2026-07-05,M30,2026-06-29 01:00:00,SELL,4069.71,4084.022,2026-06-29 03:22:23,4075.427,sl 4075.402,-5.72,89.43,14.311999999999898,-0.3996646171045305,142.38333333333333,4075.402,True,sl
2026-06-29_to_2026-07-05__M30,2026-06-29_to_2026-07-05,M30,2026-06-29 03:30:00,SELL,4072.284,4088.681,2026-06-29 06:03:50,4060.44,sl 4060.372,11.84,101.27,16.396999999999935,0.7220833079221838,153.83333333333334,4060.372,True,sl
2026-06-29_to_2026-07-05__M30,2026-06-29_to_2026-07-05,M30,2026-06-29 06:30:00,SELL,4060.874,4074.768,2026-06-29 11:56:38,4041.916,sl 4041.882,18.95,120.22,13.894000000000233,1.3638980855045115,326.6333333333333,4041.882,True,sl
2026-06-29_to_2026-07-05__M30,2026-06-29_to_2026-07-05,M30,2026-06-29 12:00:00,SELL,4039.406,4051.915,2026-06-29 12:11:33,4051.994,sl 4051.915,-12.58,107.64,12.509000000000015,-1.0056759133423923,11.55,4051.915,False,sl
2026-06-29_to_2026-07-05__M30,2026-06-29_to_2026-07-05,M30,2026-06-29 12:30:00,BUY,4038.699,4025.881,2026-06-29 13:48:55,4033.34,sl 4033.376,-5.36,102.28,12.818000000000211,-0.418161959744103,78.91666666666667,4033.376,True,sl
2026-06-29_to_2026-07-05__M30,2026-06-29_to_2026-07-05,M30,2026-06-29 14:00:00,SELL,4032.457,4045.44,2026-06-29 14:21:05,4019.905,sl 4019.882,12.55,114.83,12.983000000000175,0.9666486944465711,21.083333333333332,4019.882,True,sl
2026-06-29_to_2026-07-05__M30,2026-06-29_to_2026-07-05,M30,2026-06-29 14:30:00,BUY,4024.898,4010.121,2026-06-29 18:56:40,4012.143,sl 4012.166,-12.76,102.07,14.777000000000044,-0.863504094200444,266.6666666666667,4012.166,True,sl
2026-06-29_to_2026-07-05__M30,2026-06-29_to_2026-07-05,M30,2026-06-29 19:00:00,BUY,4013.644,4001.286,2026-06-30 00:02:39,4010.261,sl 4010.423,-3.38,98.16,12.35799999999972,-0.273507039974112,302.65,4010.423,True,sl
2026-06-29_to_2026-07-05__M30,2026-06-29_to_2026-07-05,M30,2026-06-30 00:30:00,SELL,4006.427,4014.356,2026-06-30 01:08:30,3956.423,sl 3956.164,50.01,148.17,7.929000000000087,6.307226636397963,38.5,3956.164,True,sl
2026-06-29_to_2026-07-05__M30,2026-06-29_to_2026-07-05,M30,2026-06-30 01:30:00,BUY,3979.103,3967.375,2026-06-30 01:40:26,3967.21,sl 3967.375,-11.89,136.28,11.728000000000065,-1.0138130968622046,10.433333333333334,3967.375,False,sl
2026-06-29_to_2026-07-05__M30,2026-06-29_to_2026-07-05,M30,2026-06-30 02:00:00,BUY,3969.461,3956.827,2026-06-30 02:11:04,3956.638,sl 3956.827,-12.82,123.46,12.63399999999956,-1.0147221782492042,11.066666666666666,3956.827,False,sl
2026-06-29_to_2026-07-05__M30,2026-06-29_to_2026-07-05,M30,2026-06-30 02:30:00,SELL,3961.947,3975.741,2026-06-30 04:01:34,3975.097,sl 3975.073,-13.15,110.31,13.793999999999869,-0.9533130346527566,91.56666666666666,3975.073,True,sl
2026-06-29_to_2026-07-05__M30,2026-06-29_to_2026-07-05,M30,2026-06-30 04:30:00,SELL,3982.444,3997.467,2026-06-30 04:35:03,3997.484,sl 3997.467,-15.04,95.27,15.023000000000138,-1.0011315982160593,5.05,3997.467,False,sl
2026-06-29_to_2026-07-05__M30,2026-06-29_to_2026-07-05,M30,2026-06-30 05:00:00,SELL,3985.665,4001.578,2026-06-30 06:24:03,3999.715,sl 3999.659,-14.05,81.22,15.913000000000011,-0.8829259096336323,84.05,3999.659,True,sl
2026-06-29_to_2026-07-05__M30,2026-06-29_to_2026-07-05,M30,2026-06-30 06:30:00,BUY,4012.102,3993.795,2026-06-30 12:25:33,4016.954,sl 4017.113,4.85,86.07,18.30699999999979,0.2649259845960592,355.55,4017.113,True,sl
2026-06-29_to_2026-07-05__M30,2026-06-29_to_2026-07-05,M30,2026-06-30 12:30:00,BUY,4016.895,4003.356,2026-06-30 14:48:49,4044.243,sl 4044.259,27.34,113.41,13.53899999999976,2.0193515030652547,138.81666666666666,4044.259,True,sl
2026-06-29_to_2026-07-05__M30,2026-06-29_to_2026-07-05,M30,2026-06-30 15:00:00,SELL,4037.514,4053.153,2026-07-01 01:30:34,3987.951,sl 3987.878,49.56,162.97,15.638999999999669,3.169000575484433,630.5666666666667,3987.878,True,sl
2026-06-29_to_2026-07-05__M30,2026-06-29_to_2026-07-05,M30,2026-07-01 02:00:00,BUY,3978.091,3968.345,2026-07-01 05:11:09,3971.181,sl 3971.181,-6.91,156.06,9.746000000000095,-0.7090088241329707,191.15,3971.181,True,sl
2026-06-29_to_2026-07-05__M30,2026-06-29_to_2026-07-05,M30,2026-07-01 05:30:00,SELL,3972.955,3983.267,2026-07-01 07:57:04,3976.644,sl 3976.614,-3.68,152.38,10.311999999999898,-0.35686578743212144,147.06666666666666,3976.614,True,sl
2026-06-29_to_2026-07-05__M30,2026-06-29_to_2026-07-05,M30,2026-07-01 08:00:00,BUY,3976.338,3964.679,2026-07-01 13:06:17,4016.898,sl 4016.930,40.56,192.94,11.659000000000106,3.4788575349515085,306.28333333333336,4016.93,True,sl
2026-06-29_to_2026-07-05__M30,2026-06-29_to_2026-07-05,M30,2026-07-01 13:30:00,SELL,4046.742,4061.412,2026-07-01 13:38:57,4061.453,sl 4061.412,-14.71,178.23,14.669999999999618,-1.0027266530334276,8.95,4061.412,False,sl
2026-06-29_to_2026-07-05__M30,2026-06-29_to_2026-07-05,M30,2026-07-01 14:00:00,BUY,4089.749,4071.08,2026-07-01 14:52:14,4086.547,sl 4086.596,-3.2,175.03,18.66899999999987,-0.17140714553538072,52.233333333333334,4086.596,True,sl
2026-06-29_to_2026-07-05__M30,2026-06-29_to_2026-07-05,M30,2026-07-01 15:00:00,BUY,4093.533,4073.305,2026-07-01 16:43:57,4073.267,sl 4073.305,-20.26,154.77,20.228000000000065,-1.001581965592245,103.95,4073.305,False,sl
2026-06-29_to_2026-07-05__M30,2026-06-29_to_2026-07-05,M30,2026-07-01 17:00:00,SELL,4071.274,4092.177,2026-07-02 00:24:44,4046.457,sl 4046.456,24.81,179.58,20.903000000000247,1.1869109697172513,444.73333333333335,4046.456,True,sl
2026-06-29_to_2026-07-05__M30,2026-06-29_to_2026-07-05,M30,2026-07-02 00:30:00,BUY,4046.574,4035.527,2026-07-02 01:27:30,4051.505,sl 4051.611,4.94,184.52,11.047000000000025,0.44718022992667594,57.5,4051.611,True,sl
2026-06-29_to_2026-07-05__M30,2026-06-29_to_2026-07-05,M30,2026-07-02 01:30:00,SELL,4053.356,4065.406,2026-07-02 02:57:49,4060.385,sl 4060.084,-7.03,177.49,12.049999999999727,-0.5834024896265693,87.81666666666666,4060.084,True,sl
2026-06-29_to_2026-07-05__M30,2026-06-29_to_2026-07-05,M30,2026-07-02 03:00:00,SELL,4057.262,4070.345,2026-07-02 03:52:25,4070.641,sl 4070.345,-13.38,164.11,13.082999999999629,-1.0227012153176167,52.416666666666664,4070.345,False,sl
2026-06-29_to_2026-07-05__M30,2026-06-29_to_2026-07-05,M30,2026-07-02 04:00:00,SELL,4070.138,4082.262,2026-07-02 06:00:37,4070.896,sl 4070.793,-0.76,163.35,12.124000000000251,-0.06268558231606601,120.61666666666666,4070.793,True,sl
2026-06-29_to_2026-07-05__M30,2026-06-29_to_2026-07-05,M30,2026-07-02 06:30:00,SELL,4074.405,4086.671,2026-07-02 08:48:11,4079.378,sl 4079.378,-4.97,158.38,12.265999999999622,-0.4051850644056867,138.18333333333334,4079.378,True,sl
2026-06-29_to_2026-07-05__M30,2026-06-29_to_2026-07-05,M30,2026-07-02 09:00:00,BUY,4076.33,4064.452,2026-07-02 09:31:10,4064.414,sl 4064.452,-11.92,146.46,11.877999999999702,-1.0035359488129567,31.166666666666668,4064.452,False,sl
2026-06-29_to_2026-07-05__M30,2026-06-29_to_2026-07-05,M30,2026-07-02 10:00:00,SELL,4065.459,4076.782,2026-07-02 12:06:43,4073.381,sl 4073.345,-7.92,138.54,11.32300000000032,-0.6994612735140666,126.71666666666667,4073.345,True,sl
2026-06-29_to_2026-07-05__M30,2026-06-29_to_2026-07-05,M30,2026-07-02 12:30:00,BUY,4065.427,4054.229,2026-07-02 12:30:16,4092.183,sl 4093.726,26.75,165.29,11.19800000000032,2.388819432041368,0.26666666666666666,4093.726,True,sl
2026-06-29_to_2026-07-05__M30,2026-06-29_to_2026-07-05,M30,2026-07-02 13:00:00,SELL,4117.683,4133.24,2026-07-02 13:35:29,4132.816,sl 4132.777,-15.14,150.15,15.556999999999789,-0.9731953461464425,35.483333333333334,4132.777,True,sl
2026-06-29_to_2026-07-05__M30,2026-06-29_to_2026-07-05,M30,2026-07-02 14:00:00,SELL,4136.93,4154.645,2026-07-02 23:25:51,4128.818,sl 4128.752,8.11,158.26,17.715000000000146,0.4578041208015768,565.85,4128.752,True,sl
2026-06-29_to_2026-07-05__M30,2026-06-29_to_2026-07-05,M30,2026-07-02 23:30:00,BUY,4129.848,4119.317,2026-07-03 01:45:07,4178.063,sl 4178.123,48.21,205.94,10.530999999999949,4.57791282879121,135.11666666666667,4178.123,True,sl
2026-06-29_to_2026-07-05__M30,2026-06-29_to_2026-07-05,M30,2026-07-03 02:00:00,BUY,4182.632,4168.063,2026-07-03 06:02:27,4168.016,sl 4168.063,-14.61,191.33,14.568999999999505,-1.0028141945226505,242.45,4168.063,False,sl
2026-06-29_to_2026-07-05__M30,2026-06-29_to_2026-07-05,M30,2026-07-03 06:30:00,BUY,4165.164,4151.213,2026-07-03 09:27:00,4171.898,sl 4171.964,6.74,198.07,13.951000000000022,0.4831194896423188,177.0,4171.964,True,sl
2026-06-29_to_2026-07-05__M30,2026-06-29_to_2026-07-05,M30,2026-07-03 09:30:00,BUY,4171.951,4162.765,2026-07-03 12:27:24,4172.345,sl 4172.463,0.4,198.47,9.185999999999694,0.043544524276073734,177.4,4172.463,True,sl
2026-06-29_to_2026-07-05__M30,2026-06-29_to_2026-07-05,M30,2026-07-03 12:30:00,SELL,4174.833,4184.482,2026-07-03 14:57:40,4169.326,sl 4169.316,5.5,203.97,9.649000000000342,0.5700072546377661,147.66666666666666,4169.316,True,sl
2026-06-29_to_2026-07-05__M30,2026-06-29_to_2026-07-05,M30,2026-07-03 15:00:00,SELL,4169.643,4178.878,2026-07-03 16:56:02,4176.139,sl 4176.084,-6.5,197.47,9.234999999999673,-0.7038440714672691,116.03333333333333,4176.084,True,sl
2026-06-29_to_2026-07-05__M30,2026-06-29_to_2026-07-05,M30,2026-07-05 22:01:31,SELL,4177.917,4186.519,2026-07-05 22:31:55,4186.507,sl 4186.353,-8.59,188.88,8.601999999999862,-0.9986049755870888,30.4,4186.353,True,sl
2026-06-29_to_2026-07-05__M30,2026-06-29_to_2026-07-05,M30,2026-07-05 23:00:00,BUY,4188.541,4179.493,2026-07-05 23:46:53,4188.664,sl 4188.701,0.12,189.0,9.047999999999774,0.013262599469496351,46.88333333333333,4188.701,True,sl
2026-07-13_to_2026-07-19__M30,2026-07-13_to_2026-07-19,M30,2026-07-13 00:00:00,SELL,4084.359,4095.193,2026-07-13 01:07:51,4078.574,sl 4078.520,5.79,105.79,10.834000000000287,0.5344286505445677,67.85,4078.52,True,sl
2026-07-13_to_2026-07-19__M30,2026-07-13_to_2026-07-19,M30,2026-07-13 01:30:00,BUY,4079.843,4067.087,2026-07-13 01:55:35,4070.652,sl 4070.673,-9.19,96.6,12.755999999999858,-0.7204452806522501,25.583333333333332,4070.673,True,sl
2026-07-13_to_2026-07-19__M30,2026-07-13_to_2026-07-19,M30,2026-07-13 02:00:00,SELL,4072.323,4086.221,2026-07-13 05:11:06,4073.323,sl 4073.255,-1.0,95.6,13.898000000000138,-0.07195279896387898,191.1,4073.255,True,sl
2026-07-13_to_2026-07-19__M30,2026-07-13_to_2026-07-19,M30,2026-07-13 05:30:00,SELL,4058.238,4071.861,2026-07-13 07:58:42,4064.217,sl 4064.027,-5.98,89.62,13.623000000000047,-0.4389635175805608,148.7,4064.027,True,sl
2026-07-13_to_2026-07-19__M30,2026-07-13_to_2026-07-19,M30,2026-07-13 08:00:00,SELL,4064.687,4077.801,2026-07-13 08:15:21,4077.861,sl 4077.801,-13.17,76.45,13.114000000000033,-1.004270245539116,15.35,4077.801,False,sl
2026-07-13_to_2026-07-19__M30,2026-07-13_to_2026-07-19,M30,2026-07-13 08:30:00,SELL,4074.276,4087.447,2026-07-13 11:00:08,4062.548,sl 4062.535,11.73,88.18,13.171000000000276,0.8905929694024565,150.13333333333333,4062.535,True,sl
2026-07-13_to_2026-07-19__M30,2026-07-13_to_2026-07-19,M30,2026-07-13 11:30:00,BUY,4062.85,4051.16,2026-07-13 13:49:35,4051.01,sl 4051.160,-11.84,76.34,11.690000000000055,-1.0128314798973435,139.58333333333334,4051.16,False,sl
2026-07-13_to_2026-07-19__M30,2026-07-13_to_2026-07-19,M30,2026-07-13 14:00:00,BUY,4043.528,4032.147,2026-07-13 14:07:15,4032.12,sl 4032.147,-11.41,64.93,11.380999999999858,-1.0025481064932908,7.25,4032.147,False,sl
2026-07-13_to_2026-07-19__M30,2026-07-13_to_2026-07-19,M30,2026-07-13 14:30:00,SELL,4017.0,4030.673,2026-07-14 00:10:34,3997.933,sl 3997.926,19.07,84.0,13.672999999999774,1.394719520222359,580.5666666666667,3997.926,True,sl
2026-07-13_to_2026-07-19__M30,2026-07-13_to_2026-07-19,M30,2026-07-14 00:30:00,SELL,3995.313,4005.175,2026-07-14 00:34:25,4005.335,sl 4005.175,-10.03,73.97,9.86200000000008,-1.0170350841614193,4.416666666666667,4005.175,False,sl
2026-07-13_to_2026-07-19__M30,2026-07-13_to_2026-07-19,M30,2026-07-14 01:00:00,SELL,4004.115,4013.583,2026-07-14 01:57:47,4006.699,sl 4006.693,-2.58,71.39,9.468000000000302,-0.27249683143218395,57.78333333333333,4006.693,True,sl
2026-07-13_to_2026-07-19__M30,2026-07-13_to_2026-07-19,M30,2026-07-14 02:00:00,SELL,4010.764,4021.153,2026-07-14 04:32:28,4021.195,sl 4021.153,-10.44,60.95,10.388999999999669,-1.0049090384060384,152.46666666666667,4021.153,False,sl
2026-07-13_to_2026-07-19__M30,2026-07-13_to_2026-07-19,M30,2026-07-14 05:00:00,BUY,4020.477,4010.357,2026-07-14 08:03:20,4019.045,sl 4019.047,-1.43,59.52,10.11999999999989,-0.14130434782608847,183.33333333333334,4019.047,True,sl
2026-07-13_to_2026-07-19__M30,2026-07-13_to_2026-07-19,M30,2026-07-14 08:30:00,BUY,4021.813,4012.649,2026-07-14 12:30:24,4075.783,sl 4075.808,53.97,113.49,9.164000000000215,5.889349628982838,240.4,4075.808,True,sl
2026-07-13_to_2026-07-19__M30,2026-07-13_to_2026-07-19,M30,2026-07-14 13:00:00,BUY,4076.558,4062.737,2026-07-14 15:36:58,4076.728,sl 4076.802,0.17,113.66,13.820999999999913,0.01230012300123009,156.96666666666667,4076.802,True,sl
2026-07-13_to_2026-07-19__M30,2026-07-13_to_2026-07-19,M30,2026-07-14 16:00:00,SELL,4066.449,4084.22,2026-07-15 01:00:01,4061.41,sl 4061.200,5.04,118.7,17.77099999999973,0.2836081255978885,540.0166666666667,4061.2,True,sl
2026-07-13_to_2026-07-19__M30,2026-07-13_to_2026-07-19,M30,2026-07-15 01:30:00,SELL,4054.633,4061.925,2026-07-15 02:44:35,4041.775,sl 4041.656,12.85,131.55,7.292000000000371,1.7622051563356207,74.58333333333333,4041.656,True,sl
2026-07-13_to_2026-07-19__M30,2026-07-13_to_2026-07-19,M30,2026-07-15 03:00:00,BUY,4035.505,4027.399,2026-07-15 03:30:57,4028.236,sl 4028.255,-7.27,124.28,8.106000000000222,-0.896866518628152,30.95,4028.255,True,sl
2026-07-13_to_2026-07-19__M30,2026-07-13_to_2026-07-19,M30,2026-07-15 04:00:00,SELL,4031.32,4039.613,2026-07-15 05:42:14,4035.94,sl 4035.795,-4.62,119.66,8.292999999999665,-0.5570963463161928,102.23333333333333,4035.795,True,sl
2026-07-13_to_2026-07-19__M30,2026-07-13_to_2026-07-19,M30,2026-07-15 06:00:00,BUY,4034.947,4025.222,2026-07-15 06:18:29,4025.191,sl 4025.222,-9.76,109.9,9.724999999999909,-1.0035989717223743,18.483333333333334,4025.222,False,sl
2026-07-13_to_2026-07-19__M30,2026-07-13_to_2026-07-19,M30,2026-07-15 06:30:00,SELL,4026.351,4036.585,2026-07-15 09:01:56,4034.297,sl 4034.203,-7.95,101.95,10.233999999999924,-0.7768223568497225,151.93333333333334,4034.203,True,sl
2026-07-13_to_2026-07-19__M30,2026-07-13_to_2026-07-19,M30,2026-07-15 09:30:00,BUY,4027.731,4017.794,2026-07-15 13:25:40,4057.952,sl 4058.148,30.22,132.17,9.937000000000353,3.0411593036126523,235.66666666666666,4058.148,True,sl
2026-07-13_to_2026-07-19__M30,2026-07-13_to_2026-07-19,M30,2026-07-15 13:30:00,BUY,4055.996,4044.857,2026-07-15 15:13:01,4049.739,sl 4049.756,-6.26,125.91,11.139000000000124,-0.5619894065894542,103.01666666666667,4049.756,True,sl
2026-07-13_to_2026-07-19__M30,2026-07-13_to_2026-07-19,M30,2026-07-15 15:30:00,SELL,4048.906,4061.051,2026-07-15 17:29:24,4045.854,sl 4045.695,3.06,128.97,12.144999999999982,0.2519555372581313,119.4,4045.695,True,sl
2026-07-13_to_2026-07-19__M30,2026-07-13_to_2026-07-19,M30,2026-07-15 17:30:00,BUY,4047.507,4034.095,2026-07-15 18:58:22,4059.149,sl 4059.179,11.64,140.61,13.412000000000262,0.867879510885757,88.36666666666666,4059.179,True,sl
2026-07-13_to_2026-07-19__M30,2026-07-13_to_2026-07-19,M30,2026-07-15 19:00:00,BUY,4059.475,4043.697,2026-07-16 00:59:28,4046.441,sl 4046.576,-13.04,125.97,15.777999999999793,-0.8264672328558861,359.46666666666664,4046.576,True,sl
2026-07-13_to_2026-07-19__M30,2026-07-13_to_2026-07-19,M30,2026-07-16 01:00:00,SELL,4044.711,4055.19,2026-07-16 08:47:30,4036.504,sl 4036.295,8.21,134.18,10.47900000000027,0.7834717053153727,467.5,4036.295,True,sl
2026-07-13_to_2026-07-19__M30,2026-07-13_to_2026-07-19,M30,2026-07-16 09:00:00,BUY,4035.481,4027.814,2026-07-16 11:00:41,4027.779,sl 4027.814,-7.7,126.48,7.667000000000371,-1.0043041606886172,120.68333333333334,4027.814,False,sl
2026-07-13_to_2026-07-19__M30,2026-07-13_to_2026-07-19,M30,2026-07-16 11:30:00,SELL,4024.564,4031.742,2026-07-16 11:36:14,4031.9,sl 4031.742,-7.34,119.14,7.178000000000338,-1.0225689607132424,6.233333333333333,4031.742,False,sl
2026-07-13_to_2026-07-19__M30,2026-07-13_to_2026-07-19,M30,2026-07-16 12:00:00,SELL,4038.559,4046.834,2026-07-16 12:18:32,4025.384,sl 4025.298,13.18,132.32,8.274999999999636,1.592749244713061,18.533333333333335,4025.298,True,sl
2026-07-13_to_2026-07-19__M30,2026-07-13_to_2026-07-19,M30,2026-07-16 12:30:00,SELL,4025.501,4035.448,2026-07-16 13:13:24,3992.259,sl 3992.023,33.24,165.56,9.946999999999662,3.341711068664033,43.4,3992.023,True,sl
2026-07-13_to_2026-07-19__M30,2026-07-13_to_2026-07-19,M30,2026-07-16 13:30:00,SELL,4005.418,4019.263,2026-07-16 14:33:57,4002.77,sl 4002.672,2.65,168.21,13.8449999999998,0.191404839292166,63.95,4002.672,True,sl
2026-07-13_to_2026-07-19__M30,2026-07-13_to_2026-07-19,M30,2026-07-16 15:00:00,SELL,3997.844,4013.853,2026-07-16 15:25:28,4013.482,sl 4013.451,-15.64,152.57,16.009000000000015,-0.9769504653632324,25.466666666666665,4013.451,True,sl
2026-07-13_to_2026-07-19__M30,2026-07-13_to_2026-07-19,M30,2026-07-16 15:30:00,BUY,4011.501,3994.147,2026-07-16 16:12:24,3994.131,sl 3994.147,-17.37,135.2,17.35400000000027,-1.0009219776420266,42.4,3994.147,False,sl
2026-07-13_to_2026-07-19__M30,2026-07-13_to_2026-07-19,M30,2026-07-16 16:30:00,SELL,3987.591,4006.696,2026-07-17 00:17:59,3989.995,sl 3989.967,-2.41,132.79,19.105000000000018,-0.12614498822297818,467.98333333333335,3989.967,True,sl
2026-07-13_to_2026-07-19__M30,2026-07-13_to_2026-07-19,M30,2026-07-17 00:30:00,SELL,3984.832,3993.047,2026-07-17 01:06:16,3993.082,sl 3993.047,-8.25,124.54,8.215000000000146,-1.004260499087018,36.266666666666666,3993.047,False,sl
2026-07-13_to_2026-07-19__M30,2026-07-13_to_2026-07-19,M30,2026-07-17 01:30:00,BUY,3991.209,3982.991,2026-07-17 01:51:08,3982.849,sl 3982.991,-8.36,116.18,8.217999999999847,-1.0172791433438981,21.133333333333333,3982.991,False,sl
2026-07-13_to_2026-07-19__M30,2026-07-13_to_2026-07-19,M30,2026-07-17 02:00:00,SELL,3983.224,3991.963,2026-07-17 03:02:14,3983.864,sl 3983.816,-0.64,115.54,8.739000000000033,-0.07323492390433661,62.233333333333334,3983.816,True,sl
2026-07-13_to_2026-07-19__M30,2026-07-13_to_2026-07-19,M30,2026-07-17 03:30:00,BUY,4001.187,3990.521,2026-07-17 03:57:03,3990.426,sl 3990.521,-10.76,104.78,10.665999999999713,-1.0088130508157032,27.05,3990.521,False,sl
2026-07-13_to_2026-07-19__M30,2026-07-13_to_2026-07-19,M30,2026-07-17 04:00:00,SELL,3991.38,4001.868,2026-07-17 05:52:26,3991.524,sl 3991.414,-0.14,104.64,10.487999999999829,-0.013348588863463224,112.43333333333334,3991.414,True,sl
2026-07-13_to_2026-07-19__M30,2026-07-13_to_2026-07-19,M30,2026-07-17 06:00:00,BUY,3985.304,3973.91,2026-07-17 08:28:17,3989.026,sl 3989.045,3.73,108.37,11.394000000000233,0.32736527997190834,148.28333333333333,3989.045,True,sl
2026-07-13_to_2026-07-19__M30,2026-07-13_to_2026-07-19,M30,2026-07-17 08:30:00,SELL,3992.574,4005.055,2026-07-17 13:04:44,3975.613,sl 3975.576,16.96,125.33,12.480999999999767,1.35886547552282,274.73333333333335,3975.576,True,sl
2026-07-13_to_2026-07-19__M30,2026-07-13_to_2026-07-19,M30,2026-07-17 13:30:00,SELL,3968.463,3978.785,2026-07-17 13:37:02,3978.825,sl 3978.785,-10.37,114.96,10.321999999999662,-1.0046502615772466,7.033333333333333,3978.785,False,sl
2026-07-13_to_2026-07-19__M30,2026-07-13_to_2026-07-19,M30,2026-07-17 14:00:00,SELL,3997.322,4009.698,2026-07-17 15:04:25,4009.249,sl 4009.099,-11.93,103.03,12.375999999999749,-0.9639625080801747,64.41666666666667,4009.099,True,sl
2026-07-13_to_2026-07-19__M30,2026-07-13_to_2026-07-19,M30,2026-07-17 15:30:00,BUY,4013.463,4000.175,2026-07-17 19:23:38,4003.877,sl 4003.923,-9.58,93.45,13.288000000000011,-0.7209512341962667,233.63333333333333,4003.923,True,sl
2026-07-13_to_2026-07-19__M30,2026-07-13_to_2026-07-19,M30,2026-07-17 19:30:00,SELL,4005.238,4019.212,2026-07-19 23:59:58,3995.766,end of test,9.47,102.92,13.97400000000016,0.6776871332474519,3149.9666666666667,,False,end
2026-07-27_to_2026-08-02__M30,2026-07-27_to_2026-08-02,M30,2026-07-27 00:00:00,SELL,4094.295,4104.133,2026-07-27 00:02:07,4104.287,sl 4104.133,-9.99,90.01,9.837999999999738,-1.0154502947753878,2.1166666666666667,4104.133,False,sl
2026-07-27_to_2026-08-02__M30,2026-07-27_to_2026-08-02,M30,2026-07-27 00:30:00,BUY,4094.527,4083.198,2026-07-27 02:50:27,4094.768,sl 4095.024,0.24,90.25,11.329000000000178,0.021184570571100382,140.45,4095.024,True,sl
2026-07-27_to_2026-08-02__M30,2026-07-27_to_2026-08-02,M30,2026-07-27 03:00:00,BUY,4093.693,4080.702,2026-07-27 07:58:52,4090.733,sl 4090.747,-2.96,87.29,12.990999999999985,-0.22785005003463962,298.8666666666667,4090.747,True,sl
2026-07-27_to_2026-08-02__M30,2026-07-27_to_2026-08-02,M30,2026-07-27 08:00:00,SELL,4088.963,4098.015,2026-07-27 09:06:47,4098.057,sl 4098.015,-9.1,78.19,9.052000000000135,-1.005302695536883,66.78333333333333,4098.015,False,sl
2026-07-27_to_2026-08-02__M30,2026-07-27_to_2026-08-02,M30,2026-07-27 09:30:00,BUY,4091.789,4083.732,2026-07-27 10:11:29,4088.213,sl 4088.245,-3.58,74.61,8.057000000000244,-0.4443341193992667,41.483333333333334,4088.245,True,sl
2026-07-27_to_2026-08-02__M30,2026-07-27_to_2026-08-02,M30,2026-07-27 10:30:00,SELL,4092.97,4101.025,2026-07-27 10:42:55,4101.128,sl 4101.025,-8.16,66.45,8.054999999999836,-1.0130353817504862,12.916666666666666,4101.025,False,sl
2026-07-27_to_2026-08-02__M30,2026-07-27_to_2026-08-02,M30,2026-07-27 11:00:00,SELL,4099.616,4107.917,2026-07-27 13:42:17,4089.517,sl 4089.481,10.1,76.55,8.301000000000386,1.2167208770027143,162.28333333333333,4089.481,True,sl
2026-07-27_to_2026-08-02__M30,2026-07-27_to_2026-08-02,M30,2026-07-27 14:00:00,SELL,4074.31,4084.892,2026-07-27 16:07:26,4081.523,sl 4081.468,-7.21,69.34,10.58199999999988,-0.6813456813456891,127.43333333333334,4081.468,True,sl
2026-07-27_to_2026-08-02__M30,2026-07-27_to_2026-08-02,M30,2026-07-27 16:30:00,SELL,4085.007,4095.733,2026-07-27 19:20:16,4087.395,sl 4087.274,-2.39,66.95,10.726000000000113,-0.22282304680216064,170.26666666666668,4087.274,True,sl
2026-07-27_to_2026-08-02__M30,2026-07-27_to_2026-08-02,M30,2026-07-27 19:30:00,SELL,4085.933,4096.304,2026-07-28 05:58:13,4045.762,sl 4045.693,40.17,107.12,10.371000000000095,3.873300549609453,628.2166666666667,4045.693,True,sl
2026-07-27_to_2026-08-02__M30,2026-07-27_to_2026-08-02,M30,2026-07-28 06:00:00,BUY,4045.402,4037.582,2026-07-28 08:11:31,4044.462,sl 4044.562,-0.94,106.18,7.820000000000164,-0.12020460358056013,131.51666666666668,4044.562,True,sl
2026-07-27_to_2026-08-02__M30,2026-07-27_to_2026-08-02,M30,2026-07-28 08:30:00,SELL,4049.495,4056.516,2026-07-28 11:15:25,4029.214,sl 4029.166,20.29,126.47,7.0210000000001855,2.8899017234011484,165.41666666666666,4029.166,True,sl
2026-07-27_to_2026-08-02__M30,2026-07-27_to_2026-08-02,M30,2026-07-28 11:30:00,SELL,4027.574,4036.454,2026-07-28 12:46:14,4036.575,sl 4036.454,-9.01,117.46,8.88000000000011,-1.0146396396396271,76.23333333333333,4036.454,False,sl
2026-07-27_to_2026-08-02__M30,2026-07-27_to_2026-08-02,M30,2026-07-28 13:00:00,BUY,4029.694,4020.097,2026-07-28 13:39:57,4021.656,sl 4021.781,-8.03,109.43,9.596999999999753,-0.8367198082734403,39.95,4021.781,True,sl
2026-07-27_to_2026-08-02__M30,2026-07-27_to_2026-08-02,M30,2026-07-28 14:00:00,BUY,4022.612,4012.361,2026-07-28 14:21:03,4018.033,sl 4018.200,-4.58,104.85,10.251000000000204,-0.44678567944589886,21.05,4018.2,True,sl
2026-07-27_to_2026-08-02__M30,2026-07-27_to_2026-08-02,M30,2026-07-28 14:30:00,BUY,4022.374,4010.891,2026-07-28 17:43:10,4028.529,sl 4028.530,6.16,111.01,11.48299999999972,0.5364451798310677,193.16666666666666,4028.53,True,sl
2026-07-27_to_2026-08-02__M30,2026-07-27_to_2026-08-02,M30,2026-07-28 18:00:00,SELL,4027.819,4039.271,2026-07-29 00:19:33,4026.584,sl 4026.536,1.24,112.25,11.452000000000226,0.1082780300384191,379.55,4026.536,True,sl
2026-07-27_to_2026-08-02__M30,2026-07-27_to_2026-08-02,M30,2026-07-29 00:30:00,BUY,4022.579,4015.229,2026-07-29 01:01:18,4016.516,sl 4016.633,-6.06,106.19,7.350000000000364,-0.8244897959183265,31.3,4016.633,True,sl
2026-07-27_to_2026-08-02__M30,2026-07-27_to_2026-08-02,M30,2026-07-29 01:30:00,BUY,4018.359,4010.666,2026-07-29 03:31:06,4025.184,sl 4025.295,6.82,113.01,7.692999999999756,0.8865202131808418,121.1,4025.295,True,sl
2026-07-27_to_2026-08-02__M30,2026-07-27_to_2026-08-02,M30,2026-07-29 04:00:00,SELL,4023.756,4032.789,2026-07-29 05:30:03,4032.825,sl 4032.789,-9.07,103.94,9.033000000000357,-1.0040960921066802,90.05,4032.789,False,sl
2026-07-27_to_2026-08-02__M30,2026-07-27_to_2026-08-02,M30,2026-07-29 06:00:00,BUY,4033.161,4024.314,2026-07-29 09:23:14,4034.879,sl 4034.926,1.72,105.66,8.847000000000207,0.19441618627782972,203.23333333333332,4034.926,True,sl
2026-07-27_to_2026-08-02__M30,2026-07-27_to_2026-08-02,M30,2026-07-29 09:30:00,SELL,4033.911,4040.571,2026-07-29 11:48:29,4034.533,sl 4034.524,-0.62,105.04,6.6599999999998545,-0.09309309309309513,138.48333333333332,4034.524,True,sl
2026-07-27_to_2026-08-02__M30,2026-07-27_to_2026-08-02,M30,2026-07-29 12:00:00,SELL,4032.665,4039.384,2026-07-29 12:39:32,4021.108,sl 4021.094,11.56,116.6,6.719000000000051,1.7204941211489675,39.53333333333333,4021.094,True,sl
2026-07-27_to_2026-08-02__M30,2026-07-27_to_2026-08-02,M30,2026-07-29 13:00:00,SELL,4022.6,4030.739,2026-07-29 14:23:09,4009.699,sl 4009.683,12.9,129.5,8.139000000000124,1.584961297456666,83.15,4009.683,True,sl
2026-07-27_to_2026-08-02__M30,2026-07-27_to_2026-08-02,M30,2026-07-29 14:30:00,BUY,4005.476,3995.864,2026-07-29 18:04:08,4065.75,sl 4065.754,60.27,189.77,9.61200000000008,6.270287141073606,214.13333333333333,4065.754,True,sl
2026-07-27_to_2026-08-02__M30,2026-07-27_to_2026-08-02,M30,2026-07-29 18:30:00,BUY,4067.977,4052.41,2026-07-29 18:32:27,4052.157,sl 4052.410,-15.82,173.95,15.567000000000007,-1.0162523286439258,2.45,4052.41,False,sl
2026-07-27_to_2026-08-02__M30,2026-07-27_to_2026-08-02,M30,2026-07-29 19:00:00,SELL,4106.591,4125.866,2026-07-29 22:04:09,4074.791,sl 4074.738,31.8,205.75,19.274999999999636,1.6498054474708483,184.15,4074.738,True,sl
2026-07-27_to_2026-08-02__M30,2026-07-27_to_2026-08-02,M30,2026-07-29 22:30:00,BUY,4075.077,4052.555,2026-07-30 00:43:34,4065.734,sl 4065.812,-9.35,194.8,22.52200000000039,-0.41514963147144296,133.56666666666666,4065.812,True,sl
2026-07-27_to_2026-08-02__M30,2026-07-27_to_2026-08-02,M30,2026-07-30 01:00:00,SELL,4072.084,4095.436,2026-07-30 07:15:30,4048.686,sl 4048.560,23.39,218.19,23.352000000000317,1.0016272696128676,375.5,4048.56,True,sl
2026-07-27_to_2026-08-02__M30,2026-07-27_to_2026-08-02,M30,2026-07-30 07:30:00,SELL,4045.742,4059.335,2026-07-30 08:19:49,4056.892,sl 4056.848,-11.15,207.04,13.592999999999847,-0.820275141617018,49.81666666666667,4056.848,True,sl
2026-07-27_to_2026-08-02__M30,2026-07-27_to_2026-08-02,M30,2026-07-30 08:30:00,BUY,4064.837,4050.665,2026-07-30 12:53:44,4067.032,sl 4067.042,2.19,209.23,14.172000000000025,0.15453005927180327,263.73333333333335,4067.042,True,sl
2026-07-27_to_2026-08-02__M30,2026-07-27_to_2026-08-02,M30,2026-07-30 13:00:00,SELL,4068.904,4081.917,2026-07-30 13:22:22,4082.002,sl 4081.917,-13.1,196.13,13.01299999999992,-1.0066856220702436,22.366666666666667,4081.917,False,sl
2026-07-27_to_2026-08-02__M30,2026-07-27_to_2026-08-02,M30,2026-07-30 13:30:00,BUY,4080.333,4066.694,2026-07-30 14:07:54,4096.826,sl 4096.920,16.5,212.63,13.639000000000124,1.2097661118850247,37.9,4096.92,True,sl
2026-07-27_to_2026-08-02__M30,2026-07-27_to_2026-08-02,M30,2026-07-30 14:30:00,BUY,4096.257,4079.359,2026-07-30 15:10:40,4087.701,sl 4087.709,-8.56,204.07,16.897999999999683,-0.5065688247129932,40.666666666666664,4087.709,True,sl
2026-07-27_to_2026-08-02__M30,2026-07-27_to_2026-08-02,M30,2026-07-30 15:30:00,BUY,4096.125,4079.729,2026-07-31 00:29:13,4095.996,sl 4096.017,-0.13,203.41,16.396000000000186,-0.00792876311295429,539.2166666666667,4096.017,True,sl
2026-07-27_to_2026-08-02__M30,2026-07-27_to_2026-08-02,M30,2026-07-31 00:30:00,BUY,4096.608,4087.468,2026-07-31 01:15:25,4088.151,sl 4088.211,-8.46,194.95,9.140000000000327,-0.9256017505470129,45.416666666666664,4088.211,True,sl
2026-07-27_to_2026-08-02__M30,2026-07-27_to_2026-08-02,M30,2026-07-31 01:30:00,SELL,4092.134,4101.255,2026-07-31 06:16:51,4085.135,sl 4085.106,6.99,201.94,9.121000000000095,0.7663633373533525,286.85,4085.106,True,sl
2026-07-27_to_2026-08-02__M30,2026-07-27_to_2026-08-02,M30,2026-07-31 06:30:00,SELL,4084.811,4093.514,2026-07-31 14:21:12,4035.859,sl 4035.853,48.95,250.89,8.702999999999975,5.6244972997817015,471.2,4035.853,True,sl
2026-07-27_to_2026-08-02__M30,2026-07-27_to_2026-08-02,M30,2026-07-31 14:30:00,BUY,4038.906,4027.988,2026-08-02 22:24:37,4065.088,sl 4065.126,26.18,276.54,10.91800000000012,2.3978750686938737,3354.616666666667,4065.126,True,sl
2026-07-27_to_2026-08-02__M30,2026-07-27_to_2026-08-02,M30,2026-08-02 22:30:00,SELL,4065.866,4076.548,2026-08-02 23:59:58,4074.831,end of test,-8.96,267.58,10.681999999999789,-0.8387942332896627,89.96666666666667,,False,end
2026-08-17_to_2026-08-23__M30,2026-08-17_to_2026-08-23,M30,2026-08-17 00:00:00,SELL,4370.434,4378.464,2026-08-17 00:11:19,4378.522,sl 4378.464,-8.09,91.91,8.029999999999745,-1.0074719800747518,11.316666666666666,4378.464,False,sl
2026-08-17_to_2026-08-23__M30,2026-08-17_to_2026-08-23,M30,2026-08-17 00:30:00,SELL,4389.832,4398.778,2026-08-17 00:52:33,4398.921,sl 4398.778,-9.09,82.82,8.945999999999913,-1.016096579476871,22.55,4398.778,False,sl
2026-08-17_to_2026-08-23__M30,2026-08-17_to_2026-08-23,M30,2026-08-17 01:00:00,SELL,4401.007,4410.363,2026-08-17 01:06:51,4410.442,sl 4410.363,-9.43,73.39,9.356000000000677,-1.0079093629755578,6.85,4410.363,False,sl
2026-08-17_to_2026-08-23__M30,2026-08-17_to_2026-08-23,M30,2026-08-17 01:30:00,SELL,4407.358,4417.431,2026-08-17 06:52:54,4404.384,sl 4404.380,2.98,76.37,10.07299999999941,0.2958403653330859,322.9,4404.38,True,sl
2026-08-17_to_2026-08-23__M30,2026-08-17_to_2026-08-23,M30,2026-08-17 07:00:00,SELL,4402.926,4414.564,2026-08-17 10:29:52,4405.079,sl 4404.907,-2.15,74.22,11.63799999999992,-0.1847396459872843,209.86666666666667,4404.907,True,sl
2026-08-17_to_2026-08-23__M30,2026-08-17_to_2026-08-23,M30,2026-08-17 10:30:00,BUY,4405.151,4396.102,2026-08-17 10:37:34,4396.041,sl 4396.102,-9.11,65.11,9.048999999999978,-1.0067410763620313,7.566666666666666,4396.102,False,sl
2026-08-17_to_2026-08-23__M30,2026-08-17_to_2026-08-23,M30,2026-08-17 11:00:00,SELL,4399.166,4408.494,2026-08-17 13:38:43,4391.844,sl 4391.828,7.33,72.44,9.32799999999952,0.7858061749571588,158.71666666666667,4391.828,True,sl
2026-08-17_to_2026-08-23__M30,2026-08-17_to_2026-08-23,M30,2026-08-17 14:00:00,SELL,4408.882,4420.2,2026-08-17 14:19:27,4420.24,sl 4420.200,-11.36,61.08,11.318000000000211,-1.0037109029863747,19.45,4420.2,False,sl
2026-08-17_to_2026-08-23__M30,2026-08-17_to_2026-08-23,M30,2026-08-17 14:30:00,SELL,4418.148,4430.516,2026-08-17 19:25:52,4417.481,sl 4417.371,0.67,61.75,12.367999999999483,0.054172056921088944,295.8666666666667,4417.371,True,sl
2026-08-17_to_2026-08-23__M30,2026-08-17_to_2026-08-23,M30,2026-08-17 19:30:00,BUY,4414.589,4401.673,2026-08-18 01:19:16,4422.636,sl 4422.698,8.05,69.27,12.916000000000167,0.6232579746051329,349.26666666666665,4422.698,True,sl
2026-08-17_to_2026-08-23__M30,2026-08-17_to_2026-08-23,M30,2026-08-18 01:30:00,BUY,4425.251,4415.932,2026-08-18 01:43:14,4415.869,sl 4415.932,-9.38,59.89,9.319000000000415,-1.006545766713122,13.233333333333333,4415.932,False,sl
2026-08-17_to_2026-08-23__M30,2026-08-17_to_2026-08-23,M30,2026-08-18 02:00:00,BUY,4408.182,4397.961,2026-08-18 02:33:59,4397.895,sl 4397.961,-10.28,49.61,10.220999999999549,-1.0057724293122448,33.983333333333334,4397.961,False,sl
